name,logAge,logMass
MWSC_4688,9.39,1.4548448600085102
MWSC_5684,9.18,1.414973347970818
MWSC_5692,8.93,1.146128035678238
MWSC_4005,9.375,1.3222192947339193
MWSC_4176,9.315,1.8893017025063104
ESO_008-06,9.3,1.591064607026499
MWSC_4219,9.1,1.6766936096248666
MWSC_5575,9.2,1.0
MWSC_4682,9.28,1.462397997898956
MWSC_5685,9.15,1.505149978319906
MWSC_5681,8.98,1.3117538610557542
FSR_1626,9.6,1.7363965022766426
FSR_1631,9.5,1.6989700043360187
FSR_1629,9.7,1.591064607026499
MWSC_5688,8.99,1.0969100130080565
ESO_026-02,9.7,1.3424226808222062
MWSC_4137,9.21,1.6180480967120927
Melotte_227,9.7,1.8356905714924256
MWSC_5679,8.5,1.4065401804339552
MWSC_5572,9.3,0.8450980400142568
MWSC_5749,9.345,1.3710678622717363
ESO_021-06,9.5,1.6483600109809315
MWSC_5672,9.49,1.2174839442139063
MWSC_4114,9.4,1.4771212547196624
MWSC_5680,9.3,1.469822015978163
FSR_1607,9.565,1.5378190950732742
MWSC_5698,8.89,1.3891660843645324
FSR_1675,9.2,1.423245873936808
MWSC_4140,9.28,1.7481880270062005
FSR_1640,9.2,1.591064607026499
FSR_1579,9.5,1.5118833609788744
Chamaleon_I,6.0,1.5740312677277188
MWSC_4668,9.1,1.0413926851582251
FSR_1639,9.3,1.6020599913279623
NGC_1520,9.43,0.6989700043360189
FSR_1577,9.6,1.6074550232146685
FSR_1598,9.7,1.462397997898956
MWSC_5676,9.15,1.462397997898956
ESO_043-13,9.315,1.5622928644564746
FSR_1647,9.455,1.6812412373755872
FSR_1642,9.5,1.591064607026499
MWSC_4138,9.28,1.711807229041191
MWSC_5671,9.4,1.505149978319906
FSR_1692,9.45,1.5118833609788744
FSR_1566,9.43,1.5563025007672873
FSR_1667,9.35,1.845098040014257
FSR_1638,9.5,1.423245873936808
ESO_065-07,9.4,1.5250448070368452
FSR_1658,9.55,1.8325089127062364
MWSC_5691,8.35,1.290034611362518
NGC_1557,9.5,1.0
NGC_5359,8.75,2.673
MWSC_5674,9.35,1.3324384599156054
FSR_1572,9.35,1.4471580313422192
ASCC_69,7.91,3.264
ESO_065-03,8.96,1.6384892569546374
ASCC_51,8.54,2.79
FSR_1661,9.4,1.5965970956264601
ESO_062-08,9.44,1.130333768495006
FSR_1568,9.35,1.662757831681574
ESO_062-11,9.08,0.9159999999999999
FSR_1593,9.455,1.7781512503836436
MWSC_4483,9.31,1.7520484478194385
ESO_064-05,7.885,1.7403626894942439
NGC_1901,8.85,2.095
ASCC_78,9.38,3.2560000000000002
Collinder_261,9.7,2.323252100171687
FSR_1650,9.0,1.7634279935629373
Ruprecht_163,9.365,1.4771212547196624
FSR_1554,9.05,1.505149978319906
FSR_1654,8.78,1.2430380486862944
ASCC_71,8.0,3.832
Ruprecht_110,8.7,2.515
NGC_2348,9.475,1.3324384599156054
ASCC_73,8.19,2.636
vdBergh-Hagen_140,9.4,1.6334684555795864
FSR_1597,9.3,1.5440680443502757
Collinder_268,8.79,1.505149978319906
FSR_1623,8.9,1.7520484478194385
MWSC_5694,9.0,1.2041199826559248
ASCC_57,9.26,3.667
FSR_1656,9.25,1.6334684555795864
FSR_1514,9.5,1.1760912590556813
FSR_1617,8.9,1.7201593034059568
ASCC_76,7.75,2.315
vdBergh-Hagen_164,7.1,2.315
Collinder_269,8.55,2.4730000000000003
Alessi_6,8.32,1.8
Collinder_277,8.3,1.2304489213782739
vdBergh-Hagen_144,9.0,1.1903316981702914
NGC_1641,9.52,1.591064607026499
DBSB_72,6.1,1.2671717284030137
DBSB_88,7.85,1.0
Loden_1002,8.0,1.662757831681574
Loden_757,8.07,1.5440680443502757
Ruprecht_84,8.56,2.311
FSR_1605,9.5,1.6857417386022637
Melotte_101,8.1,3.262
FSR_1584,8.875,1.5314789170422551
NGC_4815,8.6,1.5378190950732742
Ruprecht_107,8.235,1.0969100130080565
Loden_995,8.625,3.9939999999999998
FSR_1685,9.25,1.3979400086720377
DBSB_73,6.5,1.1139433523068367
ESO_099-06,8.9,1.4548448600085102
FSR_1693,9.11,1.6384892569546374
ESO_092-05,9.3,1.2787536009528289
NGC_4463,7.97,1.821
Loden_615,8.63,2.088
FSR_1678,9.0,1.6283889300503116
NGC_5288,9.1,1.7888751157754168
FSR_1541,9.4,1.4471580313422192
ESO_097-15,8.25,1.4842998393467859
ESO_092-18,9.15,1.2430380486862944
Ruprecht_98,8.8,2.418
Loden_848,8.75,1.9084850188786497
FSR_1641,8.95,1.380211241711606
FSR_1585,9.145,1.7853298350107671
ASCC_82,8.6,2.569
IC_2602,8.345,2.8289999999999997
ASCC_70,6.92,4.566
ASCC_56,8.635,2.728
Loden_894,9.04,1.6074550232146685
MWSC_4463,9.15,1.7958800173440752
Collinder_271,7.2,1.2430380486862944
Juchert_13,9.0,1.4065401804339552
vdBergh-Hagen_132,8.45,2.0718820073061255
Ruprecht_99,8.375,1.2570000000000001
vdBergh-Hagen_111,8.35,3.267
NGC_6588,9.4,1.5314789170422551
DBSB_79,8.4,1.4913616938342726
Teutsch_79,8.78,1.3891660843645324
Saurer_4,9.18,0.9030899869919435
IC_2948,6.6,2.92
Ruprecht_94,7.0,4.418
Melotte_105,8.375,1.9493900066449128
NGC_5155,7.4,1.7323937598229686
FSR_1616,8.3,1.8512583487190752
NGC_5045,7.955,3.813
Platais_12,8.4,3.5069999999999997
Loden_1375,7.9,1.711807229041191
vdBergh-Hagen_131,9.2,1.550228353055094
vdBergh-Hagen_121,6.64,4.4430000000000005
vdBergh-Hagen_150,7.5,1.5378190950732742
DBSB_69,6.6,1.0969100130080565
DBSB_75,6.0,1.4313637641589874
FSR_1622,8.6,1.7403626894942439
NGC_4052,8.4,2.265
SAI_118,7.3,1.9084850188786497
Ruprecht_88,8.98,1.6020599913279623
DBSB_68,8.525,1.1613680022349748
Hogg_15,6.6,1.5250448070368452
FSR_1653,8.85,1.6180480967120927
Ruprecht_101,8.87,2.062581984228163
Dias_4,9.26,1.5314789170422551
NGC_4609,8.1,1.944
IC_2944,6.25,3.43
NGC_5281,7.76,2.135
DBSB_129,6.0,1.2787536009528289
NGC_5269,8.52,1.9777236052888478
Loden_1373,7.95,1.6483600109809315
MWSC_5696,8.55,1.255272505103306
Trumpler_21,7.85,2.824
IC_2714,8.65,2.235
Ruprecht_102,7.5,2.100370545117563
FSR_1591,8.7,1.591064607026499
Ruprecht_97,8.65,1.3710678622717363
Danks_1,6.0,1.0
NGC_3036,8.99,1.969
Danks_2,6.3,1.1139433523068367
DBSB_85,7.45,1.2174839442139063
FSR_1595,6.35,1.9912260756924949
Ruprecht_100,8.6,1.7442929831226763
Teutsch_77,7.7,1.3222192947339193
Ruprecht_112,8.74,1.9890046156985368
Stock_14,6.8,2.8289999999999997
Lynga_15,7.4,1.6857417386022637
Loden_807,8.3,1.9809999999999999
DBSB_60,6.75,1.2041199826559248
FSR_1659,8.315,1.968482948553935
Loden_467,6.6,1.5314789170422551
Bica_5,8.88,1.6580113966571124
C1331-622,9.25,1.7634279935629373
DBSB_133,8.335,1.6989700043360187
ASCC_75,6.65,3.955
Basel_18,7.92,3.2760000000000002
FSR_1586,8.7,1.845098040014257
Ruprecht_162,8.385,1.2304489213782739
DBSB_70,7.7,1.3222192947339193
SAI_116,8.685,1.5440680443502757
MWSC_5697,9.25,1.505149978319906
ESO_132-14,9.15,1.6483600109809315
Ruprecht_96,9.06,1.425
Lynga_1,8.39,3.2060000000000004
FSR_1630,6.4,1.8603380065709938
Pismis_18,8.975,1.7958800173440752
Loden_991,7.25,1.8721562727482928
Loden_1339,8.09,1.4471580313422192
FSR_1645,8.0,2.12057393120585
NGC_4349,8.41,3.6439999999999997
NGC_5316,8.23,3.0410000000000004
DBSB_78,6.0,1.0969100130080565
Loden_213,8.875,1.568201724066995
Loden_624,7.6,2.698535492562001
FSR_1669,8.0,1.845098040014257
Loden_1101,6.55,1.9637878273455553
ESO_137-43,8.9,1.3979400086720377
Kronberger_39,6.0,0.5440680443502757
ESO_137-23,9.55,1.6283889300503116
Bochum_12,7.995,2.83
Loden_1409,8.0,2.3106933123433606
Ruprecht_92,7.65,3.512
DBSB_77,6.3,1.1760912590556813
NGC_3766,7.95,3.0460000000000003
Trumpler_11,8.155,0.9542425094393249
DBSB_80,6.9,1.2041199826559248
Ruprecht_105,9.1,1.889
FSR_1668,8.9,2.03342375548695
DBSB_66,6.0,1.3710678622717363
vdBergh-Hagen_110,8.0,1.0606978403536116
FSR_1666,8.15,2.1055101847699738
Loden_1256,8.58,2.964
Ruprecht_93,8.755,2.101
Hogg_17,8.15,1.8779469516291882
Collinder_272,7.02,3.156
Lynga_2,8.43,2.2030000000000003
DBSB_62,6.9,1.3521825181113625
Loden_481,8.385,3.432
Ruprecht_161,8.45,2.85
Shorlin_2,6.0,0.7403626894942439
NGC_4103,7.755,3.072
Shorlin_1,6.5,1.2787536009528289
Hogg_16,7.95,1.456
Alessi_5,7.765,1.568
Trumpler_22,8.495,2.34
Ruprecht_95,8.495,1.3222192947339193
ASCC_65,6.85,4.457
Collinder_236,8.45,2.019
Loden_306,6.76,3.3689999999999998
NGC_2609,8.48,1.0791812460476249
ESO_129-32,8.6,1.4548448600085102
ASCC_67,7.67,2.9389999999999996
Hogg_8,8.9,1.3521825181113625
NGC_5168,8.25,2.616
ASCC_72,8.205,2.983
Hogg_23,8.31,2.0709999999999997
ASCC_68,8.6,1.656
ASCC_64,8.1,2.7889999999999997
Pismis_19,9.015,1.7363965022766426
NGC_3590,7.4,2.832
Hogg_12,7.6,1.5378190950732742
NGC_2516,8.475,2.396
Ruprecht_164,7.7,1.6230000000000002
Hogg_7,6.0,1.1613680022349748
ASCC_84,7.85,2.293
MWSC_4486,9.3,1.5118833609788744
NGC_5617,8.25,2.7319999999999998
Teutsch_143a,6.6,1.667452952889954
Loden_402,8.4,3.517
Loden_172,8.0,1.7323937598229686
Loden_565,8.375,1.8769999999999998
Loden_682,8.47,1.858
NGC_3255,9.05,1.414973347970818
Trumpler_18,7.69,2.316
Trumpler_20,9.325,2.3820170425748683
ASCC_79,6.95,3.367
Loden_309,8.05,0.9129999999999999
Hogg_6,8.505,1.939
Teutsch_80,7.75,2.095169351431755
DBSB_87,8.0,1.3222192947339193
Ruprecht_104,8.89,1.6074550232146685
ASCC_63,7.25,3.775
Ruprecht_159,9.2,1.667452952889954
Hogg_11,6.99,1.3117538610557542
Hogg_10,6.785,1.4913616938342726
DBSB_136,6.0,1.667452952889954
FSR_1686,8.5,1.5622928644564746
ESO_123-26,8.53,1.755
NGC_3496,8.895,2.298
Trumpler_12,9.205,2.109
NGC_3572,6.925,2.6310000000000002
Hogg_13,8.65,1.130333768495006
Sher_1,6.715,0.6989700043360189
Loden_1010,8.825,2.3080000000000003
MWSC_4408,8.495,1.6127838567197355
Collinder_275,8.6,1.7403626894942439
FSR_1663,8.15,1.7817553746524688
Trumpler_13,8.825,1.7323937598229686
Bochum_9,8.09,1.8230000000000002
ASCC_80,8.375,3.31
NGC_3114,8.3,3.159
NGC_4439,7.71,1.288
FSR_1721,9.3,1.6434526764861874
ASCC_62,6.995,4.428999999999999
Bochum_11,6.0,1.0
NGC_5043,8.6,2.12
FSR_1680,8.59,1.7160033436347992
MWSC_5723,9.13,1.3617278360175928
Ruprecht_111,8.92,1.9708116108725178
MWSC_4116,9.125,1.5622928644564746
NGC_5299,8.7,1.841984804590114
NGC_2132,9.045,1.414973347970818
Collinder_223,8.2,2.9019999999999997
DBSB_89,6.0,1.2041199826559248
Feinstein_1,7.2,3.611
Hogg_14,8.1,1.4393326938302626
Loden_821,7.455,3.968
Loden_1095,8.55,1.6232492903979006
Loden_1194,8.705,1.3319999999999999
Loden_1225,8.67,2.787
ESO_130-13,8.445,2.1687920203141817
Pismis_21,8.11,1.8228216453031045
NGC_5606,7.35,3.634
FSR_1698,8.56,1.6812412373755872
DBSB_51,7.0,1.2787536009528289
NGC_5381,8.65,2.247973266361807
NGC_4852,8.635,2.718
vdBergh-Hagen_155,8.44,1.916453948549925
Teutsch_106,8.78,1.2041199826559248
ESO_130-08,9.01,1.93
SAI_113,8.96,1.591064607026499
Ruprecht_113,8.345,3.187
FSR_1689,9.275,1.6232492903979006
Turner_6,6.6,1.3117538610557542
ASCC_53,8.0,4.168
Teutsch_31,8.78,1.3891660843645324
Ruprecht_86,8.8,1.4393326938302626
Loden_1152,8.065,2.1383026981662816
FSR_1479,9.2,1.3010299956639813
ESO_130-06,7.3,3.215
DBSB_43,6.0,1.3117538610557542
Loden_915,8.445,1.574
FSR_1700,8.905,1.5440680443502757
Platais_10,8.34,3.1689999999999996
Trumpler_17,7.775,2.775
NGC_5284,7.0,1.863322860120456
FSR_1470,8.63,1.414973347970818
FSR_1535,8.865,1.6532125137753437
DC_5,6.05,1.6434526764861874
Platais_8,7.75,3.0810000000000004
ESO_134-12,8.9,1.6901960800285136
vdBergh-Hagen_99,8.0,1.984
Loden_1282,8.15,1.8836614351536176
Bochum_10,6.93,3.345
Loden_280,8.91,0.9030899869919435
Pismis_20,7.5,1.5797835966168101
Hogg_9,7.9,1.021189299069938
Basel_17,7.975,2.065
NGC_5138,7.55,3.28
Ruprecht_167,7.245,3.325
FSR_1651,9.4,2.0530784434834195
DBSB_64,6.2,1.7032913781186614
Stock_13,7.37,3.3
FSR_1713,9.3,1.3710678622717363
ASCC_74,8.63,1.483
Loden_143,8.45,2.595
Loden_2045,6.8,2.0644579892269186
Carraro_1,9.1,1.1613680022349748
NGC_3532,8.65,2.56
FSR_1657,9.0,1.8260748027008264
FSR_1682,9.16,2.2671717284030137
Loden_1202,8.645,1.6232492903979006
vdBergh-Hagen_91,8.35,1.6380000000000001
vdBergh-Hagen_118,9.045,1.3117538610557542
ESO_139-54,8.99,1.3324384599156054
FSR_1580,8.9,1.2787536009528289
ASCC_60,8.125,1.2890000000000001
Loden_372,8.32,1.742
Ruprecht_108,8.675,2.055
DBSB_139,7.5,1.3891660843645324
Ruprecht_103,9.11,1.5965970956264601
FSR_1625,8.875,1.816241299991783
Loden_480,8.7,2.166
Loden_1171,8.59,0.552
Lynga_3,8.915,1.8864907251724818
DBSB_140,7.3,1.4913616938342726
Loden_2158,8.5,1.8721562727482928
ESO_128-16,8.84,1.86
NGC_3293,6.75,2.28
vdBergh-Hagen_84,7.7,1.5854607295085006
ESO_129-19,9.0,1.3222192947339193
Loden_1378,8.84,2.041392685158225
ESO_139-13,8.78,1.4809999999999999
Ruprecht_89,8.98,1.232
Loden_2159,8.5,1.9242792860618816
Loden_153,6.3,3.181
Loden_28,7.405,4.415
FSR_1674,9.5,1.9867717342662448
NGC_4337,9.15,1.6857417386022637
vdBergh-Hagen_90,8.465,1.7283537820212285
DBSB_48,8.25,1.255272505103306
Collinder_220,8.57,1.9420080530223132
ESO_141-47,9.445,1.3010299956639813
Loden_1177,9.175,1.8948696567452525
ESO_131-09,8.9,1.7323937598229686
Loden_1289,8.6,1.9057958803678685
NGC_1252,9.5,1.1613680022349748
DBSB_40,7.985,0.6989700043360189
DBSB_92,7.4,1.6384892569546374
ASCC_59,8.46,2.1919999999999997
FSR_1696,8.61,1.7634279935629373
IC_2581,7.32,3.3310000000000004
Collinder_292,8.7,2.988
FSR_1583,8.6,1.5185139398778875
NGC_5715,8.97,1.7993405494535817
FSR_1524,8.75,1.6989700043360187
Trumpler_19,9.65,2.0211892990699383
MWSC_4349,8.805,1.6232492903979006
Ruprecht_91,8.405,1.82
NGC_6005,9.06,1.3521825181113625
FSR_1527,6.2,1.4065401804339552
FSR_1621,8.0,1.662757831681574
FSR_1530,8.8,1.3010299956639813
FSR_1620,9.185,1.5118833609788744
MWSC_4119,8.985,1.5965970956264601
FSR_1608,9.2,1.8095597146352678
FSR_1718,9.5,1.0969100130080565
ASCC_55,8.45,2.49
DBSB_125,8.38,1.3222192947339193
IC_2488,8.445,3.008
FSR_1701,8.4,1.3324384599156054
Turner_7,9.0,2.0433622780211294
ESO_175-06,8.6,1.2590000000000001
Ruprecht_114,8.9,1.4842998393467859
ASCC_61,7.665,3.8160000000000003
FSR_1569,9.2,1.1139433523068367
FSR_1602,9.1,1.5314789170422551
Loden_89,8.3,1.551
Loden_112,6.96,3.4560000000000004
DBSB_93,8.2,1.6020599913279623
Lynga_5,8.975,2.1492191126553797
FSR_1521,8.705,1.9294189257142926
Loden_27,6.6,1.6989700043360187
vdBergh-Hagen_78,8.6,1.290034611362518
FSR_1697,8.06,1.806179973983887
NGC_5999,8.6,1.3222192947339193
Basel_20,7.5,1.9319661147281726
Ruprecht_165,9.115,1.2430380486862944
NGC_3033,8.62,2.022
vdBergh-Hagen_92,8.91,1.9493900066449128
Loden_189,7.99,2.459
DBSB_141,6.0,1.414973347970818
FSR_1648,8.34,1.7442929831226763
Ruprecht_75,9.09,1.2304489213782739
Hogg_2,8.2,1.1903316981702914
vdBergh-Hagen_58,9.17,1.1139433523068367
FSR_1507,8.8,1.6020599913279623
FSR_1649,9.15,1.8260748027008264
FSR_1531,6.6,1.4548448600085102
FSR_1610,9.3,1.7781512503836436
FSR_1688,8.455,1.5622928644564746
ESO_165-09,8.915,0.693
Schuster_1,6.8,1.2671717284030137
Loden_1,8.3,0.823
FSR_1513,8.92,2.062581984228163
NGC_3960,9.11,1.816241299991783
NGC_5823,8.96,2.036
ASCC_66,7.76,2.864
vdBergh-Hagen_87,7.3,1.921686475483602
Saurer_3,9.3,1.4548448600085102
Lynga_4,8.55,2.2135177569963047
FSR_1536,9.1,1.591064607026499
Ruprecht_77,7.95,1.146128035678238
NGC_4230,8.945,1.2174839442139063
FSR_1509,8.85,1.7201593034059568
Ruprecht_85,8.7,2.0469999999999997
FSR_1703,8.55,1.4842998393467859
ASCC_58,7.2,2.521
Loden_46,8.0,2.1
FSR_1517,8.81,1.662757831681574
NGC_5593,8.77,1.5590000000000002
NGC_3105,7.4,1.4065401804339552
vdBergh-Hagen_66,8.87,4.618
vdBergh-Hagen_75,8.85,1.8228216453031045
Hogg_4,8.3,1.4771212547196624
Ruprecht_83,6.4,1.9867717342662448
Loden_2115,8.96,2.325310371711061
NGC_5925,8.25,1.8543060418010806
FSR_1518,7.6,1.591064607026499
NGC_5749,8.0,1.319
Teutsch_44,9.15,1.6232492903979006
ASCC_54,8.865,2.736
NGC_5822,8.84,3.247
FSR_1709,8.5,1.8027737252919758
vdBergh-Hagen_106,9.265,1.5314789170422551
ASCC_52,7.95,3.332
NGC_6067,7.97,2.8739999999999997
FSR_1646,9.35,1.7888751157754168
Moffat_1,6.8,1.6384892569546374
NGC_3330,8.565,1.911
Loden_59,8.3,1.5119999999999998
NGC_6031,8.195,1.863322860120456
Ruprecht_82,8.37,2.891
DBSB_94,8.22,1.255272505103306
FSR_1500,8.58,1.3617278360175928
FSR_1440,8.76,1.6580113966571124
ESO_166-04,8.26,1.778
ESO_168-04,9.315,1.5563025007672873
MWSC_5701,8.75,1.423245873936808
Ruprecht_79,7.265,3.6719999999999997
FSR_1561,9.115,1.6857417386022637
FSR_1716,9.225,1.7958800173440752
NGC_6208,9.28,1.149
Ruprecht_78,7.25,3.037
FSR_1690,9.135,1.7596678446896306
MWSC_4410,8.9,1.9822712330395684
Harvard_9,8.25,1.8836614351536176
Trumpler_23,8.96,1.7781512503836436
FSR_1556,8.9,1.3521825181113625
NGC_2925,7.805,2.354
vdBergh-Hagen_79,8.4,2.070037866607755
FSR_1652,9.1,1.841984804590114
Miller_1,6.6,1.0413926851582251
Pismis_16,7.1,2.042
DBSB_39,7.4,1.255272505103306
FSR_1729,9.38,1.591064607026499
vdBergh-Hagen_72,8.7,1.591064607026499
IC_2391,8.05,1.9669999999999999
ASCC_42,8.15,2.786
NGC_2669,8.405,2.615
SAI_108,8.755,1.6946051989335686
NGC_2910,7.2,2.687
Teutsch_48,8.975,1.5250448070368452
ASCC_83,8.1,1.6880000000000002
Pismis_14,8.355,1.7558748556724915
FSR_1478,8.61,1.6384892569546374
NGC_6253,9.7,2.1055101847699738
NGC_5764,8.475,2.0170333392987803
NGC_6152,8.63,3.049
FSR_1712,8.6,2.184691430817599
Loden_2326,8.83,1.8228216453031045
Loden_2313,8.29,2.825
Ruprecht_115,9.135,1.6483600109809315
Johansson_1,8.725,2.6641717053619307
Teutsch_66,8.19,1.3979400086720377
Hogg_18,7.95,2.2319999999999998
FSR_1560,9.135,1.6434526764861874
FSR_1496,9.35,1.4471580313422192
ESO_211-01,8.76,1.568201724066995
DBSB_156,7.3,1.5797835966168101
Ruprecht_116,8.95,1.364
FSR_1485,8.88,1.7283537820212285
Ruprecht_118,8.94,1.5378190950732742
Lynga_6,7.45,1.9294189257142926
NGC_5800,9.25,1.99563519459755
Ruprecht_117,8.95,1.0969100130080565
Pismis_22,8.2,1.3979400086720377
ESO_236-07,9.75,1.3979400086720377
DBSB_157,7.95,1.3424226808222062
MWSC_4429,9.045,2.197280558125619
NGC_3228,8.42,0.8320000000000001
ESO_229-02,9.7,1.6580113966571124
Ruprecht_76,8.15,1.8325089127062364
vdBergh-Hagen_88,9.1,1.8260748027008264
FSR_1740,9.4,1.8573324964312685
DBSB_158,8.705,1.8293037728310249
Ruprecht_119,8.435,1.726
ESO_231-30,9.5,1.5118833609788744
DBSB_144,6.0,1.4842998393467859
FSR_1604,9.6,1.8356905714924256
Ruprecht_176,8.76,1.1760912590556813
vdBergh-Hagen_67,8.835,2.0530784434834195
MWSC_5670,8.95,1.414973347970818
FSR_1489,9.015,1.7160033436347992
ESO_226-06,8.475,1.5622928644564746
NGC_2866,7.95,1.662757831681574
FSR_1447,9.1,1.290034611362518
ASCC_81,8.75,2.269
Collinder_307,7.25,2.037426497940624
FSR_1446,9.1,1.3891660843645324
Mamajek_4,8.815,1.792391689498254
Collinder_213,8.87,2.227
Ruprecht_73,8.88,1.3324384599156054
DBSB_100,8.55,1.3424226808222062
DBSB_161,6.0,1.5563025007672873
SAI_109,9.0,1.3979400086720377
Lynga_12,9.25,2.070037866607755
DBSB_159,6.62,1.7442929831226763
Ruprecht_87,8.985,1.2041199826559248
DBSB_162,6.3,1.3324384599156054
FSR_1484,8.645,1.8129133566428555
FSR_1673,9.5,1.2787536009528289
FSR_1714,8.5,2.265996370495079
ASCC_44,7.9,3.3710000000000004
Hogg_1,8.635,1.462397997898956
DBSB_99,7.7,1.6434526764861874
NGC_2972,8.73,1.667452952889954
DBSB_163,8.32,1.6766936096248666
ESO_211-09,8.7,1.423245873936808
FSR_1498,6.0,1.505149978319906
ESO_211-03,9.035,1.9030899869919435
Lynga_8,9.29,1.3710678622717363
vdBergh-Hagen_73,8.9,1.7781512503836436
FSR_1715,8.485,1.5740312677277188
DBSB_164,7.3,1.255272505103306
FSR_1725,8.0,1.8356905714924256
SAI_91,8.83,1.4393326938302626
Pismis_11,6.0,1.2787536009528289
DBSB_166,6.2,1.4471580313422192
IC_4651,9.25,2.085
MWSC_4545,9.31,1.6384892569546374
DBSB_102,6.1,1.3424226808222062
NGC_6167,8.19,2.582
FSR_1676,9.45,1.7781512503836436
FSR_1727,8.87,1.724275869600789
FSR_1474,7.525,1.3424226808222062
DBSB_170,8.0,0.9294189257142927
vdBergh-Hagen_85,8.8,1.4913616938342726
DBSB_167,6.2,1.255272505103306
FSR_1719,9.4,1.7958800173440752
FSR_1732,9.3,1.9493900066449128
vdBergh-Hagen_63,8.775,1.5185139398778875
NGC_2547,7.89,1.6280000000000001
FSR_1695,9.38,1.4771212547196624
NGC_6134,9.015,1.389
Hogg_19,9.015,1.9084850188786497
Collinder_205,7.03,2.432
Pismis_23,8.565,1.3117538610557542
NGC_2670,8.14,1.636
NGC_6193,6.7,2.772
Lynga_9,8.82,1.7403626894942439
FSR_1454,8.9,1.4471580313422192
FSR_1609,9.35,1.414973347970818
ASCC_46,7.8,3.1289999999999996
Ruprecht_120,8.45,1.5740312677277188
Ruprecht_63,8.9,1.5378190950732742
NGC_3909,9.515,1.711807229041191
IC_2395,7.27,2.503
Harvard_13,9.285,1.6232492903979006
FSR_1468,8.3,1.5965970956264601
Pismis_15,9.095,1.8893017025063104
DBSB_36,7.5,0.9542425094393249
FSR_1452,9.05,1.5563025007672873
FSR_1400,9.035,1.380211241711606
FSR_1460,8.835,2.1020905255118367
DBSB_34,8.15,0.9030899869919435
FSR_1419,8.375,1.1760912590556813
Hogg_21,7.45,1.6020599913279623
Muzzio_1,6.5,1.7442929831226763
ESO_260-06,8.1,1.423245873936808
Melotte_66,9.365,1.9890046156985368
Hogg_20,7.45,1.5440680443502757
Ruprecht_69,9.0,1.5118833609788744
DBSB_35,6.8,1.2430380486862944
NGC_6200,7.0,3.281
FSR_1443,8.77,1.9845273133437926
FSR_1471,8.82,1.7481880270062005
Patchick_94,6.55,1.4771212547196624
DBSB_169,7.75,0.9030899869919435
Ruprecht_60,8.6,1.3324384599156054
NGC_2660,9.1,1.5118833609788744
Alessi_9,8.55,2.281
FSR_1739,7.7,1.7442929831226763
FSR_1441,8.73,1.667452952889954
Hogg_22,6.8,1.925
DBSB_171,7.71,0.8450980400142568
ESO_261-03,8.615,1.9800033715837464
ESO_260-07,9.375,1.6580113966571124
Ruprecht_160,8.62,1.5563025007672873
NGC_6204,8.0,1.459
FSR_1491,9.005,1.4913616938342726
Ruprecht_71,8.84,2.011
NGC_2932,8.85,1.6766936096248666
ESO_258-01,8.705,1.0791812460476249
Alessi_3,8.87,1.57
Teutsch_103,8.975,1.6020599913279623
FSR_1613,9.49,1.6901960800285136
MWSC_4498,9.36,1.5563025007672873
FSR_1450,8.4,1.816241299991783
Lynga_11,6.0,1.2041199826559248
SAI_94,9.09,1.3710678622717363
MWSC_5705,8.95,1.4313637641589874
Pismis_8,7.43,1.7853298350107671
Pismis_6,7.58,2.8139999999999996
Ruprecht_121,8.425,2.0681858617461617
Waterloo_6,9.085,0.9030899869919435
ESO_260-17,8.99,1.6020599913279623
FSR_1429,8.2,1.2671717284030137
FSR_1723,8.77,1.9590413923210936
Bochum_7,7.5,4.928999999999999
FSR_1573,9.3,1.568201724066995
ESO_245-09,9.055,1.4065401804339552
DBSB_108,7.6,1.021189299069938
vdBergh-Hagen_197,8.94,1.2304489213782739
FSR_1464,8.495,1.6483600109809315
FSR_1574,9.25,1.667452952889954
NGC_6178,7.51,2.136
FSR_1705,9.4,1.2041199826559248
ASCC_85,7.5,2.7510000000000003
FSR_1434,9.035,2.173186268412274
Ruprecht_156,9.31,1.414973347970818
DBSB_174,7.4,1.1139433523068367
ESO_265-01,9.35,1.3117538610557542
DBSB_106,6.4,1.3979400086720377
FSR_1757,8.66,1.4548448600085102
ESO_252-14,8.655,0.9030899869919435
Lynga_14,7.75,1.724275869600789
Moitinho_1,8.635,1.0606978403536116
NGC_3446,9.105,1.8388490907372552
Pismis_12,9.205,1.711807229041191
NGC_2659,7.36,2.112
MWSC_4178,9.3,1.6720978579357175
NGC_6249,8.09,2.439
NGC_6222,6.6,2.0530784434834195
FSR_1415,9.25,1.380211241711606
NGC_6216,6.7,2.1702617153949575
NGC_2220,8.56,1.130333768495006
NGC_6259,8.475,2.103803720955957
FSR_1377,8.845,1.2041199826559248
ESO_261-07,9.0,1.5440680443502757
vdBergh-Hagen_34,8.48,2.365
Ruprecht_154,7.15,1.2671717284030137
vdBergh-Hagen_54,7.5,1.8388490907372552
FSR_1543,9.4,1.5797835966168101
FSR_1430,8.5,1.6232492903979006
vdBergh-Hagen_200,7.5,1.7634279935629373
ESO_281-24,8.945,1.3424226808222062
FSR_1432,8.1,1.5250448070368452
FSR_1412,7.05,1.5797835966168101
Ruprecht_81,8.98,1.4548448600085102
Ruprecht_65,8.82,1.7730000000000001
FSR_1699,9.6,1.7481880270062005
Ruprecht_80,8.425,2.5540000000000003
NGC_6169,7.5,1.4771212547196624
FSR_1418,8.85,1.8864907251724818
FSR_1442,9.19,1.4393326938302626
FSR_1481,9.12,1.6857417386022637
DBSB_27,8.01,1.130333768495006
FSR_1411,7.5,1.7403626894942439
FSR_1424,8.4,1.5622928644564746
FSR_1435,6.0,1.4842998393467859
ESO_277-04,8.72,1.3324384599156054
FSR_1634,9.3,1.6857417386022637
Pismis_10,8.4,1.3617278360175928
vdBergh-Hagen_37,7.5,1.4393326938302626
FSR_1635,9.3,1.6074550232146685
Lynga_13,9.2,1.4065401804339552
DBSB_175,6.0,1.255272505103306
Ruprecht_67,8.6,2.1919999999999997
NGC_6192,8.15,2.804
vdBergh-Hagen_56,7.3,2.165
NGC_3680,9.2,2.04
FSR_1672,9.6,1.5797835966168101
FSR_1511,9.415,1.5118833609788744
MWSC_5604,9.2,0.9294189257142927
FSR_1684,9.4,1.4548448600085102
ESO_311-14,7.74,1.5440680443502757
ESO_282-26,9.235,1.8325089127062364
FSR_1421,8.3,0.9294189257142927
DBSB_176,7.795,0.9542425094393249
Trumpler_10,7.38,2.685
FSR_1744,8.6,1.8293037728310249
ESO_309-03,9.05,1.1139433523068367
FSR_1401,6.75,1.7853298350107671
FSR_1406,6.9,1.9242792860618816
MWSC_5744,9.22,1.2174839442139063
FSR_1475,9.15,1.8325089127062364
ESO_334-02,9.2,1.5118833609788744
MWSC_5665,8.875,1.130333768495006
FSR_1734,9.5,1.8228216453031045
FSR_1773,9.2,1.5185139398778875
Teutsch_84,8.995,2.128722284338427
Teutsch_64,8.72,0.9294189257142927
ESO_324-15,9.7,1.2304489213782739
SAI_88,8.925,1.4065401804339552
NGC_2671,8.53,2.214843848047698
MWSC_5215,9.29,1.5965970956264601
ESO_313-03,8.6,1.3710678622717363
DBSB_178,7.955,1.8293037728310249
SAI_90,9.105,1.5797835966168101
FSR_1683,9.17,1.3710678622717363
ASCC_50,7.8,2.786
Pismis_2,9.055,2.1414497734004674
ESO_311-21,9.3,1.7781512503836436
ESO_312-03,8.665,1.380211241711606
ESO_312-04,8.3,1.3117538610557542
FSR_1383,9.12,1.5563025007672873
FSR_1416,9.13,1.6483600109809315
vdBergh-Hagen_211,8.52,1.5854607295085006
ESO_329-02,9.3,1.3521825181113625
ESO_335-05,9.2,1.5378190950732742
FSR_1379,7.45,1.7201593034059568
ESO_332-22,7.995,1.9469432706978254
vdBergh-Hagen_217,7.7,1.6483600109809315
Ruprecht_124,8.25,1.5250448070368452
FSR_1378,8.0,1.9708116108725178
NGC_6124,8.285,2.338
ESO_332-13,6.82,1.505149978319906
NGC_2849,9.095,1.2041199826559248
MWSC_4146,9.1,1.4842998393467859
Ruprecht_56,8.745,1.9380000000000002
Ruprecht_125,8.825,2.841
FSR_1397,7.78,1.662757831681574
ESO_313-12,8.5,1.7671558660821804
FSR_1737,9.5,1.5965970956264601
Ruprecht_64,8.45,3.32
DBSB_115,7.38,1.1613680022349748
Trumpler_29,8.685,1.5759999999999998
FSR_1390,8.3,1.550228353055094
FSR_1380,8.99,1.5797835966168101
MWSC_5704,9.37,1.423245873936808
FSR_1387,9.02,1.8808135922807914
FSR_1758,9.2,1.724275869600789
NGC_6268,8.65,1.775
Teutsch_85,6.6,1.3424226808222062
Saurer_2,9.25,1.3979400086720377
Pismis_5,7.3,1.423245873936808
vdBergh-Hagen_55,7.45,1.3424226808222062
NGC_6318,7.8,1.5185139398778875
FSR_1399,8.3,1.6580113966571124
FSR_1736,9.7,1.5185139398778875
MWSC_4170,9.38,1.8195439355418688
DBSB_179,7.38,1.146128035678238
FSR_1754,7.15,1.6946051989335686
FSR_1746,9.3,1.8293037728310249
ASCC_47,7.88,3.3
Trumpler_25,8.35,1.9469432706978254
FSR_1750,8.795,1.8260748027008264
Havlen-Moffat_1,6.95,1.505149978319906
Pismis_7,8.705,1.711807229041191
Pismis_3,8.925,2.351216345339342
NGC_2477,8.915,2.4090000000000003
NGC_2451A,7.76,2.335
ESO_332-20,8.05,1.5622928644564746
MWSC_4158,9.02,1.6020599913279623
vdBergh-Hagen_222,7.9,1.591064607026499
Ruprecht_152,9.285,1.3891660843645324
ESO_314-14,8.65,1.3617278360175928
Ruprecht_66,8.91,1.6580113966571124
ASCC_49,7.895,2.9539999999999997
NGC_6281,8.5,2.206
FSR_1774,9.0,1.255272505103306
Ruprecht_123,8.1,1.8692317197309762
FSR_1402,7.395,1.6180480967120927
DBSB_120,6.0,1.5740312677277188
ESO_313-11,9.5,1.3010299956639813
Collinder_338,8.05,2.475
NGC_2451B,8.23,2.076
ASCC_48,9.185,1.4980000000000002
ESO_337-23,9.2,1.0
NGC_2546,8.135,3.355
Ruprecht_72,9.4,1.3710678622717363
FSR_1782,9.175,1.6232492903979006
Ruprecht_158,9.15,1.5740312677277188
DC_3,9.26,1.2671717284030137
MWSC_4211,8.82,1.9777236052888478
ASCC_91,8.65,2.615
FSR_1720,9.33,1.8027737252919758
Ruprecht_74,8.9,1.0413926851582251
Pismis_1,7.8,0.7403626894942439
FSR_1451,8.5,1.3891660843645324
Collinder_135,7.6,2.736
NGC_6400,8.875,2.137
FSR_1785,9.4,1.2304489213782739
FSR_1465,9.31,1.3979400086720377
Harvard_16,7.94,1.8388490907372552
vdBergh-Hagen_214,8.71,1.3710678622717363
BDSB_165,6.0,1.3979400086720377
FSR_1766,9.125,1.6989700043360187
SAI_86,8.65,1.2671717284030137
FSR_1775,9.6,1.7160033436347992
FSR_1431,9.08,1.6580113966571124
BDSB_166,6.0,1.414973347970818
MWSC_4210,9.08,1.9242792860618816
FSR_1467,9.0,1.6283889300503116
AH03_J0822-36.4,8.915,1.806179973983887
FSR_1361,8.49,1.662757831681574
NGC_1963,8.125,1.2430380486862944
BDSB_164,6.0,1.146128035678238
MWSC_5273,9.445,1.806179973983887
FSR_1767,8.675,1.5854607295085006
MWSC_5116,9.515,1.5854607295085006
Collinder_185,8.18,2.1590000000000003
MWSC_5708,8.575,1.1139433523068367
Ruprecht_127,7.55,1.1613680022349748
ESO_370-17,9.0,1.469822015978163
ESO_389-05,9.55,1.6334684555795864
FSR_1365,9.01,1.6812412373755872
FSR_1776,9.5,1.7201593034059568
Teutsch_50,9.48,1.5440680443502757
FSR_1417,8.51,1.290034611362518
Ruprecht_68,9.35,1.7201593034059568
MWSC_5706,8.99,1.5378190950732742
IC_1023,9.48,1.2041199826559248
MWSC_5713,9.115,1.290034611362518
FSR_1382,9.1,1.6074550232146685
Ivanov_8,7.8,1.4393326938302626
FSR_1728,8.9,1.5118833609788744
Ruprecht_31,8.65,0.888
ASCC_88,7.0,4.703
Bochum_13,7.25,2.475
ESO_371-25,9.055,1.255272505103306
FSR_1459,9.35,1.3010299956639813
ESO_367-10,8.315,0.9777236052888477
Trumpler_30,8.35,1.771
NGC_6455,9.25,1.8920946026904804
NGC_6396,7.505,0.8129133566428556
FSR_1748,9.7,1.5797835966168101
FSR_1756,9.375,1.5740312677277188
FSR_1317,8.6,0.9542425094393249
Ruprecht_128,9.2,1.5378190950732742
FSR_1332,8.42,1.1903316981702914
NGC_6444,9.015,1.225
ASCC_90,8.81,2.083
NGC_6475,8.25,2.818
NGC_2635,8.73,1.3424226808222062
Kronberger_85,8.5,1.290034611362518
ESO_370-13,8.9,1.2174839442139063
ESO_392-13,7.95,1.2430380486862944
ESO_368-11,8.945,1.951823035315912
FSR_1363,8.5,1.3222192947339193
Ruprecht_59,6.8,1.6434526764861874
MWSC_5712,8.745,1.462397997898956
FSR_1360,8.985,1.5440680443502757
Alessi_4,8.55,1.255272505103306
FSR_1351,8.2,1.711807229041191
FSR_1326,8.78,1.462397997898956
Ruprecht_126,8.875,1.3324384599156054
FSR_1352,8.28,1.8692317197309762
ESO_393-15,9.15,1.4913616938342726
MWSC_5191,8.975,1.4065401804339552
Ruprecht_61,9.1,1.3117538610557542
FSR_1350,8.6,1.6989700043360187
Collinder_333,8.15,1.7819999999999998
Arp-Madore_2,9.335,1.2304489213782739
FSR_1407,9.3,1.6434526764861874
FSR_1347,8.02,1.8293037728310249
ASCC_98,8.045,3.5180000000000002
Trumpler_27,7.58,3.2939999999999996
MWSC_4218,9.1,1.806179973983887
ESO_397-01,8.245,1.414973347970818
MWSC_4500,9.2,1.5314789170422551
NGC_6404,8.75,1.0
FSR_1763,9.5,1.5440680443502757
SAI_82,8.65,1.4771212547196624
MWSC_5149,9.5,0.9030899869919435
ESO_368-14,8.65,1.3891660843645324
NGC_2588,8.9,1.6020599913279623
MWSC_5186,9.325,1.3010299956639813
Antalova_4,6.0,1.1139433523068367
Haffner_15,7.28,1.845098040014257
FSR_1389,8.595,1.568201724066995
NGC_2658,8.975,1.6127838567197355
Ruprecht_55,6.97,4.5680000000000005
BDSB_102,6.3,1.0413926851582251
MWSC_5088,9.225,0.9777236052888477
MWSC_5289,9.45,1.5185139398778875
Antalova_2,6.0,1.423245873936808
Trumpler_28,6.6,2.33
MWSC_5083,9.2,0.8750612633917001
NGC_6416,8.2,2.022
ASCC_96,8.4,2.074
vdBergh-Hagen_19,8.755,1.130333768495006
vdBergh-Hagen_221,7.8,2.21
FSR_1357,8.595,1.7363965022766426
NGC_6405,8.035,2.039
ESO_429-05,9.09,1.3117538610557542
Antalova_3,8.415,1.0606978403536116
Ruprecht_48,8.6,0.7403626894942439
ESO_435-33,9.05,0.6989700043360189
FSR_1751,9.415,1.6283889300503116
ESO_456-29,9.2,1.866287339084195
FSR_1449,9.095,1.2041199826559248
Ruprecht_52,8.55,1.462397997898956
ESO_445-74,9.5,0.9030899869919435
Ruprecht_54,8.915,1.1903316981702914
Ruprecht_58,8.615,1.5854607295085006
vdBergh-Hagen_231,8.45,1.3010299956639813
FSR_0009,9.155,1.6074550232146685
FSR_1303,9.175,1.1613680022349748
Collinder_140,7.7,2.062
Haffner_17,8.17,1.6812412373755872
Ruprecht_155,8.57,1.146128035678238
MWSC_5667,9.015,1.3617278360175928
FSR_1327,8.51,1.1613680022349748
MWSC_4229,9.015,1.7853298350107671
FSR_1371,9.35,1.1760912590556813
MWSC_5224,9.005,1.3117538610557542
NGC_2439,7.25,3.513
Collinder_196,9.26,1.7442929831226763
FSR_1405,9.5,1.5622928644564746
Antalova_1,8.485,2.137
NGC_6425,8.545,1.405
FSR_1342,8.29,1.550228353055094
Ruprecht_30,8.725,1.3424226808222062
ESO_430-14,7.21,1.591064607026499
Ruprecht_14,9.06,1.2304489213782739
NGC_2243,9.135,1.3117538610557542
Ruprecht_35,8.44,1.3710678622717363
Dutra-Bica_51,6.0,0.7781512503836436
FSR_1749,9.5,1.414973347970818
Ruprecht_21,8.65,1.8027737252919758
Ruprecht_47,8.18,3.303
FSR_1769,9.19,1.8893017025063104
Collinder_132,7.51,1.182
Ruprecht_28,8.76,1.4842998393467859
ESO_435-17,9.285,0.8450980400142568
ESO_426-26,9.215,1.4313637641589874
Ruprecht_50,8.775,1.2787536009528289
ESO_430-18,8.875,1.902
Haffner_26,8.0,1.4
FSR_1336,8.635,1.3891660843645324
ESO_429-13,9.02,1.4471580313422192
FSR_1339,8.99,1.6434526764861874
Ruprecht_51,8.77,1.3424226808222062
MWSC_4228,8.74,1.8228216453031045
NGC_2567,8.645,2.417
MWSC_4286,8.91,1.7075701760979363
NGC_6480,7.725,1.3117538610557542
MWSC_5293,9.22,1.4065401804339552
Haffner_20,8.055,1.3891660843645324
ESO_461-38,8.975,1.021189299069938
MWSC_4212,9.025,1.6946051989335686
Ruprecht_153,8.58,1.1760912590556813
NGC_2580,8.4,1.0606978403536116
MWSC_4475,8.785,1.6812412373755872
NGC_6451,8.45,1.3117538610557542
ESO_427-32,9.105,1.462397997898956
Basel_5,8.85,1.989
NGC_2489,7.315,3.185
Haffner_13,7.52,2.735
Blanco_1,7.75,3.48
NGC_6360,8.95,1.290034611362518
NGC_2627,9.225,2.117
MWSC_4248,8.9,1.9319661147281726
NGC_2533,8.365,1.5622928644564746
ESO_456-05,9.0,1.1903316981702914
Czernik_32,9.0,1.8750612633917
ESO_430-09,8.5,1.2304489213782739
NGC_2571,7.35,3.042
FSR_1381,8.505,1.1903316981702914
Ruprecht_129,7.5,0.8750612633917001
MWSC_5071,9.45,1.021189299069938
ESO_456-72,9.49,1.5118833609788744
Ruprecht_2,8.945,1.0413926851582251
Ruprecht_134,7.88,1.1613680022349748
NGC_2587,8.7,1.4471580313422192
Haffner_7,9.0,1.6334684555795864
Trumpler_26,8.17,3.464
Ruprecht_3,9.1,1.290034611362518
FSR_1413,8.95,0.8129133566428556
ESO_442-04,9.6,1.380211241711606
ESO_437-61,8.8,0.8450980400142568
ESO_447-29,9.5,1.130333768495006
ESO_464-09,9.6,0.6989700043360189
Dutra-Bica_13,6.9,1.0969100130080565
ESO_425-15,9.005,0.9294189257142927
MWSC_5668,8.9,1.2174839442139063
Terzan-Ju_20,8.8,1.7442929831226763
Turner_12,8.49,1.3010299956639813
Ruprecht_131,9.17,1.103
FSR_1320,8.88,1.0969100130080565
ESO_425-06,9.4,0.9030899869919435
Ruprecht_22,9.03,1.1903316981702914
Collinder_187,8.915,1.2787536009528289
ESO_436-02,9.1,1.1760912590556813
IRAS_17301-2917,7.2,1.380211241711606
Dutra-Bica_24,8.9,1.4393326938302626
FSR_1335,9.205,1.2174839442139063
MWSC_5299,9.4,1.2671717284030137
FSR_1306,9.09,1.290034611362518
ESO_435-09,8.425,1.380211241711606
Ruprecht_43,8.4,2.282
FSR_1391,8.4,1.6483600109809315
Dutra-Bica_58,6.0,0.7403626894942439
Ruprecht_20,9.4,1.423245873936808
MWSC_5122,9.5,1.021189299069938
FSR_1285,8.67,1.505149978319906
Collinder_351,9.0,1.3979400086720377
Ruprecht_133,8.0,0.8750612633917001
Dutra-Bica_30,8.49,1.6766936096248666
Ruprecht_44,6.8,3.931
NGC_5998,9.5,1.4393326938302626
ASCC_87,8.55,3.677
Ruprecht_168,9.1,1.3617278360175928
Ruprecht_150,8.7,1.5118833609788744
Haffner_14,8.785,1.841984804590114
ESO_435-48,8.7,1.0791812460476249
Dutra-Bica_28,8.4,1.3424226808222062
Ruprecht_12,8.695,1.7830000000000001
Trumpler_31,8.635,0.7781512503836436
ESO_429-02,6.9,1.2671717284030137
ASCC_43,8.215,2.864
NGC_2527,8.91,2.504
SAI_81,8.13,1.3010299956639813
FSR_1761,9.6,1.7283537820212285
NGC_2483,7.6,2.5839999999999996
Teutsch_25,9.26,1.0413926851582251
NGC_6520,7.755,1.725
Haffner_22,9.19,1.845098040014257
ESO_432-03,9.2,1.4313637641589874
DBSB_12,8.47,1.3324384599156054
Haffner_11,8.945,1.4471580313422192
ESO_494-09,8.735,1.6020599913279623
MWSC_5301,9.3,1.4313637641589874
Collinder_468,9.5,1.469822015978163
Czernik_37,8.77,1.2671717284030137
ESO_493-03,8.385,2.384
vdBergh_83,9.35,1.0791812460476249
Haffner_21,8.625,1.4065401804339552
NGC_2453,7.865,0.7781512503836436
FSR_0002,9.55,1.662757831681574
FSR_1315,8.7,1.3521825181113625
Ruprecht_57,8.975,1.1613680022349748
Ruprecht_41,8.865,1.0413926851582251
ESO_524-01,9.5,1.414973347970818
Ruprecht_53,8.86,2.721
MWSC_5715,8.36,1.5118833609788744
FSR_1279,8.75,1.4771212547196624
FSR_0034,7.5,1.3891660843645324
FSR_1778,9.3,1.3710678622717363
Ruprecht_49,8.22,1.146128035678238
ESO_489-01,8.85,1.0791812460476249
ESO_502-19,9.21,1.0
Dutra-Bica_33,6.75,1.3617278360175928
FSR_0037,9.155,1.7363965022766426
ASCC_32,8.215,2.907
Ruprecht_27,8.41,1.3869999999999998
MWSC_5292,9.365,1.255272505103306
Alessi_18,9.01,1.3010299956639813
FSR_1367,8.98,1.1139433523068367
FSR_1302,9.1,1.7708520116421442
Ruprecht_36,8.28,1.3324384599156054
Ruprecht_18,8.455,1.6946051989335686
FSR_1289,8.605,1.6074550232146685
ESO_486-54,8.65,0.6020599913279624
Haffner_25,8.46,1.255272505103306
Ruprecht_42,8.7,1.4771212547196624
FSR_1297,6.7,1.6283889300503116
Ruprecht_13,8.89,1.7442929831226763
Trumpler_9,7.8,2.026
NGC_6698,9.2,1.6232492903979006
ESO_518-03,9.17,2.0773679052841563
ASCC_95,8.41,3.528
NGC_2354,8.61,3.84
FSR_1366,8.7,1.2671717284030137
Haffner_16,7.3,3.096
FSR_1345,6.95,0.9542425094393249
Waterloo_3,8.5,1.462397997898956
FSR_1293,9.005,0.6989700043360189
FSR_1281,8.68,1.8293037728310249
Ruprecht_137,8.795,1.469822015978163
FSR_1786,9.4,1.954242509439325
MWSC_4484,9.045,1.863322860120456
NGC_2362,6.64,3.002
Dutra-Bica_44,9.1,1.505149978319906
Dutra-Bica_45,9.1,1.423245873936808
BDSB_106,7.15,1.290034611362518
ESO_520-20,9.15,1.9344984512435677
Ruprecht_136,8.4,1.0791812460476249
Ruprecht_138,8.9,1.130333768495006
NGC_2448,7.25,2.866
Riddle_5,8.765,1.0791812460476249
Ivanov_6,6.6,1.3010299956639813
FSR_1284,9.145,1.6232492903979006
ESO_521-38,8.395,2.275
ASCC_37,8.73,2.214
MWSC_4287,7.92,1.7853298350107671
MWSC_4511,9.5,1.5563025007672873
MWSC_5309,9.025,1.6180480967120927
Ruprecht_29,8.6,1.3324384599156054
ESO_522-05,9.5,1.866287339084195
NGC_2482,8.505,2.6660000000000004
FSR_1772,9.4,1.9867717342662448
Trumpler_6,8.615,1.7888751157754168
NGC_2352,8.775,1.568201724066995
Berkeley_75,9.3,1.021189299069938
Trumpler_7,8.0,2.4459999999999997
MWSC_4355,8.68,1.6483600109809315
FSR_1283,6.8,1.7781512503836436
NGC_2447,8.68,2.588
Ruprecht_149,9.3,1.3891660843645324
Dutra-Bica_60,9.2,1.505149978319906
ESO_525-08,9.2,1.255272505103306
Ruprecht_139,9.05,0.7979999999999999
FSR_1346,9.2,1.2174839442139063
Ruprecht_23,8.78,1.7520484478194385
Ruprecht_25,8.895,1.3710678622717363
NGC_6546,8.72,2.484
FSR_1235,9.255,1.3117538610557542
FSR_1312,8.835,1.5250448070368452
MWSC_5311,9.05,1.4983105537896004
FSR_0022,9.65,1.5740312677277188
Ruprecht_17,8.325,1.5563025007672873
ASCC_39,8.71,3.2880000000000003
MWSC_5717,8.775,1.0791812460476249
FSR_0023,8.7,1.5797835966168101
ESO_561-05,9.0,1.4771212547196624
Haffner_5,8.6,1.954242509439325
NGC_6531,6.82,3.4010000000000002
Ruprecht_39,8.4,1.1903316981702914
DBSB_10,6.5,1.3010299956639813
MWSC_5316,8.87,1.568201724066995
DBSB_13,8.735,1.2174839442139063
FSR_1298,8.435,1.568201724066995
NGC_6469,8.875,1.005
ASCC_93,6.1,4.2589999999999995
NGC_6583,9.0,1.021189299069938
NGC_6573,8.8,0.9542425094393249
Teutsch_14a,8.485,1.462397997898956
FSR_1294,9.215,1.2787536009528289
Bica_4,8.125,1.462397997898956
Ruprecht_33,8.81,1.7160033436347992
Ruprecht_9,8.795,1.5250448070368452
ESO_589-26,6.5,1.380211241711606
NGC_2367,7.425,3.0989999999999998
FSR_1275,9.4,1.9934362304976116
BDSB_111,6.6,1.1613680022349748
BDSB_3,8.255,0.8129133566428556
NGC_6568,8.8,2.62
Ruprecht_19,8.0,1.6384892569546374
FSR_1307,9.2,1.021189299069938
MWSC_5279,9.1,1.3424226808222062
vdBergh_113,8.3,4.841
FSR_0031,8.55,1.290034611362518
ESO_570-12,9.7,1.0
NGC_2455,8.72,1.7323937598229686
FSR_1270,8.7,1.6989700043360187
ASCC_36,8.33,1.6580000000000001
Ruprecht_146,9.1,1.5563025007672873
NGC_2384,7.13,2.693
NGC_2383,8.69,1.99
MWSC_4289,9.325,1.7032913781186614
Tombaugh_2,9.01,1.4065401804339552
ESO_559-13,8.905,1.4548448600085102
Ruprecht_11,8.8,1.3424226808222062
NGC_2287,8.25,2.511
NGC_2421,7.45,2.8280000000000003
Tombaugh_1,9.065,1.9731278535996986
Czernik_31,8.25,1.3324384599156054
Ruprecht_40,8.265,1.0413926851582251
Dolidze_50,9.4,1.1613680022349748
Ruprecht_34,9.1,1.5290000000000001
IRAS_07255-2012,6.0,1.5250448070368452
FSR_1258,9.1,1.6720978579357175
Collinder_394,7.86,2.832
Ruprecht_38,8.73,1.505149978319906
FSR_0035,6.6,1.380211241711606
FSR_1205,9.1,1.3521825181113625
MWSC_4267,8.25,1.2671717284030137
Ruprecht_10,8.8,1.6532125137753437
BDSB_113,6.0,1.6232492903979006
FSR_0039,6.0,1.4983105537896004
NGC_6716,7.385,1.456
FSR_1264,8.615,1.469822015978163
Teutsch_61,8.215,1.6532125137753437
FSR_1268,8.62,1.2041199826559248
Auner_1,9.35,1.6434526764861874
Trumpler_33,7.84,2.031
Ruprecht_62,8.735,1.2787536009528289
FSR_1260,8.3,1.7075701760979363
Dias_5,8.1,2.966
FSR_1255,8.495,1.5185139398778875
Ruprecht_15,8.75,1.6901960800285136
Ruprecht_16,8.65,1.3710678622717363
Ruprecht_46,8.15,0.8450980400142568
MWSC_5231,9.315,0.7403626894942439
ESO_587-04,9.175,1.5965970956264601
MWSC_4312,8.2,1.8228216453031045
DBSB_9,6.0,0.9294189257142927
ASCC_97,7.88,2.859
MWSC_4265,8.6,1.7032913781186614
Ruprecht_157,8.7,1.5622928644564746
Turner_3,7.46,1.3979400086720377
IC_4725,7.97,3.0439999999999996
DBSB_6,6.55,1.7817553746524688
NGC_2432,8.65,3.313
Turner_2,7.9,1.5378190950732742
NGC_2509,9.2,1.9444826721501687
Markarian_38,6.9,2.4659999999999997
NGC_6494,8.515,2.75
DBSB_7,7.495,1.6946051989335686
ASCC_99,8.75,1.023
FSR_1252,8.995,1.8260748027008264
NGC_2204,9.29,1.5854607295085006
Ruprecht_5,9.15,1.130333768495006
NGC_6737,8.9,1.7596678446896306
DBSB_3,7.0,1.3617278360175928
FSR_1253,8.64,2.0
NGC_6554,8.62,1.724275869600789
NGC_6603,8.4,3.699
Haffner_24,8.535,1.4771212547196624
MWSC_4225,8.7,1.3324384599156054
Collinder_469,8.0,1.4771212547196624
Ruprecht_145,8.9,2.59
MWSC_5720,9.36,1.2430380486862944
MWSC_5737,8.925,1.130333768495006
FSR_0027,9.2,1.6946051989335686
BDSB_114,6.335,1.6020599913279623
MWSC_5117,9.36,0.9294189257142927
MWSC_4622,9.3,1.1903316981702914
Dolidze_51,8.2,1.1139433523068367
NGC_2479,9.015,2.138
Teutsch_49,8.9,0.9777236052888477
FSR_1295,8.55,1.255272505103306
BDSB_115,8.065,1.1139433523068367
MWSC_4194,9.2,1.5378190950732742
NGC_6507,9.2,1.8948696567452525
NGC_6647,9.25,1.8325089127062364
FSR_0046,8.4,1.5118833609788744
MWSC_5318,9.585,1.0791812460476249
Ruprecht_37,9.3,1.0606978403536116
Bochum_4,8.41,1.02
FSR_1210,9.3,1.5740312677277188
MWSC_5326,9.485,1.6232492903979006
Haffner_9,8.15,1.3521825181113625
Haffner_23,8.825,2.109
Bochum_5,7.4,3.261
NGC_6645,8.61,1.7160033436347992
BDSB_116,6.0,1.130333768495006
NGC_6561,6.6,4.2219999999999995
NGC_6596,8.6,2.559
Dolidze_52,7.3,1.380211241711606
NGC_2428,8.615,2.463
Berkeley_25,9.7,1.290034611362518
NGC_2430,7.7,1.2409999999999999
Ruprecht_45,9.3,1.130333768495006
Ruprecht_151,8.15,3.342
Ruprecht_147,9.33,1.7690000000000001
MWSC_5731,9.265,1.2787536009528289
FSR_0010,9.15,1.1760912590556813
Ruprecht_171,9.55,1.5185139398778875
FSR_0014,9.1,1.3117538610557542
FSR_1223,8.95,1.7558748556724915
MWSC_5312,9.1,1.146128035678238
FSR_1243,6.7,1.8228216453031045
FSR_1228,6.75,1.792391689498254
FSR_0052,7.5,1.4471580313422192
Ruprecht_26,7.8,2.577
NGC_2360,8.65,2.9989999999999997
FSR_0033,9.6,1.6127838567197355
NGC_2414,7.27,2.366
FSR_1234,8.44,1.423245873936808
Czernik_29,8.5,1.2174839442139063
FSR_1219,8.755,1.9614210940664483
Haffner_10,9.305,1.8027737252919758
Ivanov_7,8.7,1.6020599913279623
MWSC_4572,9.34,1.5314789170422551
FSR_0070,9.565,1.6857417386022637
MWSC_5319,9.5,1.380211241711606
Waterloo_7,8.53,1.7745169657285496
Alessi_17,8.22,0.8450980400142568
MWSC_4330,8.55,1.7993405494535817
FSR_0054,8.905,1.505149978319906
Haffner_4,9.115,1.6901960800285136
FSR_1187,8.45,1.469822015978163
ASCC_94,8.84,2.545
NGC_6605,8.8,1.4065401804339552
NGC_2425,9.34,2.0273496077747564
NGC_2437,8.35,3.1839999999999997
FSR_1304,9.25,1.4393326938302626
FSR_1249,8.505,1.255272505103306
FSR_0043,9.1,1.4548448600085102
Dolidze_28,8.25,1.7558748556724915
Kharchenko_2,8.425,1.4842998393467859
NGC_2422,8.12,2.364
Kronberger_2,8.2,1.0791812460476249
Ruprecht_1,8.79,2.5540000000000003
FSR_1212,8.65,1.4548448600085102
MWSC_5060,9.7,0.8750612633917001
FSR_1245,9.17,1.3424226808222062
Basel_11A,7.42,2.302
NGC_2401,7.0,1.4842998393467859
MWSC_5726,8.9,1.3521825181113625
FSR_0067,9.1,1.6384892569546374
NGC_2423,9.025,2.682
FSR_1227,8.975,1.3710678622717363
FSR_1209,9.12,1.6766936096248666
ASCC_40,8.8,1.425
FSR_1226,8.87,1.3710678622717363
NGC_2318,8.75,1.5854607295085006
FSR_1197,9.0,1.290034611362518
Ruprecht_8,8.845,1.5250448070368452
DC_4,8.7,1.0606978403536116
MWSC_5295,9.36,1.1613680022349748
FSR_1207,8.335,1.916453948549925
Trumpler_32,8.795,2.2810333672477277
FSR_0051,6.1,1.568201724066995
Ruprecht_6,9.3,1.255272505103306
NGC_2374,8.75,3.154
FSR_1191,9.1,1.3424226808222062
Berkeley_33,9.04,1.4983105537896004
NGC_2345,7.9,2.336
Berkeley_36,9.4,1.8864907251724818
Haffner_6,8.865,1.5740312677277188
NGC_6639,8.93,1.791
Bica_3,7.2,0.9542425094393249
NGC_2413,8.655,1.296
FSR_1195,8.2,1.7558748556724915
MWSC_5732,8.65,1.380211241711606
FSR_1204,9.32,1.568201724066995
NGC_2539,8.735,3.387
FSR_1202,9.225,1.3324384599156054
Ruprecht_24,8.65,1.8293037728310249
FSR_1199,8.645,1.6580113966571124
FSR_1200,8.715,1.7745169657285496
Ruprecht_141,6.55,4.345
MWSC_5811,9.425,0.9542425094393249
Haffner_8,9.035,1.7323937598229686
Dias_6,8.6,1.8573324964312685
NGC_6604,6.89,3.6460000000000004
FSR_1123,8.25,1.0969100130080565
Ruprecht_142,8.53,1.2304489213782739
MWSC_5735,9.25,1.130333768495006
Ruprecht_143,8.65,1.290034611362518
Melotte_71,8.975,3.02
NGC_6631,8.79,1.3891660843645324
FSR_1131,9.3,1.3222192947339193
FSR_1194,7.815,1.8195439355418688
FSR_1185,9.1,1.4471580313422192
FSR_0059,8.4,1.423245873936808
NGC_6625,8.7,1.5314789170422551
ASCC_92,9.08,2.3680000000000003
FSR_0085,9.375,1.4065401804339552
SAI_69,9.1,1.3010299956639813
NGC_2396,8.52,1.6
Berkeley_76,8.87,1.724275869600789
Ruprecht_135,9.5,1.6812412373755872
MWSC_5029,9.285,1.2787536009528289
FSR_1192,8.55,1.7075701760979363
FSR_1132,8.85,1.3710678622717363
FSR_0060,8.305,1.3979400086720377
MWSC_4606,9.385,1.2787536009528289
FSR_1184,8.35,1.255272505103306
Ruprecht_144,8.795,1.3222192947339193
MWSC_4555,9.505,1.7634279935629373
FSR_1280,8.6,0.8450980400142568
FSR_1172,8.8,1.4548448600085102
FSR_1220,8.57,1.6020599913279623
FSR_1167,9.385,1.5740312677277188
NGC_2506,9.21,3.841
Collinder_466,8.405,1.2041199826559248
Melotte_72,8.865,1.8543060418010806
FSR_1178,6.65,1.5563025007672873
MWSC_5963,8.82,1.4065401804339552
FSR_1116,7.785,1.255272505103306
NGC_2343,8.135,0.9890000000000001
FSR_0083,9.4,1.2671717284030137
BDSB_91,6.65,1.3710678622717363
Collinder_465,8.8,1.591064607026499
Ruprecht_4,9.005,1.7442929831226763
Alessi_10,8.195,1.143
NGC_2351,9.0,1.414973347970818
FSR_0042,9.45,1.5250448070368452
FSR_0069,6.8,1.462397997898956
NGC_6649,8.1,1.9822712330395684
NGC_2368,8.975,1.5563025007672873
FSR_1171,9.2,1.3424226808222062
MWSC_5300,9.4,1.2174839442139063
FSR_1136,8.2,1.4471580313422192
NGC_2353,7.2,2.602
FSR_1151,8.89,1.5965970956264601
NGC_2335,8.2,2.889
Ruprecht_170,6.0,1.8573324964312685
Czernik_30,9.2,1.5250448070368452
FSR_1183,8.585,2.0453229787866576
MWSC_5329,9.65,1.462397997898956
NGC_2225,9.165,1.4548448600085102
FSR_1211,9.135,1.4548448600085102
FSR_1115,6.9,0.7403626894942439
FSR_1173,8.64,1.4771212547196624
FSR_1180,8.675,1.7671558660821804
NGC_6694,8.12,2.356
FSR_1120,7.3,0.6532125137753437
Alessi_21,7.7,2.408
FSR_1169,8.675,1.8836614351536176
MWSC_4290,8.38,1.3424226808222062
MWSC_5062,9.45,0.7781512503836436
FSR_1164,8.87,1.3891660843645324
FSR_1221,8.5,1.3891660843645324
FSR_0050,9.5,1.4393326938302626
FSR_1163,9.15,1.4771212547196624
NGC_6728,8.95,1.881
FSR_1110,8.65,1.0413926851582251
FSR_1117,7.5,1.1139433523068367
Dolidze_27,8.97,1.5854607295085006
MWSC_5321,9.27,1.255272505103306
FSR_1170,8.755,1.5965970956264601
Ivanov_4,8.3,1.7596678446896306
FSR_0041,9.5,1.6074550232146685
FSR_1159,7.45,1.255272505103306
FSR_0062,9.0,1.951823035315912
NGC_2349,9.14,1.6812412373755872
FSR_0063,9.21,1.8325089127062364
Trumpler_34,8.585,1.6946051989335686
Dias_3,8.485,1.2787536009528289
NGC_2323,8.255,2.734
NGC_6664,7.9,1.3222192947339193
BDSB_93,6.5,1.3521825181113625
FSR_1203,9.265,1.5854607295085006
FSR_1105,8.63,1.414973347970818
FSR_1251,9.2,1.2787536009528289
MWSC_5042,9.5,0.9777236052888477
FSR_1126,9.125,1.5622928644564746
NGC_2215,8.55,2.685
NGC_2309,8.735,1.9084850188786497
MWSC_5323,9.375,1.255272505103306
FSR_0072,8.7,1.505149978319906
FSR_1160,8.505,1.4471580313422192
NGC_2302,8.35,1.114
FSR_1107,8.65,1.3979400086720377
MWSC_5051,9.45,1.146128035678238
FSR_1066,9.025,1.6334684555795864
Dolidze_31,6.0,1.667452952889954
FSR_1158,8.555,1.8228216453031045
FSR_1144,8.18,1.816241299991783
Dolidze_29,7.5,2.0511525224473814
FSR_1150,8.8,1.5314789170422551
Morgan_8,7.2,1.4548448600085102
FSR_1149,8.265,1.591064607026499
FSR_1094,8.85,1.4842998393467859
Berkeley_73,9.15,1.2174839442139063
NGC_6705,8.505,2.82
ASCC_30,8.245,2.171
NGC_6683,6.75,1.1139433523068367
Haffner_3,8.6,1.6901960800285136
FSR_1078,9.235,1.4313637641589874
IRAS_06046-0603,8.53,1.1613680022349748
Dolidze_30,8.95,1.3010299956639813
Stephenson_2,6.0,1.1139433523068367
Basel_1,8.135,1.3710678622717363
Wit_1,6.35,1.3710678622717363
NGC_2548,8.72,3.0460000000000003
NGC_2338,8.62,1.1903316981702914
FSR_1153,8.065,1.4313637641589874
ASCC_38,8.6,1.714
FSR_1125,7.6,1.462397997898956
FSR_1050,9.1,1.2041199826559248
Teutsch_145,8.725,1.2041199826559248
FSR_1106,8.9,1.662757831681574
NGC_6704,8.0,1.462397997898956
FSR_1176,8.65,1.6532125137753437
FSR_1157,7.7,0.8450980400142568
NGC_2250,8.495,1.6720978579357175
Bochum_3,8.095,1.9084850188786497
IRAS_18306-0500,7.8,0.9777236052888477
FSR_1129,8.385,1.568201724066995
Andrews-Lindsay_5,6.0,1.5440680443502757
BDSB_90,7.2,1.3010299956639813
NGC_6682,6.5,1.414973347970818
NGC_2232,7.7,2.0069999999999997
NGC_2219,8.75,1.505149978319906
Berkeley_39,9.5,1.5797835966168101
Sh2_287C,6.9,1.0606978403536116
NGC_2311,8.815,2.822
BDSB_88,7.4,1.3222192947339193
ASCC_27,8.7,2.384
Dolidze_33,7.3,1.6857417386022637
Dolidze_34,7.95,1.2671717284030137
Trumpler_35,8.15,1.7671558660821804
Czernik_26,9.0,1.5740312677277188
FSR_0076,9.1,1.9319661147281726
FSR_0088,8.495,1.9978230807457256
FSR_0077,9.48,1.5440680443502757
Ivanov_9,6.5,1.4771212547196624
Dolidze_32,6.0,1.4313637641589874
IRAS_06567-0355,7.35,1.8543060418010806
FSR_0073,9.2,1.7363965022766426
FSR_1099,8.635,1.6580113966571124
BDSB_10,7.6,1.1139433523068367
IRAS_06562-0337,7.7,1.021189299069938
FSR_0087,8.25,1.6857417386022637
FSR_0090,8.695,1.4313637641589874
FSR_0112,9.345,1.380211241711606
MWSC_5745,9.08,1.290034611362518
FSR_0089,8.3,1.6283889300503116
NGC_2184,8.6,1.7209999999999999
MWSC_5337,9.39,1.255272505103306
FSR_1027,9.11,1.4913616938342726
Berkeley_77,8.835,1.4548448600085102
NGC_2286,8.64,2.0043213737826426
FSR_0078,9.31,1.146128035678238
Wit_2,8.785,1.9469432706978254
FSR_1017,9.1,0.6020599913279624
FSR_1142,9.1,1.1903316981702914
FSR_1139,8.855,1.3324384599156054
FSR_1092,8.8,1.7363965022766426
BDSB_125,6.0,1.3617278360175928
FSR_1152,8.6,1.290034611362518
ASCC_19,7.5,2.5669999999999997
FSR_1082,8.84,1.8129133566428555
FSR_1056,9.045,1.6434526764861874
ASCC_29,8.06,1.9980000000000002
FSR_1111,8.875,1.469822015978163
FSR_1113,8.3,0.8750612633917001
Berkeley_80,8.35,1.7032913781186614
Berkeley_79,6.8,1.6334684555795864
Alessi_60,8.64,1.6074550232146685
FSR_1145,7.9,1.3010299956639813
FSR_0094,6.0,1.2304489213782739
Berkeley_37,8.8,1.3710678622717363
King_23,8.95,1.5440680443502757
NGC_6775,8.85,1.3979400086720377
FSR_1077,8.935,1.7634279935629373
Berkeley_24,9.21,2.0273496077747564
FSR_1118,8.9,1.4548448600085102
FSR_1065,8.79,1.7481880270062005
MWSC_5740,8.825,1.2041199826559248
Patchick_90,8.95,1.4548448600085102
NGC_6735,8.29,1.9469432706978254
Berkeley_81,9.0,1.7032913781186614
FSR_1063,8.86,1.8836614351536176
Berkeley_34,9.45,1.462397997898956
FSR_1085,8.735,1.6434526764861874
ASCC_28,8.49,2.351
MWSC_4288,9.015,1.6384892569546374
FSR_1100,8.685,1.5314789170422551
FSR_0100,8.0,1.469822015978163
Dolidze_49,8.33,1.7075701760979363
ASCC_41,8.7,1.7080000000000002
FSR_1072,8.2,1.7075701760979363
FSR_0080,9.5,1.662757831681574
Dolidze_23,8.65,1.975431808509263
Teutsch_146,8.75,1.4842998393467859
Berkeley_20,9.78,0.8129133566428556
SAI_72,8.485,1.4548448600085102
Dolidze_25,6.75,1.6127838567197355
Bochum_2,6.665,1.2174839442139063
MWSC_5748,8.725,1.1903316981702914
NGC_2112,9.315,2.4653828514484184
MWSC_5022,9.17,1.1613680022349748
NGC_2301,8.35,2.051
FSR_0991,8.87,1.1139433523068367
FSR_0098,6.1,1.954242509439325
ASCC_22,8.455,2.463
FSR_1080,8.37,1.7853298350107671
ASCC_18,7.15,2.708
NGC_2324,8.68,2.002166061756508
NGC_2189,9.175,1.7075701760979363
NGC_2262,8.995,1.7671558660821804
FSR_1147,8.72,1.423245873936808
MWSC_4317,9.425,1.4842998393467859
Collinder_350,8.71,1.8219999999999998
Teutsch_13,7.295,1.7160033436347992
MWSC_4547,9.2,1.3979400086720377
FSR_1053,8.8,1.8228216453031045
FSR_0107,9.1,1.7442929831226763
FSR_1091,8.865,1.6580113966571124
ASCC_106,8.42,2.781
ASCC_16,7.0,2.4
ASCC_20,7.0,2.827
Alessi_15,9.19,1.2041199826559248
FSR_1133,8.18,1.3117538610557542
Dolidze_24,8.45,1.6580113966571124
Collinder_115,7.715,1.7283537820212285
Saurer_1,9.6,0.7781512503836436
FSR_1057,9.065,1.6074550232146685
FSR_0110,9.225,1.6020599913279623
Collinder_110,9.22,2.4934580509951885
ASCC_35,8.48,2.667
Alessi_16,8.65,1.1139433523068367
Alessi_59,7.0,1.6766936096248666
MWSC_5656,8.8,1.2430380486862944
MWSC_5346,9.31,1.3710678622717363
Collinder_91,8.64,2.1319392952104246
Berkeley_35,9.065,1.5118833609788744
FSR_0101,6.9,1.8293037728310249
Collinder_96,7.8,1.1903316981702914
Collinder_359,7.45,3.87
MWSC_5356,9.205,1.1903316981702914
Berkeley_28,7.535,1.6283889300503116
FSR_1033,8.515,1.5118833609788744
NGC_2319,9.035,2.133
vdBergh_1,8.315,1.8920946026904804
FSR_1076,8.96,1.4393326938302626
Berkeley_30,8.495,1.2671717284030137
FSR_1031,8.635,1.8721562727482928
NGC_2270,8.915,3.1719999999999997
ASCC_31,8.4,1.202
FSR_1083,8.81,1.3010299956639813
FSR_1051,8.79,1.816241299991783
FSR_1032,8.72,1.2430380486862944
MWSC_5154,9.5,0.7781512503836436
NGC_6481,9.56,1.3117538610557542
FSR_0095,9.35,1.6283889300503116
NGC_6755,8.0,2.0737183503461227
Czernik_39,7.8,1.724275869600789
FSR_0966,8.48,1.0
RMC-4b,8.29,0.9294189257142927
MWSC_5344,9.32,1.2787536009528289
Dias_2,9.27,1.7634279935629373
Dolidze_22,8.37,1.7853298350107671
NGC_2269,8.665,2.4419999999999997
Collinder_107,7.165,1.9880000000000002
NGC_6756,8.4,1.816241299991783
FSR_0128,9.4,1.1903316981702914
Collinder_104,8.5,1.4983105537896004
NGC_2180,9.355,1.9369999999999998
MWSC_5350,9.475,1.3979400086720377
Czernik_38,7.3,2.2227164711475833
Collinder_92,9.145,2.0149403497929366
FSR_1000,8.79,1.8027737252919758
MWSC_5351,9.2,1.1760912590556813
Berkeley_78,9.45,1.6483600109809315
NGC_2252,8.86,1.43
FSR_0978,7.95,1.4471580313422192
IC_4756,8.79,3.112
NGC_2186,8.2,1.547
FSR_0099,8.855,1.2787536009528289
FSR_0964,8.26,1.3617278360175928
Archinal_1,8.0,1.5965970956264601
BDSB_11,8.4,1.3324384599156054
IC_4665,7.63,2.681
FSR_1102,8.77,1.3710678622717363
FSR_0091,9.45,1.1139433523068367
NGC_2143,9.09,1.8969999999999998
Berkeley_26,8.71,1.2041199826559248
Berkeley_27,9.3,1.4983105537896004
MWSC_5651,9.225,1.1760912590556813
MWSC_4561,9.4,1.4983105537896004
Collinder_97,8.4,1.962
NGC_2202,9.2,1.1159999999999999
Collinder_106,6.415,4.038
ASCC_34,8.53,2.02
MWSC_5358,9.07,1.380211241711606
Juchert_3,6.0,1.6180480967120927
Czernik_27,8.995,0.9777236052888477
MWSC_5340,9.465,1.3617278360175928
Berkeley_32,9.45,1.8095597146352678
NGC_6633,8.76,2.097
FSR_1025,8.6,1.3324384599156054
MWSC_5359,9.205,1.3117538610557542
FSR_1029,8.93,1.5854607295085006
Kronberger_3,8.3,1.0
Juchert_18,9.02,1.3117538610557542
NGC_2236,8.75,1.954242509439325
Collinder_111,7.7,1.6334684555795864
Czernik_25,8.52,2.110589710299249
FSR_0985,8.5,1.8543060418010806
Dolidze_21,9.1,1.5250448070368452
Dolidze_17,9.18,1.3424226808222062
ASCC_26,8.15,1.462
FSR_0988,8.92,1.662757831681574
Collinder_74,9.09,1.7558748556724915
FSR_0102,9.015,1.3010299956639813
FSR_1039,9.05,1.1903316981702914
FSR_0096,9.4,1.255272505103306
NGC_2254,8.675,1.6384892569546374
Berkeley_22,9.5,1.2174839442139063
NGC_6828,8.25,1.4240000000000002
FSR_1087,9.0,0.9542425094393249
MWSC_5751,9.25,1.4548448600085102
Basel_8,7.925,2.9389999999999996
FSR_1084,8.8,1.3710678622717363
FSR_0118,9.025,1.4842998393467859
FSR_0108,9.3,1.4393326938302626
Dolidze_19,8.59,1.2304489213782739
Berkeley_31,9.3,1.5185139398778875
Basel_7,8.105,1.469822015978163
NGC_2251,8.455,2.4019999999999997
FSR_0920,8.655,1.550228353055094
NGC_2039,8.58,1.7283537820212285
FSR_1064,8.025,1.3617278360175928
FSR_0998,8.95,1.3710678622717363
B_35,8.92,2.1222158782728267
Alessi_53,7.0,1.423245873936808
MWSC_5633,9.1,1.2174839442139063
FSR_0999,8.85,1.6283889300503116
Trumpler_5,9.5,2.597695185925512
MWSC_4375,9.375,1.724275869600789
NGC_2459,8.99,0.8450980400142568
Alessi_56,8.585,1.2787536009528289
FSR_0914,8.55,1.3521825181113625
Alessi_14,8.6,1.130333768495006
Collinder_69,6.76,2.178
FSR_0140,9.45,1.4065401804339552
NGC_2312,8.81,1.290034611362518
NGC_6709,8.15,2.295
NGC_6724,8.975,1.5185139398778875
MWSC_5645,9.01,1.3324384599156054
NGC_2141,9.245,1.9822712330395684
MWSC_4602,8.785,1.6074550232146685
Poole_J1856+10.8,8.975,1.3324384599156054
Poole_J1855+10.8,8.975,1.5250448070368452
NGC_2259,8.625,1.7671558660821804
NGC_1662,8.695,1.92
NGC_6525,9.45,1.4842998393467859
FSR_0979,8.7,1.6857417386022637
FSR_0106,7.95,1.146128035678238
NGC_6858,9.37,1.3010299956639813
Berkeley_43,8.785,2.1658376246901283
FSR_0930,8.645,1.423245873936808
Dol-Dzim_2,9.025,1.505149978319906
FSR_0913,8.9,1.591064607026499
NGC_6738,9.515,1.14
Dias_8,9.15,1.469822015978163
Dolidze_35,8.3,1.7442929831226763
NGC_6837,9.195,1.2787536009528289
NGC_2682,9.535,2.1319999999999997
FSR_0977,8.68,1.6434526764861874
FSR_0968,8.52,1.5854607295085006
Dolidze_26,8.475,1.5740312677277188
NGC_2265,7.25,1.5965970956264601
FSR_0151,9.4,1.380211241711606
FSR_0136,9.35,1.4393326938302626
FSR_0123,8.76,1.8543060418010806
MWSC_5338,9.405,1.290034611362518
NGC_6840,9.4,1.423245873936808
FSR_1044,9.125,1.1760912590556813
NGC_6843,9.26,1.505149978319906
Alessi_19,7.9,3.08
MWSC_5058,8.95,0.7781512503836436
BDSB_82,7.915,1.4842998393467859
FSR_0960,8.52,1.6580113966571124
FSR_0974,8.91,1.792391689498254
NGC_2664,8.29,1.130333768495006
Juchert_1,8.675,1.8512583487190752
NGC_2194,8.8,2.210853365314893
Skiff_J0614+12.9,8.45,1.3979400086720377
FSR_0952,9.105,2.019116290447073
FSR_0956,8.1,1.8129133566428555
Berkeley_82,8.06,2.0170333392987803
NGC_1663,9.4,1.6766936096248666
FSR_0124,8.75,1.6384892569546374
FSR_0975,9.1,1.1139433523068367
FSR_0907,9.155,1.2041199826559248
MWSC_5354,9.25,1.2304489213782739
MWSC_5348,9.5,1.130333768495006
NGC_2395,9.28,1.255272505103306
FSR_0942,9.0,1.8260748027008264
King_25,8.45,2.2833012287035497
NGC_2355,8.9,1.9395192526186185
FSR_0126,6.95,1.954242509439325
Teutsch_11,8.8,1.7781512503836436
Kronberger_13,8.525,1.9111576087399766
FSR_0129,8.48,1.8095597146352678
NGC_2169,6.89,1.4809999999999999
FSR_0962,8.935,1.7558748556724915
FSR_0953,8.75,1.5118833609788744
FSR_0132,9.1,1.7442929831226763
FSR_0967,8.625,1.2671717284030137
BDSB_81,8.115,1.3710678622717363
FSR_0939,8.71,2.1931245983544616
FSR_0955,7.4,1.2430380486862944
FSR_0933,8.465,1.7520484478194385
FSR_0932,9.1,1.6384892569546374
FSR_0957,8.735,1.6812412373755872
FSR_0951,8.7,2.1583624920952498
FSR_0940,9.4,1.550228353055094
Riddle_15,9.0,1.255272505103306
King_26,8.68,1.6232492903979006
FSR_0937,8.98,1.550228353055094
MWSC_5804,9.465,1.0
FSR_0928,7.5,1.6989700043360187
FSR_0131,6.7,1.462397997898956
NGC_7036,9.45,1.0413926851582251
FSR_0133,8.415,2.4955443375464483
Collinder_65,8.065,3.824
Alessi_57,8.65,1.5854607295085006
Berkeley_45,8.86,1.8721562727482928
FSR_0941,8.665,1.7363965022766426
FSR_0120,9.23,1.7323937598229686
FSR_0948,8.78,1.667452952889954
FSR_0931,7.4,1.8260748027008264
FSR_0925,8.2,1.921686475483602
NGC_7772,9.162,1.021189299069938
BDSB_157,6.25,1.4983105537896004
NGC_1807,8.25,1.6580113966571124
IRAS_05553+1631,8.55,0.9542425094393249
NGC_6950,9.205,1.4842998393467859
FSR_0921,8.75,1.8721562727482928
NGC_1817,8.9,3.2439999999999998
NGC_2234,8.08,1.6180480967120927
FSR_0117,9.32,1.255272505103306
FSR_0924,8.87,1.6483600109809315
FSR_0161,9.5,1.2304489213782739
FSR_0134,7.0,1.8293037728310249
MWSC_5333,9.35,1.2041199826559248
FSR_0882,9.35,1.7888751157754168
FSR_0936,8.955,1.591064607026499
Berkeley_29,9.1,1.290034611362518
FSR_0923,8.725,2.0232524596337114
FSR_0884,9.315,1.724275869600789
FSR_0886,9.11,1.5965970956264601
MWSC_5343,9.355,1.1613680022349748
Berkeley_47,7.97,1.9111576087399766
FSR_0121,9.45,1.4471580313422192
Roslund_1,8.765,1.395
NGC_7084,9.425,1.3424226808222062
FSR_0929,8.495,1.7520484478194385
FSR_0935,8.8,1.6483600109809315
NGC_6839,9.3,1.9395192526186185
NGC_2304,8.835,1.4983105537896004
FSR_0927,8.65,2.0149403497929366
FSR_0868,8.9,1.5440680443502757
Harvard_20,8.05,1.7888751157754168
MWSC_4301,9.415,1.5314789170422551
Alessi_11,9.085,1.662757831681574
FSR_0143,8.82,1.9708116108725178
Skiff_J0619+18.5,7.9,1.9395192526186185
Kronberger_79,8.39,1.4471580313422192
Teutsch_42,6.1,1.4771212547196624
MWSC_5634,9.25,1.3010299956639813
ASCC_104,7.71,3.181
BDSB_156,7.99,1.4842998393467859
Teutsch_27,8.75,1.4548448600085102
FSR_0861,9.025,1.4913616938342726
FSR_0906,8.955,1.6483600109809315
FSR_0909,8.445,1.6812412373755872
IRAS_06117+1901,8.05,1.3324384599156054
FSR_0904,7.8,1.8195439355418688
FSR_0903,8.81,1.9057958803678685
FSR_0857,8.0,1.380211241711606
NGC_1647,8.3,2.543
FSR_0900,6.61,2.0681858617461617
MWSC_5368,9.255,1.146128035678238
MWSC_5764,9.2,1.130333768495006
Berkeley_44,9.15,2.3774883833761327
NGC_2632,8.92,2.477
Bochum_1,6.6,1.6901960800285136
FSR_0851,9.15,1.414973347970818
MWSC_5367,9.15,1.4065401804339552
FSR_0142,6.4,1.724275869600789
NGC_2026,8.62,1.6384892569546374
FSR_0837,9.065,1.2671717284030137
NGC_6802,8.955,2.125481265700594
FSR_0894,7.2,1.9614210940664483
MWSC_5627,9.25,1.130333768495006
FSR_0874,8.86,1.2671717284030137
Roslund_3,7.7,2.861
Berkeley_23,8.97,1.4983105537896004
FSR_0902,7.145,1.5440680443502757
Pismis_27,8.25,1.4471580313422192
MWSC_5782,9.29,1.3424226808222062
Czernik_24,9.1,1.8481891169913987
NGC_6873,9.175,1.3617278360175928
Czernik_40,8.93,1.9978230807457256
Dias_7,9.32,1.4842998393467859
NGC_6827,9.06,1.3117538610557542
FSR_0148,6.0,1.5965970956264601
FSR_0841,8.68,1.2041199826559248
FSR_0893,8.725,1.9294189257142926
NGC_2420,9.365,2.1122697684172707
Alessi_62,8.95,1.7323937598229686
FSR_0804,9.1,1.380211241711606
Koposov_77,9.445,1.6074550232146685
Berkeley_21,9.3,1.6989700043360187
FSR_0125,9.35,1.4842998393467859
FSR_0864,8.25,1.8692317197309762
ASCC_107,8.045,0.9990000000000001
Basel_11B,8.98,2.5860000000000003
FSR_0883,8.735,1.7363965022766426
FSR_0805,8.8,1.2304489213782739
NGC_6793,8.695,2.138
NGC_6938,9.245,1.4983105537896004
Berkeley_72,8.84,1.5185139398778875
MWSC_5621,9.46,1.1903316981702914
FSR_0905,8.3,1.8325089127062364
FSR_0891,8.37,1.4065401804339552
Kronberger_12,8.87,1.5622928644564746
FSR_0944,8.7,1.2174839442139063
Platais_4,8.55,2.752
MWSC_5018,9.12,1.3617278360175928
MWSC_4383,9.095,1.550228353055094
MWSC_5602,9.39,1.0
NGC_6830,8.105,3.218
FSR_0890,7.5,1.7671558660821804
Teutsch_40,9.115,1.5563025007672873
NGC_6823,7.01,3.9960000000000004
FSR_0154,7.0,2.031408464251624
NGC_2129,7.48,1.473
Collinder_89,7.825,3.1710000000000003
FSR_0888,7.6,1.7363965022766426
NGC_6659,9.43,1.6334684555795864
Alessi_12,7.46,2.5669999999999997
FSR_0820,9.25,1.3424226808222062
NGC_1746,8.64,2.8930000000000002
BDSB_77,6.2,1.2671717284030137
Roslund_2,6.78,3.949
MWSC_5038,9.3,0.6020599913279624
FSR_0149,8.83,1.5622928644564746
IC_2157,7.9,1.662757831681574
NGC_2158,9.33,2.5622928644564746
MWSC_5623,9.1,1.3222192947339193
NGC_1802,9.15,1.555
Dol-Dzim_8,9.3,1.1903316981702914
FSR_0175,8.975,1.5854607295085006
Teutsch_7,8.65,1.7745169657285496
Kharchenko_1,8.35,1.146128035678238
NGC_2168,8.255,3.5580000000000003
Melotte_22,8.15,2.6719999999999997
FSR_0880,9.0,1.816241299991783
Koposov_63,9.22,1.6532125137753437
ASCC_25,9.1,2.3369999999999997
Dolidze_53,7.335,1.7888751157754168
Koposov_62,9.415,1.8543060418010806
FSR_0850,7.3,1.8808135922807914
NGC_6800,8.56,1.9969999999999999
FSR_0852,9.0,2.0170333392987803
Stock_1,8.54,1.62
FSR_0162,8.95,1.5740312677277188
Czernik_41,8.47,1.667452952889954
FSR_0163,8.55,1.6384892569546374
FSR_0166,9.045,1.9111576087399766
FSR_0842,6.55,1.7481880270062005
Saurer_5,8.87,1.4771212547196624
FSR_0858,9.005,1.7075701760979363
NGC_6904,7.8,1.2174839442139063
NGC_1996,8.515,2.72
FSR_0849,8.635,1.3521825181113625
MWSC_5779,9.13,1.2304489213782739
Dol-Dzim_4,8.455,1.711807229041191
FSR_0773,8.6,1.0413926851582251
FSR_0158,8.505,1.6901960800285136
FSR_0765,9.315,1.5118833609788744
Kronberger_31,8.5,1.8893017025063104
Koposov_53,8.055,1.4913616938342726
Melotte_111,8.84,2.516
NGC_2248,9.16,0.8129133566428556
FSR_0846,7.3,1.8481891169913987
Dol-Dzim_3,8.915,1.0606978403536116
NGC_6885,9.045,2.0354297381845483
FSR_0184,9.38,1.5854607295085006
FSR_0757,9.0,1.021189299069938
FSR_0183,8.99,1.2787536009528289
FSR_0165,6.91,2.1687920203141817
NGC_6882,8.2,0.513
Teutsch_51,8.725,1.6720978579357175
BDSB_15,8.59,1.1613680022349748
FSR_0160,8.69,1.6532125137753437
"S_242,Sh2_242",6.4,0.9294189257142927
NGC_2266,9.265,1.3710678622717363
MWSC_5901,9.38,1.3891660843645324
FSR_0167,8.2,1.9493900066449128
FSR_0859,8.99,1.290034611362518
Collinder_21,9.392999999999999,1.4913616938342726
FSR_0878,9.2,1.3010299956639813
BDSB_16,7.55,1.2787536009528289
FSR_0762,8.3,1.255272505103306
NGC_2331,8.6,1.3010299956639813
Turner_1,8.74,1.2041199826559248
Dutra-Bica_83,8.78,1.5797835966168101
ASCC_105,7.91,2.7539999999999996
FSR_0809,9.2,1.7363965022766426
FSR_0170,8.9,1.568201724066995
Kronberger_5,8.095,1.3617278360175928
Kronberger_4,9.1,1.130333768495006
NGC_6940,8.98,2.56
FSR_0174,7.5,1.3222192947339193
Berkeley_83,8.685,1.9242792860618816
Czernik_19,7.835,1.8750612633917
Teutsch_10,7.8,2.019116290447073
MWSC_5365,8.985,1.0791812460476249
Czernik_23,8.48,1.7888751157754168
Berkeley_52,9.0,1.9319661147281726
FSR_0826,7.3,1.792391689498254
FSR_0145,9.185,1.7993405494535817
FSR_0178,9.18,1.7160033436347992
FSR_0172,9.125,1.6232492903979006
NGC_1896,9.1,1.541
Turner_9,8.03,3.8680000000000003
NGC_6743,8.225,1.711807229041191
NGC_6834,7.98,1.9493900066449128
FSR_0823,8.805,1.6720978579357175
Berkeley_19,9.5,1.5563025007672873
FSR_0844,8.6,1.9003671286564703
FSR_0756,8.795,1.290034611362518
FSR_0866,9.2,1.8692317197309762
FSR_0768,8.85,1.380211241711606
Teutsch_43,9.25,1.0969100130080565
Koposov_43,9.115,2.0569048513364727
FSR_0821,9.1,1.919078092376074
MWSC_5044,9.57,0.6989700043360189
ASCC_102,8.89,2.759
MWSC_5033,9.17,1.1903316981702914
FSR_0876,9.2,1.290034611362518
ASCC_17,7.265,3.3930000000000002
FSR_0796,9.4,1.5740312677277188
Basel_4,8.665,1.7032913781186614
MWSC_5800,8.325,1.1139433523068367
FSR_0839,8.86,1.6127838567197355
FSR_0860,9.3,1.3424226808222062
Latham_1,9.4,1.0969100130080565
Kronberger_68,8.54,1.4913616938342726
Berkeley_17,9.6,2.084576277934331
IRAS_05439+3035,7.2,1.6180480967120927
BDSB_74,8.45,1.3424226808222062
FSR_0250,9.5,1.4471580313422192
FSR_0833,9.1,1.6020599913279623
Skiff_J0507+30.8,9.21,1.4771212547196624
Kronberger_52,9.0,1.6020599913279623
FSR_0817,9.05,1.7558748556724915
Czernik_18,8.68,1.6532125137753437
Teutsch_45,7.1,1.6283889300503116
Koposov_36,8.445,2.002166061756508
Teutsch_124,9.395,1.8228216453031045
DC_8,8.605,1.3324384599156054
FSR_0815,8.655,1.380211241711606
FSR_0848,9.195,1.380211241711606
Kronberger_69,7.9,1.9003671286564703
FSR_0816,7.8,1.7283537820212285
FSR_0767,9.35,1.7481880270062005
Dol-Dzim_9,9.39,1.255272505103306
SAI_132,8.75,2.2000292665537704
MWSC_4409,8.85,1.724275869600789
FSR_0812,7.3,1.7160033436347992
MWSC_5366,9.285,1.2304489213782739
FSR_0807,7.0,1.4771212547196624
Kronberger_54,8.83,1.7201593034059568
FSR_0724,9.095,1.290034611362518
IC_348,6.78,0.67
FSR_0771,8.515,1.7403626894942439
Saurer_6,9.2,1.7323937598229686
Berkeley_71,9.02,1.7442929831226763
NGC_6846,9.155,1.6180480967120927
Loiano_1,8.9,1.7201593034059568
NGC_2099,8.55,2.8560000000000003
Berkeley_69,9.01,2.0394141191761372
Dolidze_16,7.6,1.5740312677277188
MWSC_5019,8.97,1.2430380486862944
FSR_0189,6.5,1.711807229041191
BDSB_18,7.0,1.5854607295085006
Koposov_27,8.755,1.2671717284030137
NGC_1893,6.55,3.4610000000000003
SAI_48,8.95,1.5854607295085006
FSR_0182,9.0,1.7745169657285496
BDSB_19,9.1,1.146128035678238
FSR_0741,9.4,1.4065401804339552
FSR_0190,6.1,1.2787536009528289
ASCC_110,8.55,2.199
ASCC_100,7.95,1.271
FSR_0266,9.245,1.3891660843645324
Toepler_1,8.655,1.6532125137753437
FSR_0195,9.345,1.6720978579357175
King_8,9.005,1.6180480967120927
FSR_0831,9.265,1.3010299956639813
FSR_0799,9.095,1.9319661147281726
NGC_7037,7.57,1.423245873936808
Roslund_5,7.57,2.31
Dolidze_20,7.4,1.1903316981702914
FSR_0192,7.2,2.0492180226701815
Berkeley_84,8.08,1.8864907251724818
FSR_0188,8.2,1.8095597146352678
Patchick_75,9.06,1.9493900066449128
NGC_1960,7.565,2.491
Berkeley_51,8.255,2.2121876044039577
ASCC_109,8.125,2.403
Berkeley_49,8.46,1.9344984512435677
FSR_0691,9.04,1.2174839442139063
FSR_0777,7.0,1.3617278360175928
Kronberger_1,6.9,1.5314789170422551
FSR_0775,8.72,1.7671558660821804
Berkeley_50,8.375,2.404833716619938
ASCC_10,8.717,2.496
FSR_0843,9.15,1.462397997898956
Teutsch_28,8.85,1.5740312677277188
ASCC_14,8.53,2.384
FSR_0279,8.665,1.3710678622717363
NGC_2240,9.2,1.4040000000000001
Koposov_12,8.91,1.845098040014257
Teutsch_8,7.5,1.4471580313422192
NGC_1907,8.6,2.875
Koposov_10,8.775,1.3979400086720377
Biurakan_2,7.23,2.135
Ruprecht_175,9.0,1.0791812460476249
Kronberger_28,8.855,1.469822015978163
Ruprecht_173,8.8,2.12057393120585
Turner_11,8.92,1.7363965022766426
ASCC_103,8.39,2.475
Ruprecht_172,9.065,2.418
FSR_0198,6.56,1.8027737252919758
Biurakan_1,7.035,2.991
NGC_6871,6.99,3.062
FSR_0759,9.2,1.4771212547196624
NGC_1912,8.35,3.062
NGC_6883,7.71,2.428
BDSB_73,8.875,1.7596678446896306
Sh2_235,6.62,1.3117538610557542
Dol-Dzim_11,9.2,1.3617278360175928
FSR_0750,9.455,1.6334684555795864
Czernik_21,9.35,2.3483048630481607
Teutsch_30,7.5,1.3010299956639813
FSR_0740,9.0,1.7442929831226763
NGC_7050,9.19,1.0606978403536116
ASCC_101,8.62,1.4580000000000002
FSR_0264,9.41,1.6020599913279623
FSR_0811,8.8,1.3891660843645324
NGC_7063,7.955,2.178
Dolidze_1,7.6,1.5440680443502757
SAI_46,9.2,1.3710678622717363
Dolidze_47,8.4,1.8721562727482928
ASCC_15,8.685,2.5269999999999997
Kronberger_57,8.95,1.1139433523068367
Kronberger_73,8.83,0.9542425094393249
Kronberger_74,9.0,1.0969100130080565
FSR_0753,8.3,1.6720978579357175
Teutsch_5,9.38,1.866287339084195
Stephenson_1,7.52,2.983
Dolidze_3,8.29,2.089905111439398
FSR_0682,8.55,1.1613680022349748
NGC_1548,9.02,1.550228353055094
Ruprecht_174,8.9,1.7201593034059568
NGC_1778,8.45,2.025
FSR_0210,8.8,1.3891660843645324
NGC_1342,8.6,2.186
G_76.2-0.3,7.475,1.2304489213782739
Berkeley_87,7.1,1.9084850188786497
Dolidze_45,8.935,1.6232492903979006
BDSB_68,8.5,1.568201724066995
Kronberger_18,7.25,1.8260748027008264
IC_4996,7.15,3.042
Dolidze_37,7.585,1.6532125137753437
FSR_0193,8.99,1.3010299956639813
Teutsch_39,7.7,1.2174839442139063
Berkeley_85,9.065,2.492061604512599
NGC_6791,9.645,1.9566485792052033
NGC_752,9.13,3.258
Stock_10,8.42,1.6219999999999999
FSR_0225,8.865,1.5797835966168101
Dolidze_40,8.4,1.9057958803678685
Kronberger_72,8.85,1.423245873936808
Dolidze_39,9.05,1.9845273133437926
Roslund_7,8.6,2.51
FSR_0744,8.85,1.792391689498254
MWSC_5558,9.125,1.2174839442139063
Feibelman_1,6.7,1.255272505103306
FSR_0742,8.95,1.2041199826559248
Dolidze_42,7.525,1.7442929831226763
FSR_0709,8.69,1.2430380486862944
Teutsch_52,8.8,1.255272505103306
Dol-Dzim_6,9.45,1.0969100130080565
Basel_6,9.11,1.6020599913279623
SAI_41,9.5,1.3891660843645324
FSR_0728,8.255,1.7853298350107671
NGC_6913,7.51,1.431
ASCC_113,7.93,2.171
Skiff_J1942+38.6,9.25,1.8388490907372552
Berkeley_86,6.8,1.864
Teutsch_132,6.9,1.414973347970818
FSR_0213,8.715,1.6127838567197355
King_17,7.85,1.6989700043360187
FSR_0698,8.25,1.146128035678238
Bica_6,9.19,1.711807229041191
FSR_0695,9.295,1.2787536009528289
Teutsch_2,8.95,1.2787536009528289
FSR_0700,9.15,1.414973347970818
NGC_1857,8.67,1.919078092376074
Dolidze_5,8.1,1.9111576087399766
vdBergh_130,7.4,1.4913616938342726
ASCC_108,8.425,2.481
DB2001_7,6.8,1.5622928644564746
Czernik_20,9.19,2.307496037913213
FSR_0237,8.1,1.5622928644564746
FSR_0733,9.06,1.462397997898956
FSR_0761,6.55,1.9800033715837464
NGC_2192,9.25,1.7160033436347992
FSR_0253,8.275,2.095169351431755
Kronberger_59,8.0,0.7781512503836436
FSR_0692,9.32,1.568201724066995
NGC_6819,9.21,1.9867717342662448
FSR_0224,9.005,1.3010299956639813
IRAS_20306+4005,6.4,1.2041199826559248
Waterloo_2,8.33,1.4393326938302626
MWSC_5016,8.81,1.3010299956639813
Berkeley_54,8.985,1.7442929831226763
FSR_0227,8.515,1.4548448600085102
Dol-Dzim_10,9.1,1.1613680022349748
FSR_0277,9.15,1.3521825181113625
Dolidze_55,8.85,1.5622928644564746
Collinder_419,7.1,2.169
NGC_6910,7.53,2.316
FSR_0222,7.2,1.6020599913279623
FSR_0735,8.795,1.7201593034059568
IRAS_20264+4042,6.6,1.1139433523068367
FSR_0223,6.55,1.8481891169913987
FSR_0370,9.15,1.290034611362518
Collinder_62,8.905,2.1889284837608534
SAI_36,9.15,1.130333768495006
NGC_2281,8.785,1.9869999999999999
IC_1311,9.15,2.292256071356476
FSR_0219,6.5,1.5622928644564746
Dolidze_38,9.165,2.481
SAI_137,8.9,1.591064607026499
IRAS_20286+4105,7.95,1.021189299069938
FSR_0689,9.2,1.5378190950732742
Dolidze_2,8.785,1.5854607295085006
G_80.35+0.72,7.5,1.2430380486862944
FSR_0238,6.77,1.591064607026499
MWSC_5828,9.2,1.3891660843645324
Dolidze_11,7.35,1.4771212547196624
FSR_0236,8.2,2.180412632838324
NGC_7024,8.425,1.9370161074648142
MWSC_5571,9.31,1.3521825181113625
FSR_0723,8.965,1.550228353055094
FSR_0697,8.915,1.505149978319906
MWSC_5533,8.8,0.9030899869919435
FSR_0749,8.62,1.505149978319906
Dolidze_44,8.155,1.7201593034059568
Collinder_421,9.08,1.295
ASCC_12,8.63,1.7
FSR_0719,8.945,1.3979400086720377
Berkeley_56,9.4,1.3979400086720377
DB2001_17,6.4,0.9777236052888477
FSR_0714,9.06,1.5250448070368452
FSR_0271,8.9,1.7558748556724915
Berkeley_70,9.35,1.8228216453031045
Dolidze_9,8.0,1.505149978319906
FSR_0721,8.8,1.662757831681574
DB2001_18,8.9,1.1903316981702914
FSR_0265,9.0,1.9395192526186185
MWSC_4131,9.4,1.2671717284030137
Berkeley_68,9.11,1.9030899869919435
DB2001_16,6.9,1.0791812460476249
FSR_0717,9.05,1.4771212547196624
Dolidze_36,8.92,2.072
FSR_0245,8.58,1.021189299069938
Dolidze_8,8.855,1.1139433523068367
SAI_47,9.2,1.6127838567197355
DB2001_15,6.6,0.8450980400142568
FSR_0734,7.5,1.6232492903979006
FSR_0249,6.1,1.2787536009528289
NGC_7044,9.28,2.144574207609616
FSR_0732,7.0,1.6384892569546374
FSR_0232,8.15,1.841984804590114
DB2001_20,7.5,0.9542425094393249
Berkeley_12,9.6,2.0681858617461617
NGC_1039,8.383,1.827
DB2001_22,7.235,1.3424226808222062
FSR_0251,8.7,1.7671558660821804
Skiff_J0458+43.0,8.7,1.7520484478194385
FSR_0261,8.275,1.9978230807457256
FSR_0328,9.25,1.0606978403536116
FSR_0481,9.1,1.0606978403536116
FSR_0330,9.135,1.7520484478194385
FSR_0331,9.3,1.4913616938342726
Berkeley_14,9.3,2.0916669575956846
NGC_1664,8.75,2.958
NGC_1582,8.665,2.412
FSR_0258,8.3,1.7283537820212285
"Herbig_1,CBJC_3b",6.0,0.6020599913279624
FSR_0209,8.265,1.0791812460476249
Teutsch_22,8.5,1.6127838567197355
FSR_0722,8.8,1.505149978319906
FSR_0560,8.355,1.3324384599156054
NGC_6866,8.64,1.768
FSR_0255,7.9,1.6901960800285136
Wit_4,8.0,2.0354297381845483
FSR_0270,8.255,1.7596678446896306
NGC_1193,9.3,1.130333768495006
CBJC_4,7.7,1.6766936096248666
Berkeley_15,9.4,1.8836614351536176
NGC_956,9.1,1.414973347970818
ASCC_13,7.71,3.3960000000000004
Ruprecht_148,7.725,1.3222192947339193
FSR_0616,9.23,1.3617278360175928
FSR_0736,9.335,1.6483600109809315
CBJC_7,7.915,0.9030899869919435
FSR_0273,8.745,1.9934362304976116
Basel_14,8.805,1.6074550232146685
ASCC_11,8.345,2.158
CBJC_8,8.2,1.9030899869919435
Berkeley_11,8.7,1.9731278535996986
NGC_6989,8.75,2.2889196056617265
NGC_1605,7.61,1.845098040014257
Berkeley_18,9.63,2.0549958615291417
Patchick_3,8.905,1.9319661147281726
FSR_0260,8.93,1.4983105537896004
FSR_0716,8.805,1.4913616938342726
NGC_7039,8.655,2.7689999999999997
FSR_0702,8.9,1.2671717284030137
NGC_7093,8.5,1.7323937598229686
Barkhatova_1,8.72,1.9661417327390327
Berkeley_89,9.2,2.0737183503461227
FSR_0686,7.5,1.9444826721501687
FSR_0241,9.1,1.255272505103306
Basel_12,8.925,1.8129133566428555
FSR_0254,7.265,1.6989700043360187
ASCC_124,8.195,1.8659999999999999
NGC_7062,8.84,1.8325089127062364
NGC_6811,8.805,2.8989999999999996
NGC_1883,8.545,1.4548448600085102
Basel_13,8.96,2.019116290447073
NGC_7209,8.629,2.444
ASCC_23,8.485,2.1630000000000003
MWSC_5370,9.35,1.0606978403536116
Berkeley_90,8.3,1.667452952889954
Juchert_20,8.225,1.5378190950732742
FSR_0275,8.91,1.9030899869919435
ASCC_119,8.791,2.269
SAI_141,8.6,1.462397997898956
FSR_0305,9.06,1.4393326938302626
NGC_7082,8.002,3.595
FSR_0293,9.225,1.5563025007672873
Teutsch_156,8.785,1.9493900066449128
MWSC_5371,9.035,1.3222192947339193
NGC_1245,9.025,2.3710678622717363
IC_5146,6.0,0.9542425094393249
FSR_0303,8.95,1.6857417386022637
FSR_0707,9.115,1.550228353055094
NGC_1798,9.3,1.9493900066449128
IC_1369,8.54,1.99563519459755
FSR_0274,7.8,2.1658376246901283
NGC_7067,8.1,1.6857417386022637
FSR_0282,9.24,1.8603380065709938
Berkeley_88,8.815,1.3117538610557542
FSR_0371,8.7,1.724275869600789
FSR_0291,8.755,1.6580113966571124
NGC_7092,8.568999999999999,2.27
Berkeley_91,8.4,1.7817553746524688
Aveni-Hunter_1,8.186,2.55
FSR_0674,8.56,1.5622928644564746
Melotte_20,7.7,3.863
Basel_15,8.6,1.2671717284030137
FSR_0318,8.804,1.423245873936808
Platais_1,8.2,1.7708520116421442
FSR_0288,8.47,1.8095597146352678
NGC_7686,9.052999999999999,1.3117538610557542
Patchick_89,9.2,1.130333768495006
FSR_0284,8.775,1.7817553746524688
Alessi_1,8.84,2.512
NGC_1724,9.0,1.6074550232146685
NGC_1513,8.5,2.123851640967086
BDSB_21,8.9,1.792391689498254
FSR_0295,8.8,1.8948696567452525
NGC_2126,9.45,1.9822712330395684
SAI_43,8.905,1.0413926851582251
NGC_7243,7.965,3.0389999999999997
FSR_0296,8.937999999999999,1.2430380486862944
FSR_0690,9.0,1.7745169657285496
FSR_0440,9.1,1.3617278360175928
NGC_6895,9.33,1.845098040014257
LDN_988e,6.67,1.1139433523068367
NGC_1545,8.81,1.756
SAI_143,8.6,1.6127838567197355
Teutsch_144,8.805,1.8750612633917
NGC_7801,9.255,1.5118833609788744
FSR_0307,9.15,1.3891660843645324
FSR_0290,8.92,1.6434526764861874
Berkeley_67,9.242,1.8893017025063104
SAI_49,9.15,1.5440680443502757
NGC_7031,8.2,2.285557309007774
FSR_0312,8.66,1.2671717284030137
FSR_0278,8.85,1.2430380486862944
Berkeley_53,9.09,2.2380461031287955
Barkhatova_2,8.632,1.591064607026499
ASCC_126,7.4510000000000005,2.508
FSR_0667,8.08,1.2671717284030137
IRAS_04324+5106,8.38,1.3324384599156054
NGC_1528,8.55,2.6839999999999997
FSR_0322,9.25,1.7520484478194385
FSR_0304,8.785,1.975431808509263
FSR_0325,8.45,2.0211892990699383
NGC_1348,8.45,1.6283889300503116
FSR_0319,8.6,1.8721562727482928
ASCC_115,8.35,1.254
MWSC_4316,9.23,1.2430380486862944
NGC_7086,8.065,2.1383026981662816
FSR_0306,7.5,1.9444826721501687
SAI_1,9.27,0.9777236052888477
Berkeley_55,8.57,1.5185139398778875
King_7,8.85,2.6464037262230695
FSR_0620,8.84,1.8779469516291882
FSR_0671,7.9,1.255272505103306
FSR_0477,9.04,1.414973347970818
FSR_0617,9.25,1.2787536009528289
FSR_0663,8.914,1.4548448600085102
FSR_0660,6.75,1.591064607026499
ASCC_112,8.15,1.4169999999999998
Czernik_15,7.3,1.380211241711606
FSR_0316,8.915,2.0492180226701815
NGC_7296,8.675,1.4548448600085102
FSR_0507,9.0,1.5378190950732742
Berkeley_98,9.32,2.0149403497929366
Kronberger_80,8.75,1.290034611362518
Juchert_19,9.3,1.0791812460476249
BDSB_22,8.9,1.2430380486862944
FSR_0323,8.95,1.423245873936808
Czernik_16,7.3,2.0293837776852097
NGC_1444,6.85,1.2041199826559248
NGC_1496,8.85,1.414973347970818
Berkeley_9,9.3,1.9661417327390327
FSR_0544,8.906,1.7520484478194385
Stock_12,8.45,1.557
King_5,9.09,2.1986570869544226
Berkeley_13,8.87,1.3521825181113625
Waterloo_1,8.6,1.3891660843645324
IC_1434,8.245,2.0293837776852097
NGC_1708,8.755,1.703
FSR_0342,8.275,1.7671558660821804
FSR_0683,9.2,1.4393326938302626
Patchick_103,8.95,1.1760912590556813
FSR_0341,9.0,1.7160033436347992
NGC_1220,8.2,1.462397997898956
Kronberger_84,8.825,1.7283537820212285
Kronberger_81,8.6,1.6532125137753437
FSR_0362,9.009,1.5854607295085006
FSR_0656,8.895,2.0394141191761372
FSR_0320,8.85,1.5622928644564746
NGC_7128,7.26,1.7708520116421442
FSR_0314,8.14,2.0433622780211294
FSR_0317,8.8,1.7708520116421442
FSR_0324,8.18,1.4471580313422192
FSR_0326,8.1,1.3979400086720377
FSR_0655,8.72,1.021189299069938
Juchert_11,8.9,1.4065401804339552
FSR_0357,8.835,1.3117538610557542
ASCC_114,7.75,1.041
IC_1442,7.6,3.5589999999999997
FSR_0654,8.508,1.1139433523068367
FSR_0693,9.0,1.0413926851582251
NGC_7245,8.55,1.6334684555795864
NGC_7438,8.8,1.986
King_9,9.5,1.1139433523068367
ASCC_116,7.95,4.226
BDSB_24,7.2,1.0413926851582251
NGC_7127,8.8,1.662757831681574
ASCC_128,8.454,2.7689999999999997
FSR_0515,9.275,1.2174839442139063
NGC_7175,8.821,2.098643725817057
FSR_0344,8.9,1.6720978579357175
FSR_0479,8.8,1.3010299956639813
ASCC_121,6.4,3.741
Czernik_12,9.1,1.7481880270062005
FSR_0333,8.895,2.1172712956557644
FSR_0336,9.1,2.2753113545418118
Alessi_2,8.698,1.6540000000000001
FSR_0338,8.1,1.414973347970818
FSR_0310,8.095,1.5740312677277188
IRAS_02130+5509,8.0,0.9030899869919435
NGC_7226,8.725,1.6901960800285136
Berkeley_96,7.0,1.5118833609788744
FSR_0653,8.84,1.2174839442139063
FSR_0334,9.31,1.5118833609788744
BDSB_23,8.15,1.146128035678238
NGC_744,8.375,2.335
FSR_0365,8.905,1.6720978579357175
ASCC_129,9.05,2.309
ASCC_2,8.87,3.054
Dolidze_46,8.412,1.550228353055094
Teutsch_126,8.8,1.5378190950732742
Stock_11,9.086,1.505149978319906
NGC_657,9.0,1.2787536009528289
ASCC_5,7.78,2.194
Berkeley_94,7.45,1.2041199826559248
Trumpler_2,7.925,2.634
FSR_0384,6.85,1.6384892569546374
NGC_6856,9.01,0.8450980400142568
MWSC_5373,9.1,1.2304489213782739
FSR_0611,8.75,1.7634279935629373
King_6,8.975,0.46299999999999997
Berkeley_102,9.14,1.462397997898956
NGC_7789,9.265,3.7880000000000003
FSR_0614,6.75,1.7363965022766426
FSR_0356,9.1,1.6384892569546374
FSR_0427,8.6,1.7520484478194385
FSR_0530,9.3,1.4842998393467859
Stock_4,8.6,2.623
NGC_7423,8.901,1.6020599913279623
NGC_869,7.28,6.022
NGC_884,7.2,6.2
ASCC_120,7.4,4.137
Alicante_1,6.35,1.0606978403536116
NGC_7235,7.3,2.358
SAI_25,9.185,1.662757831681574
MWSC_5012,9.085,1.1903316981702914
IC_1396,6.0,3.4389999999999996
Berkeley_92,9.0,1.7075701760979363
NGC_957,7.25,2.8480000000000003
NGC_7055,8.4,1.2174839442139063
FSR_0354,8.0,1.6232492903979006
ASCC_6,7.8,2.866
ASCC_9,7.0,3.469
NGC_7281,7.86,3.219
Stock_21,8.825,2.259
Teutsch_74,9.05,1.7745169657285496
FSR_0596,9.15,1.8195439355418688
NGC_7261,7.5,2.1172712956557644
King_2,9.67,1.423245873936808
FSR_0670,9.005,1.462397997898956
IC_361,8.982000000000001,2.1055101847699738
NGC_457,7.38,3.299
FSR_0377,7.7,1.0
King_18,8.525,1.6580113966571124
Basel_10,7.6,1.4842998393467859
FSR_0381,8.25,1.7481880270062005
Juchert_9,6.7,1.1613680022349748
King_20,8.648,1.6127838567197355
FSR_0441,8.65,1.5118833609788744
Czernik_14,8.584,1.3979400086720377
FSR_0394,9.2,1.6857417386022637
Berkeley_66,9.15,2.0433622780211294
Alessi_20,7.575,1.3619999999999999
FSR_0591,6.85,1.505149978319906
Czernik_8,8.175,1.6384892569546374
FSR_0358,9.3,1.9084850188786497
NGC_436,7.925,1.5854607295085006
FSR_0385,8.85,1.3010299956639813
ASCC_7,7.4,3.468
Teutsch_125,9.1,1.3710678622717363
FSR_0366,8.715,1.7671558660821804
Berkeley_97,7.55,1.3891660843645324
King_4,8.205,2.0827853703164503
Tombaugh_5,8.846,2.211
FSR_0443,8.8,1.6020599913279623
Berkeley_95,8.55,1.792391689498254
King_10,7.825,2.2600713879850747
SAI_17,8.9,1.4065401804339552
FSR_0632,8.35,1.863322860120456
FSR_0459,7.8,1.3979400086720377
Berkeley_103,8.7,1.6384892569546374
FSR_0486,8.9,1.130333768495006
NGC_6832,9.285,1.0413926851582251
FSR_0634,8.952,1.5378190950732742
Stock_2,8.44,3.987
BDSB_37,8.6,1.146128035678238
IRAS_23151+5912,8.28,1.6812412373755872
ASCC_8,7.77,3.98
FSR_0401,8.6,1.7032913781186614
FSR_0474,8.9,1.469822015978163
FSR_0435,8.35,1.8260748027008264
Teutsch_54,9.15,1.3010299956639813
FSR_0521,9.21,1.7853298350107671
FSR_0417,8.275,1.5314789170422551
Czernik_9,8.75,1.550228353055094
Dolidze_56,8.95,1.3891660843645324
Czernik_42,6.7,1.6283889300503116
NGC_7429,8.08,1.7708520116421442
Juchert-Saloran_1,9.3,1.7958800173440752
Riddle_6,7.1,0.9030899869919435
Stock_23,8.3,0.86
FSR_0364,9.15,1.462397997898956
NGC_7795,9.0,1.6857417386022637
Kumar_21,7.68,1.3010299956639813
NGC_433,7.81,2.682
Czernik_2,9.123,1.662757831681574
NGC_743,8.29,2.031408464251624
Czernik_10,8.502,1.5314789170422551
NGC_129,7.975,3.011
Skiff_J2330+60.2,8.4,1.866287339084195
FSR_0627,8.25,1.130333768495006
Riddle_4,7.35,1.5118833609788744
FSR_0537,9.0,1.5563025007672873
Berkeley_2,8.98,1.7323937598229686
Berkeley_65,7.2,1.8356905714924256
IC_1848,6.85,3.97
Teutsch_53,8.85,1.3521825181113625
Markarian_50,7.1,1.469822015978163
IRAS_02054+6011,6.8,1.662757831681574
Berkeley_1,8.6,1.3222192947339193
BDSB_47,8.94,0.7781512503836436
King_19,9.1,1.968482948553935
SAI_149,8.4,1.2787536009528289
SAI_24,7.2,1.4313637641589874
FSR_0628,9.25,1.6483600109809315
NGC_7510,7.7,1.296
IRAS_02511+6023,7.8,1.0791812460476249
FSR_0351,9.125,1.8603380065709938
MWSC_5374,9.26,1.1760912590556813
IRAS_02459+6029,7.9,0.8129133566428556
NGC_581,7.44,2.245
NGC_6939,9.27,2.5237464668115646
NGC_659,7.7620000000000005,2.024
Stock_7,7.8,1.4809999999999999
SAI_6,8.7,1.7363965022766426
FSR_0460,8.705,1.4983105537896004
FSR_0547,8.9,1.130333768495006
IRAS_02044+6031,6.25,1.9242792860618816
NGC_7419,7.5,1.9003671286564703
FSR_0369,9.1,1.130333768495006
FSR_0422,8.664,1.3424226808222062
FSR_0451,8.7,1.7363965022766426
Dolidze_12,9.135,1.7481880270062005
Pfleiderer_3,9.0,1.667452952889954
FSR_0448,8.55,2.0472748673841794
Berkeley_58,8.47,3.38
Berkeley_60,8.4,1.6580113966571124
Berkeley_6,8.6,1.9242792860618816
ASCC_118,7.87,1.983
FSR_0578,8.985,1.0
NGC_189,8.709,1.6127838567197355
King_13,8.595,1.8512583487190752
NGC_7790,8.1,2.505
BDSB_44,6.87,1.7032913781186614
NGC_663,7.5,3.523
BDSB_48,7.95,1.021189299069938
Trumpler_1,7.1,1.3979400086720377
FSR_0425,8.7,1.423245873936808
FSR_0534,8.7,1.568201724066995
NGC_103,8.565,1.550228353055094
Czernik_5,8.615,1.7075701760979363
Czernik_43,7.76,3.3560000000000003
NGC_7788,7.48,2.713
BDSB_30,6.55,1.130333768495006
IC_1805,7.25,3.3569999999999998
Czernik_4,7.715,1.0791812460476249
FSR_0480,9.3,2.0043213737826426
Czernik_1,7.76,1.255272505103306
NGC_7538,6.3,1.3117538610557542
NGC_136,8.4,1.5854607295085006
NGC_381,8.85,1.515
ASCC_4,8.65,2.785
NGC_1027,8.55,2.035
Frolov_1,7.587999999999999,3.0780000000000003
FSR_0378,8.1,1.3324384599156054
FSR_0584,9.1,0.9777236052888477
Teutsch_76,6.9,1.2174839442139063
NGC_7654,7.9,2.193
Harvard_21,8.175,1.3010299956639813
Mayer_1,7.74,3.15
NGC_225,8.191,1.787
Tombaugh_4,8.64,1.7201593034059568
IC_166,9.0,2.45178643552429
King_15,8.4,1.130333768495006
NGC_654,7.25,2.096
BDSB_46,7.25,1.0606978403536116
Czernik_44,7.5,1.6334684555795864
King_12,7.145,3.091
Czernik_17,8.98,1.130333768495006
Stock_24,7.985,1.8095597146352678
Teutsch_162,7.0,1.2671717284030137
IRAS_02232+6138,6.85,1.5965970956264601
Teutsch_55,8.735,1.7032913781186614
FSR_0404,8.4,1.380211241711606
FSR_0524,9.19,1.7032913781186614
Stock_17,7.0,1.6074550232146685
NGC_366,7.9,1.9661417327390327
Czernik_7,9.116,1.4393326938302626
Stock_3,7.85,1.6532125137753437
SAI_16,9.15,1.591064607026499
ASCC_117,6.225,3.4610000000000003
IRAS_02541+6208,6.65,2.0253058652647704
Czernik_13,6.855,1.8603380065709938
Pfleiderer_4,9.65,1.3891660843645324
NGC_1502,7.08,1.911
FSR_0346,8.25,1.2430380486862944
Berkeley_7,7.25,1.8573324964312685
FSR_0498,8.55,1.505149978319906
ASCC_130,7.2410000000000005,3.4360000000000004
IRAS_02497+6217,6.8,1.6766936096248666
FSR_0347,8.25,1.4313637641589874
SAI_21,8.95,1.3424226808222062
FSR_0406,7.3,1.1903316981702914
Stock_20,8.337,1.974
NGC_7160,7.2,2.019
SAI_14,9.45,1.667452952889954
MWSC_5011,9.45,1.423245873936808
King_21,7.8,1.7363965022766426
ASCC_1,8.406,3.9619999999999997
SAI_4,8.8,1.3521825181113625
Kronberger_55,7.38,0.9777236052888477
Czernik_3,8.8,1.290034611362518
Czernik_6,7.98,1.5854607295085006
FSR_0413,8.25,1.0413926851582251
Berkeley_5,8.83,1.255272505103306
FSR_0414,8.725,1.2430380486862944
FSR_0542,8.35,1.8388490907372552
Teutsch_23,7.1,1.3010299956639813
FSR_0416,7.85,1.3222192947339193
FSR_0536,8.397,1.863322860120456
BDSB_51,8.15,0.9777236052888477
Trumpler_3,8.005,2.204
FSR_0418,8.85,1.8920946026904804
King_14,7.7,1.9731278535996986
Negueruela_1,6.98,1.8356905714924256
Pismis-Moreno_1,7.4,1.693
NGC_559,8.8,2.4216039268698313
NGC_146,7.7010000000000005,3.298
NGC_133,7.3,1.3521825181113625
FSR_0442,9.0,2.010723865391773
FSR_0388,8.13,1.6127838567197355
IRAS_01546+6319,6.59,2.2764618041732443
Berkeley_104,8.805,1.8325089127062364
FSR_0538,8.86,1.6127838567197355
Berkeley_63,8.9,1.5563025007672873
FSR_0494,9.3,2.0881360887005513
NGC_886,8.75,2.6319999999999997
Berkeley_100,7.432,1.146128035678238
Berkeley_62,7.3,1.99563519459755
Berkeley_93,7.45,1.0413926851582251
FSR_0496,9.055,2.070037866607755
NGC_637,6.74,1.926
Dias_1,7.9,1.916453948549925
Dolidze_13,8.962,1.462397997898956
FSR_0398,7.7,2.167317334748176
FSR_0430,8.88,1.6232492903979006
King_16,7.8,1.792391689498254
Berkeley_101,8.86,1.919078092376074
FSR_0612,9.092,1.3979400086720377
Stock_5,7.7,2.4130000000000003
Berkeley_4,7.3,3.803
King_1,9.7,2.4742162640762553
FSR_0553,8.6,1.7745169657285496
NGC_609,9.15,1.792391689498254
Czernik_45,7.706,1.1613680022349748
Stock_18,8.68,1.2041199826559248
FSR_0519,7.35,1.6766936096248666
ASCC_127,7.82,2.445
FSR_0551,6.68,1.2787536009528289
FSR_0508,6.67,1.3117538610557542
FSR_0423,9.1,1.8573324964312685
FSR_0643,9.3,1.290034611362518
BDB_94,7.4,1.1139433523068367
Pfleiderer_1,9.07,1.3010299956639813
NGC_7142,9.25,2.194514341882467
FSR_0522,8.55,1.5965970956264601
FSR_0546,9.0,1.845098040014257
Berkeley_64,9.0,1.6532125137753437
FSR_0549,9.3,1.5378190950732742
FSR_0516,8.83,1.5118833609788744
BDSB_31,7.4,0.5440680443502757
NGC_7129,7.15,0.6532125137753437
FSR_0465,9.09,1.7888751157754168
Berkeley_10,8.81,1.9344984512435677
FSR_0405,9.3,1.6580113966571124
Berkeley_61,8.985,1.4065401804339552
Berkeley_59,6.1,2.221
FSR_0561,8.24,1.2787536009528289
FSR_0558,8.8,1.5185139398778875
NGC_7762,9.32,2.1398790864012365
PTB_9,9.07,2.2342641243787895
PTB_6,8.932,1.9030899869919435
PTB_7,6.55,1.9344984512435677
Skiff_J0058+68.4,9.01,2.4756711883244296
FSR_0368,8.38,1.1903316981702914
IRAS_00013+6817,7.15,1.0606978403536116
King_11,9.32,2.3560258571931225
FSR_0581,8.4,1.4393326938302626
FSR_0503,9.18,1.7745169657285496
FSR_0429,8.23,1.255272505103306
FSR_0428,9.23,1.5563025007672873
FSR_0576,8.55,0.8129133566428556
FSR_0386,7.94,0.9030899869919435
FSR_0379,8.12,1.0
FSR_0389,8.9,1.0
PTB_3,9.5,1.667452952889954
PTB_4,7.0,1.6946051989335686
vdBergh_152,9.295,1.423245873936808
FSR_0464,9.145,1.7160033436347992
FSR_0555,7.8,1.130333768495006
FSR_0630,9.355,1.255272505103306
NGC_110,8.97,1.3617278360175928
PTB_2,9.3,1.845098040014257
Collinder_463,8.45,3.279
Berkeley_99,9.347999999999999,1.5740312677277188
Collinder_471,8.8,1.3324384599156054
FSR_0568,9.0,1.7403626894942439
FSR_0569,8.375,1.3979400086720377
NGC_7708,8.76,1.7403626894942439
FSR_0466,8.895,1.3010299956639813
vdBergh_150,8.8,1.1903316981702914
FSR_0606,8.476,0.9777236052888477
FSR_0539,9.305,1.462397997898956
FSR_0531,9.4,1.6180480967120927
FSR_0446,7.96,1.130333768495006
Berkeley_8,9.3,2.0253058652647704
FSR_0449,8.058,1.1613680022349748
FSR_0437,8.225,1.3979400086720377
FSR_0410,9.2,0.7781512503836436
MWSC_5377,9.245,1.3424226808222062
MWSC_5076,8.85,0.9294189257142927
FSR_0532,9.15,1.3324384599156054
FSR_0492,8.61,1.1139433523068367
FSR_0504,9.45,0.8450980400142568
SAI_30,8.148,0.8450980400142568
MWSC_4674,9.55,1.4983105537896004
NGC_188,9.65,2.558708570533166
MWSC_5010,9.45,0.9777236052888477
MWSC_5004,9.215,1.0791812460476249
ASCC_3,7.729,2.7889999999999997
IC_1590,6.895,1.723
Platais_2,8.312999999999999,2.678
Collinder_33,8.347000000000001,2.748
Alessi_13,8.72,2.62
Stock_8,7.05,3.286
ASCC_21,7.11,2.93
NGC_1981,7.11,1.298
NGC_1976,6.0,1.9880000000000002
NGC_1977,6.6,1.4409999999999998
NGC_1980,6.67,1.53
Collinder_70,7.4,3.4539999999999997
Platais_6,7.96,3.3939999999999997
ASCC_24,7.3,1.601
Collinder_95,7.3,1.125
NGC_2244,6.7,2.929
NGC_2264,6.75,3.252
NGC_2306,9.0,2.147
ASCC_33,7.7,3.891
vdBergh_92,7.36,2.772
NGC_2358,8.785,1.825
NGC_2467,8.1,2.7960000000000003
ASCC_45,7.25,3.907
Pismis_4,8.155,2.475
Mamajek_1,6.99,-0.373
Turner_5,8.49,3.609
Ruprecht_90,6.8,4.896
Collinder_228,6.68,3.7460000000000004
Trumpler_14,6.0,2.7769999999999997
Trumpler_15,7.08,2.345
Trumpler_16,6.5,3.05
Pismis_17,7.4,3.991
Collinder_258,8.35,2.362
Loden_694,7.38,3.866
NGC_4755,7.3,3.492
Stock_16,6.78,3.1510000000000002
NGC_5460,8.3,2.2319999999999998
ASCC_77,6.75,4.123
NGC_5662,8.275,2.36
Alessi_8,8.105,1.9969999999999999
NGC_6025,8.18,2.6210000000000004
NGC_6087,7.95,3.2030000000000003
NGC_6231,7.05,2.823
ESO_332-08,8.17,1.732
NGC_6242,7.55,2.6519999999999997
NGC_6250,7.42,2.9
ASCC_86,8.05,3.0189999999999997
NGC_6322,7.16,1.5419999999999998
ASCC_89,7.0,3.486
NGC_6383,6.6,2.6069999999999998
NGC_6514,6.9,2.1430000000000002
NGC_6530,6.67,2.8310000000000004
Collinder_367,7.295,3.503
NGC_6611,6.33,3.003
NGC_6613,7.705,2.274
NGC_6618,6.0,4.479
ASCC_111,6.65,4.251
Roslund_6,8.67,1.489
NGC_7058,8.35,0.159
ASCC_122,7.7,3.4530000000000003
ASCC_123,8.191,2.6689999999999996
NGC_7380,7.25,3.645
ASCC_125,6.7,4.467
Berkeley_14A,6.97,3.8739999999999997
Cep_OB3,7.75,4.037
Collinder_121,7.08,3.641
Cyg_OB2,6.72,4.495
Harvard_10,7.97,3.9419999999999997
Lynga_7,10.05,1.9980000000000002
NGC_3324,6.1,3.427
Platais_3,8.8,3.103
Platais_9,8.09,3.4360000000000004
Sco_OB4,6.82,5.178
Sco_OB5,6.325,5.6579999999999995
Sgr_OB7,6.45,5.351
Sigma_Ori,6.1,1.8780000000000001
vdBergh-Hagen_23,7.14,1.743
vdBergh-Hagen_205,7.12,1.952
