COCD,Name,GLON[deg],GLAT[deg],DistMod,E(B-V),Dist[pc],logt[yr],rt[pc],e_rt[pc],logM[MSun],e_logM[MSun],rtA[pc],e_rtA[pc],logMA[MSun],e_logMA[MSun],Simbad_ID
1,Berkeley_58,116.73,-1.29,14.555,0.55,3715,8.2,,,,,22.9,10.9,3.38,0.623,Cl_Berkeley_58
2,Berkeley_59,118.22,5.0,13.782,1.22,1000,6.8,,,,,8.0,3.5,2.221,0.564,Cl_Berkeley_59
3,Blanco_1,14.17,-79.02,7.18,0.01,269,8.32,22.8,3.8,3.6460000000000004,0.21899999999999997,20.0,2.4,3.48,0.16,Blanco_1
4,Alessi_20,117.64,-3.69,8.948,0.22,450,8.22,5.4,1.6,1.742,0.391,4.0,0.8,1.3619999999999999,0.25,Alessi_20
5,Mayer_1,119.44,-0.93,12.015,0.4,1429,7.74,,,,,16.7,5.6,3.15,0.442,Mayer_1
6,Stock_20,119.92,-0.1,10.413,0.2,909,8.53,,,,,6.6,1.3,1.974,0.26,Cl_Stock_20
7,Stock_21,120.05,-4.83,11.447000000000001,0.4,1100,8.72,,,,,8.3,2.4,2.259,0.376,C_0027+577
8,NGC_129,120.27,-2.54,12.759,0.55,1625,7.87,14.9,2.7,2.984,0.24,15.2,2.7,3.011,0.235,NGC_129
9,NGC_146,120.87,0.5,13.897,0.48,3032,7.37,,,,,20.8,7.1,3.298,0.445,NGC_146
10,NGC_225,122.01,-1.08,9.925,0.27,657,8.19,,,,,5.7,1.3,1.787,0.311,NGC_225
11,Berkeley_4,122.28,1.53,14.696,0.7,3200,7.08,30.0,5.7,3.7510000000000003,0.25,31.2,7.8,3.803,0.32799999999999996,Berkeley_4
12,IC_1590,123.12,-6.24,12.879000000000001,0.32,2384,6.84,,,,,6.0,1.8,1.723,0.39399999999999996,IC_1590
13,Alessi_1,123.26,-13.3,9.825,0.1,800,8.85,12.3,3.2,2.7910000000000004,0.34600000000000003,9.9,1.5,2.512,0.2,Alessi_1
14,NGC_381,124.94,-1.21,11.175999999999998,0.34,1058,8.77,,,,,4.7,1.4,1.515,0.384,NGC_381
15,Platais_2,128.23,-30.57,6.671,0.05,201,8.54,10.5,1.2,2.6260000000000003,0.156,11.0,2.3,2.678,0.281,Platais_2
16,NGC_433,125.88,-2.61,13.21,0.55,2000,7.65,,,,,12.2,4.0,2.682,0.43,NGC_433
17,NGC_457,126.63,-4.37,13.384,0.47,2429,7.38,23.3,5.3,3.478,0.299,20.3,3.7,3.299,0.239,NGC_457
18,NGC_581,128.05,-1.81,12.915,0.39,2194,7.44,,,,,8.9,1.9,2.245,0.276,M_103
19,NGC_637,128.54,1.73,13.562999999999999,0.61,2160,7.21,,,,,7.0,1.9,1.926,0.363,NGC_637
20,NGC_654,129.08,-0.37,14.245999999999999,0.87,2041,7.3,,,,,7.9,3.4,2.096,0.561,NGC_654
21,NGC_659,129.37,-1.54,13.452,0.65,1938,7.8,,,,,7.4,2.3,2.024,0.405,NGC_659
22,NGC_663,129.46,-0.94,13.87,0.78,1952,7.14,27.8,6.2,3.7460000000000004,0.293,23.4,3.4,3.523,0.193,NGC_663
23,Collinder_463,127.28,9.4,10.162,0.3,702,8.35,17.5,1.7,3.2510000000000003,0.13,17.9,1.9,3.279,0.146,Collinder_463
24,Stock_4,131.25,-4.81,10.706,0.1,1200,8.7,9.8,1.7,2.448,0.22699999999999998,11.2,1.9,2.623,0.22399999999999998,C_0149+568
25,NGC_752,137.12,-23.26,8.427999999999999,0.04,458,9.14,20.0,1.9,3.44,0.133,17.4,1.5,3.258,0.12300000000000001,NGC_752
26,NGC_744,132.4,-6.17,11.587,0.38,1207,8.41,5.7,1.9,1.7480000000000002,0.441,9.0,1.7,2.335,0.248,NGC_744
27,Stock_5,130.73,2.6,11.447000000000001,0.4,1100,7.73,,,,,9.5,1.9,2.4130000000000003,0.267,Stock_5
28,Stock_2,133.36,-1.92,8.953,0.34,380,8.17,41.1,2.8,4.383,0.09699999999999999,30.3,2.4,3.987,0.11,Stock_2
29,NGC_869,134.63,-3.72,13.077,0.48,2079,7.28,,,,,162.9,12.6,6.022,0.10800000000000001,NGC_869
30,NGC_884,135.01,-3.6,13.587,0.56,2345,7.1,,,,,191.0,15.0,6.2,0.11,NGC_884
31,NGC_886,132.89,2.69,12.392000000000001,0.4,1700,8.48,,,,,11.7,2.9,2.6319999999999997,0.331,NGC_886
32,Stock_7,134.66,0.09,10.955,0.56,698,7.13,,,,,4.5,1.1,1.4809999999999999,0.32,C_0225+604
33,IC_1805,134.72,0.91,13.392999999999999,0.65,1886,6.73,15.9,2.4,3.0069999999999997,0.2,20.7,4.6,3.3569999999999998,0.292,IC_1805
34,NGC_957,136.28,-2.65,13.898,0.84,1815,6.84,19.8,8.6,3.301,0.564,14.0,3.0,2.8480000000000003,0.28600000000000003,NGC_957
35,Trumpler_2,137.37,-3.97,10.052999999999999,0.32,649,7.93,7.9,1.8,2.205,0.293,10.9,1.6,2.634,0.191,C_0233+557
36,NGC_1039,143.65,-15.62,8.708,0.07,499,8.42,7.5,2.0,2.155,0.349,5.8,0.7,1.827,0.16399999999999998,M_34
37,NGC_1027,135.74,1.55,10.460999999999999,0.33,772,8.55,6.8,1.1,2.011,0.223,7.0,1.1,2.035,0.214,NGC_1027
38,IC_1848,137.19,0.91,13.367,0.6,2002,6.65,25.9,2.9,3.627,0.154,33.7,7.3,3.97,0.285,IC_1848
39,Collinder_33,138.09,1.34,11.24,0.4,1000,8.36,11.8,2.2,2.705,0.244,12.2,2.2,2.748,0.23800000000000002,C_0255+602
40,Trumpler_3,138.01,4.5,8.948,0.22,450,8.34,9.4,4.5,2.455,0.622,7.8,1.2,2.204,0.213,Trumpler_3
41,Stock_23,140.08,2.09,8.705,0.26,380,7.51,,,,,2.8,0.8,0.86,0.39899999999999997,Stock_23
42,Melotte_20,147.2,-6.33,6.672999999999999,0.09,190,7.55,35.0,2.4,4.186,0.09699999999999999,27.4,2.3,3.863,0.11599999999999999,Melotte_20
43,King_6,143.35,-0.08,10.064,0.58,450,8.41,,,,,2.0,0.5,0.46299999999999997,0.331,C_0324+562
44,Alessi_13,237.65,-55.71,5.331,0.04,110,8.72,10.9,1.9,2.68,0.228,10.4,2.8,2.62,0.35700000000000004,Alessi_13
45,NGC_1342,154.97,-15.38,10.106,0.32,665,8.21,7.4,1.6,2.122,0.285,7.8,1.8,2.186,0.303,NGC_1342
46,IC_348,160.49,-17.81,10.519,0.82,394,7.79,,,,,2.4,0.6,0.67,0.33799999999999997,IC_348
47,Melotte_22,166.63,-23.47,5.632000000000001,0.02,130,8.08,21.3,1.4,3.54,0.092,10.9,0.9,2.6719999999999997,0.11199999999999999,Melotte_22
48,Tombaugh_5,143.94,3.57,10.775,0.25,1000,8.73,,,,,8.1,2.3,2.211,0.376,C_0343+589
49,NGC_1502,143.67,7.65,11.587,0.65,821,6.8,,,,,6.4,1.1,1.911,0.235,NGC_1502
50,NGC_1528,152.05,0.25,10.193,0.24,776,8.43,12.8,4.1,2.8110000000000004,0.425,11.6,1.5,2.6839999999999997,0.175,NGC_1528
51,NGC_1545,153.36,0.18,10.189,0.3,711,8.15,6.5,1.0,1.946,0.20600000000000002,5.7,1.4,1.756,0.332,NGC_1545
52,NGC_1582,159.25,-3.02,9.573,0.22,600,8.6,10.9,1.7,2.6189999999999998,0.21100000000000002,9.3,1.9,2.412,0.267,NGC_1582
53,Platais_3,138.74,15.98,6.815,0.1,200,8.7,9.3,2.2,2.457,0.314,15.2,2.5,3.103,0.218,Platais_3
54,NGC_1647,180.33,-16.78,9.65,0.32,539,7.96,14.8,2.1,3.02,0.19399999999999998,10.2,1.3,2.543,0.16899999999999998,NGC_1647
55,Alessi_2,152.29,6.36,9.057,0.18,501,8.6,5.5,0.5,1.754,0.126,5.1,1.0,1.6540000000000001,0.265,Alessi_2
56,NGC_1662,187.68,-21.12,9.132,0.3,437,8.68,6.5,2.2,1.9569999999999999,0.44,6.3,0.9,1.92,0.184,NGC_1662
57,NGC_1664,161.69,-0.45,11.169,0.25,1199,8.72,13.2,2.1,2.806,0.20600000000000002,14.9,2.4,2.958,0.217,NGC_1664
58,Berkeley_14A,162.88,0.74,10.92,0.23,1100,6.97,31.4,3.0,3.9410000000000003,0.131,29.8,4.2,3.8739999999999997,0.19,Berkeley_14A
59,NGC_1708,155.74,6.85,9.883,0.32,600,8.76,7.0,1.2,2.05,0.22699999999999998,5.4,1.2,1.703,0.29100000000000004,NGC_1708
60,NGC_1746,179.07,-10.65,10.179,0.25,760,8.19,18.9,2.6,3.313,0.183,13.7,1.7,2.8930000000000002,0.17,NGC_1746
61,Platais_4,180.65,-10.9,7.98,0.25,276,8.24,14.7,8.2,3.045,0.727,11.8,1.8,2.752,0.207,Platais_4
62,NGC_1778,168.9,-2.03,11.526,0.23,1454,8.18,,,,,7.5,2.1,2.025,0.371,NGC_1778
63,NGC_1802,179.64,-9.24,8.785,0.25,400,8.66,,,,,4.7,1.2,1.555,0.327,NGC_1802
64,NGC_1817,186.15,-13.1,12.498,0.33,1972,8.25,19.2,3.2,3.1910000000000003,0.21899999999999997,20.0,5.2,3.2439999999999998,0.34299999999999997,NGC_1817
65,NGC_1901,279.03,-33.6,8.121,0.02,409,8.93,7.5,4.8,2.204,0.8240000000000001,6.9,1.2,2.095,0.235,NGC_1901
66,NGC_1893,173.58,-1.69,13.819,0.4,3280,6.82,28.1,6.7,3.48,0.313,27.7,6.2,3.4610000000000003,0.29600000000000004,NGC_1893
67,NGC_1896,177.34,-3.48,10.033999999999999,0.15,820,8.8,,,,,4.9,1.3,1.541,0.353,NGC_1896
68,Collinder_65,188.86,-10.86,7.86,0.13,310,7.41,11.1,1.4,2.668,0.171,26.9,2.5,3.824,0.129,Collinder_65
69,NGC_1907,172.61,0.3,11.921,0.42,1330,7.94,,,,,14.2,3.1,2.875,0.28600000000000003,NGC_1907
70,Stock_8,173.37,-0.19,12.665999999999999,0.44,1821,7.61,,,,,20.4,3.3,3.286,0.217,C_0524+343
71,NGC_1912,172.27,0.69,10.914000000000001,0.25,1066,8.56,18.5,1.9,3.25,0.13699999999999998,16.0,1.7,3.062,0.14400000000000002,NGC_1912
72,Collinder_69,195.26,-12.12,8.486,0.09,438,6.76,,,,,7.7,1.4,2.178,0.237,Collinder_69
73,NGC_1981,208.06,-18.96,8.165,0.05,400,7.5,4.1,0.6,1.3840000000000001,0.184,3.9,1.0,1.298,0.345,NGC_1981
74,NGC_1976,209.01,-19.39,8.16,0.05,399,7.71,7.9,2.5,2.222,0.415,6.6,1.3,1.9880000000000002,0.26,M_42
75,NGC_1977,208.48,-19.1,8.65,0.05,500,7.08,,,,,4.4,1.2,1.4409999999999998,0.35100000000000003,NGC_1977
76,NGC_1980,209.51,-19.6,8.857000000000001,0.05,550,6.67,4.3,0.6,1.412,0.182,4.7,1.2,1.53,0.327,NGC_1980
77,Collinder_70,205.03,-17.35,8.085,0.04,391,6.71,22.0,2.1,3.562,0.132,20.3,1.8,3.4539999999999997,0.121,Cl_Collinder_70
78,NGC_1960,174.53,1.07,11.282,0.22,1318,7.62,14.2,2.8,2.873,0.258,10.6,1.6,2.491,0.19899999999999998,M_36
79,NGC_1996,181.8,-3.11,11.196,0.15,1400,8.45,,,,,12.7,3.2,2.72,0.33399999999999996,NGC_1996
80,Sigma_Ori,206.82,-17.36,8.16,0.05,399,6.82,,,,,6.0,1.9,1.8780000000000001,0.409,Sigma_Ori
81,Stock_10,171.62,3.55,8.147,0.08,380,8.42,5.0,0.5,1.6219999999999999,0.128,5.0,1.1,1.6219999999999999,0.29100000000000004,C_0535+379
82,NGC_2099,177.64,3.09,11.634,0.3,1383,8.54,18.0,2.6,3.177,0.192,14.1,1.6,2.8560000000000003,0.156,M_37
83,Basel_11B,187.44,-1.12,11.19,0.1,1500,8.82,,,,,11.6,3.1,2.5860000000000003,0.35700000000000004,NAME_Basel_11B
84,NGC_2129,186.59,0.13,13.196,0.74,1515,7.08,,,,,4.9,1.6,1.473,0.43,NGC_2129
85,NGC_2143,202.19,-8.02,9.515,0.0,800,9.15,,,,,6.4,1.8,1.8969999999999998,0.368,NGC_2143
86,NGC_2169,195.6,-2.94,10.687999999999999,0.2,1032,6.89,,,,,4.7,1.1,1.4809999999999999,0.303,NGC_2169
87,NGC_2168,186.6,2.24,10.401,0.26,830,8.18,24.7,3.2,3.657,0.171,22.9,1.9,3.5580000000000003,0.11599999999999999,NGC_2168
88,NGC_2180,203.84,-7.02,9.795,0.0,910,9.24,,,,,6.6,1.5,1.9369999999999998,0.298,NGC_2180
89,NGC_2184,211.41,-10.52,9.279,0.08,640,8.37,,,,,5.5,1.9,1.7209999999999999,0.45899999999999996,NGC_2184
90,NGC_2186,203.54,-6.2,11.605,0.26,1445,8.08,,,,,5.1,1.5,1.547,0.38799999999999996,NGC_2186
91,Platais_6,205.3,-6.19,7.707999999999999,0.0,348,7.79,,,,,19.3,2.3,3.3939999999999997,0.16,Platais_6
92,NGC_2202,203.62,-4.9,9.771,0.0,900,8.74,,,,,3.5,1.0,1.1159999999999999,0.369,NGC_2202
93,Collinder_89,188.65,3.83,11.003,0.48,800,7.5,8.2,1.4,2.219,0.22899999999999998,17.0,3.1,3.1710000000000003,0.242,Collinder_89
94,NGC_2215,215.99,-10.1,11.488,0.3,1293,8.43,,,,,12.0,2.5,2.685,0.272,NGC_2215
95,NGC_2232,214.54,-7.42,7.652,0.03,325,7.49,5.8,0.8,1.839,0.17300000000000001,6.6,1.0,2.0069999999999997,0.20600000000000002,NGC_2232
96,Collinder_95,201.81,0.03,9.035,0.1,556,8.36,,,,,3.4,0.9,1.125,0.336,Collinder_95
97,Collinder_97,205.34,-1.74,8.712,0.07,500,8.32,,,,,6.5,1.8,1.962,0.371,Collinder_97
98,NGC_2244,206.3,-2.08,12.039000000000001,0.4,1445,6.7,17.6,4.4,3.153,0.32799999999999996,14.8,2.8,2.929,0.248,NGC_2244
99,NGC_2240,179.21,11.84,8.793,0.17,450,9.5,,,,,4.2,1.0,1.4040000000000001,0.301,NGC_2240
100,Basel_8,203.84,-0.16,11.763,0.37,1328,7.68,,,,,14.8,3.4,2.9389999999999996,0.301,Basel_8
101,NGC_2252,206.22,-1.31,10.081,0.1,900,8.84,,,,,4.5,1.2,1.43,0.349,NGC_2252
102,NGC_2251,203.57,0.1,11.207,0.19,1329,8.43,,,,,9.8,1.8,2.4019999999999997,0.242,NGC_2251
103,Ruprecht_1,223.99,-9.69,10.672,0.15,1100,8.76,7.6,1.1,2.124,0.18899999999999997,10.6,2.3,2.5540000000000003,0.281,C_0634-141
104,Collinder_106,206.03,-0.41,11.734000000000002,0.23,1600,6.74,,,,,35.1,6.8,4.038,0.256,C_0634+060
105,Collinder_107,207.34,-0.76,12.047,0.4,1450,7.03,,,,,7.2,2.6,1.9880000000000002,0.466,Collinder_107
106,Collinder_110A,209.71,-1.85,9.258,0.32,450,8.19,,,,,4.1,1.1,1.3630000000000002,0.34600000000000003,NAME_Collinder_110A
107,NGC_2264,202.95,2.19,9.222000000000001,0.04,660,6.81,19.6,8.4,3.378,0.557,17.8,2.3,3.252,0.171,NGC_2264
108,NGC_2269,207.88,0.27,12.376,0.4,1687,8.76,,,,,10.4,2.8,2.4419999999999997,0.35200000000000004,NGC_2269
109,NGC_2270,208.98,-0.07,10.917,0.06,1400,8.64,16.0,3.1,3.0389999999999997,0.255,17.7,2.6,3.1719999999999997,0.196,NGC_2270
110,NGC_2287,231.02,-10.45,9.297,0.03,693,8.45,12.0,1.3,2.7539999999999996,0.15,9.9,1.0,2.511,0.142,M_41
111,NGC_2281,174.9,16.88,8.919,0.06,558,8.7,9.0,2.4,2.378,0.35100000000000003,6.7,0.9,1.9869999999999999,0.182,NGC_2281
112,NGC_2301,212.56,0.28,9.76,0.03,858,8.31,6.7,2.5,1.973,0.48,7.1,0.9,2.051,0.175,NGC_2301
113,NGC_2302,219.29,-3.12,10.982999999999999,0.2,1182,8.49,,,,,3.5,0.9,1.114,0.33399999999999996,NGC_2302
114,NGC_2306,219.7,-2.62,10.550999999999998,0.05,1200,8.85,,,,,7.8,1.8,2.147,0.303,NGC_2306
115,Collinder_121,235.14,-10.14,10.331,0.04,1100,7.08,,,,,24.1,4.1,3.641,0.226,Collinder_121
116,NGC_2311,217.75,-0.7,12.125,0.2,2000,8.6,,,,,14.1,3.9,2.822,0.361,NGC_2311
117,NGC_2319,211.28,3.44,10.362,0.05,1100,8.61,,,,,7.8,2.0,2.133,0.345,NGC_2319
118,NGC_2323,221.66,-1.33,10.376,0.21,881,8.13,12.9,1.8,2.826,0.184,12.0,1.4,2.734,0.162,NGC_2323
119,vdBergh_92,224.57,-2.49,11.655,0.25,1500,7.59,13.3,3.0,2.818,0.292,12.9,3.1,2.772,0.314,vdBergh_92
120,NGC_2335,223.6,-1.18,11.966,0.39,1417,8.08,13.6,2.7,2.85,0.259,14.0,3.4,2.889,0.316,NGC_2335
121,Ruprecht_12,239.97,-9.29,9.926,0.05,900,7.56,,,,,5.7,1.7,1.7830000000000001,0.401,C_0705-281
122,NGC_2343,224.27,-1.18,10.49,0.12,1056,8.23,,,,,3.2,0.8,0.9890000000000001,0.327,NGC_2343
123,NGC_2345,226.57,-2.32,13.87,0.68,2251,7.74,,,,,9.7,2.6,2.336,0.34700000000000003,NGC_2345
124,Haffner_23,230.0,-3.81,10.31,0.1,1000,8.84,6.8,1.1,1.984,0.222,7.4,1.5,2.109,0.263,C_0707-168
125,Alessi_21,223.44,0.0,8.712,0.07,500,7.47,9.3,6.7,2.432,0.9470000000000001,9.1,1.6,2.408,0.226,Alessi_21
126,Collinder_132,243.13,-9.3,8.131,0.02,411,7.51,,,,,3.5,0.8,1.182,0.314,Collinder_132
127,NGC_2354,238.36,-6.81,13.794,0.29,3794,8.1,,,,,33.5,8.0,3.84,0.312,NGC_2354
128,NGC_2353,224.69,0.38,10.460999999999999,0.07,1119,7.05,8.5,5.5,2.2680000000000002,0.845,11.0,2.0,2.602,0.243,NGC_2353
129,Alessi_3,257.84,-15.37,7.638,0.11,288,8.87,5.2,2.6,1.7180000000000002,0.644,4.7,0.8,1.57,0.23600000000000002,Alessi_3
130,NGC_2358,231.05,-2.3,9.059,0.02,630,8.72,8.0,1.5,2.227,0.24600000000000002,5.8,1.0,1.825,0.226,NGC_2358
131,Basel_11A,228.25,-0.78,11.437999999999999,0.18,1500,7.42,,,,,8.9,4.0,2.302,0.586,NAME_Basel_11A
132,NGC_2360,229.8,-1.43,11.72,0.11,1887,8.59,15.4,3.6,2.98,0.309,15.6,2.1,2.9989999999999997,0.183,NGC_2360
133,Collinder_135,249.12,-11.19,7.643,0.04,319,7.54,11.7,1.7,2.76,0.196,11.5,1.3,2.736,0.153,Collinder_135
134,NGC_2362,238.2,-5.57,11.024000000000001,0.1,1389,6.64,10.2,1.5,2.504,0.19699999999999998,14.9,2.4,3.002,0.213,NGC_2362
135,NGC_2367,235.6,-3.84,12.532,0.33,2004,7.01,,,,,16.8,4.7,3.0989999999999998,0.365,NGC_2367
136,Collinder_140,245.0,-7.91,8.113999999999999,0.03,402,7.57,,,,,6.9,1.2,2.062,0.228,Collinder_140
137,NGC_2374,228.41,1.02,11.113,0.09,1468,8.68,17.2,3.1,3.16,0.235,17.1,2.7,3.154,0.20600000000000002,NGC_2374
138,NGC_2383,235.27,-2.47,11.745,0.21,1655,8.64,,,,,7.0,2.0,1.99,0.368,NGC_2383
139,NGC_2384,235.38,-2.4,12.434000000000001,0.26,2116,7.13,,,,,12.4,4.1,2.693,0.43200000000000005,NGC_2384
140,Trumpler_7,238.21,-3.34,11.679,0.27,1474,7.72,,,,,9.8,2.6,2.4459999999999997,0.35100000000000003,Cl_Trumpler_7
141,NGC_2396,227.52,2.63,9.002,0.05,588,8.52,4.3,0.5,1.432,0.152,4.9,0.9,1.6,0.23,NGC_2396
142,Bochum_5,232.45,0.77,12.745,0.4,2000,8.45,,,,,19.1,4.2,3.261,0.29100000000000004,Cl_Bochum_5
143,Bochum_4,232.75,0.77,10.292,0.19,872,7.25,,,,,3.2,0.7,1.02,0.306,NGC_2409
144,NGC_2413,229.28,3.09,8.341000000000001,0.04,440,8.46,,,,,3.9,0.9,1.296,0.298,NGC_2413
145,NGC_2414,231.41,1.95,14.039000000000001,0.56,2888,6.94,,,,,10.3,2.8,2.366,0.349,NGC_2414
146,NGC_2421,236.27,0.07,13.088,0.45,2181,7.41,,,,,13.8,3.1,2.8280000000000003,0.299,NGC_2421
147,NGC_2422,230.95,3.13,8.672,0.07,491,8.12,7.7,1.0,2.191,0.16699999999999998,8.8,1.0,2.364,0.152,NGC_2422
148,NGC_2423,230.48,3.53,9.731,0.1,766,8.98,13.4,1.8,2.9,0.177,11.4,1.2,2.682,0.139,NGC_2423
149,Ruprecht_26,232.05,2.69,11.102,0.1,1440,7.49,10.8,1.5,2.5669999999999997,0.183,10.9,2.2,2.577,0.26,Cl_Ruprecht_26
150,Melotte_71,228.95,4.49,12.835,0.11,3154,8.37,,,,,17.6,4.1,3.02,0.304,Melotte_71
151,Ruprecht_27,241.58,-2.57,9.206,0.15,560,8.41,,,,,4.1,1.1,1.3869999999999998,0.34700000000000003,Ruprecht_27
152,NGC_2428,233.08,2.72,11.765999999999998,0.05,2100,8.68,,,,,10.4,2.0,2.463,0.251,NGC_2428
153,NGC_2430,232.94,2.85,9.592,0.17,650,8.68,,,,,3.7,0.9,1.2409999999999999,0.314,NGC_2430
154,ESO_493-03,242.48,-2.51,11.040999999999999,0.1,1400,8.6,,,,,9.2,2.3,2.384,0.326,ESO_493-3
155,Haffner_13,245.0,-3.73,9.423,0.05,714,7.51,8.1,1.6,2.2640000000000002,0.26,11.7,1.9,2.735,0.218,C_0738-300
156,NGC_2439,246.43,-4.47,14.17,0.4,3855,6.82,,,,,25.2,7.1,3.513,0.371,NGC_2439
157,NGC_2432,235.58,1.82,11.909,0.12,2030,8.18,,,,,19.8,5.6,3.313,0.368,NGC_2432
158,Ruprecht_151,233.09,3.23,12.231,0.2,2100,8.49,,,,,20.5,3.6,3.342,0.23199999999999998,Cl_Ruprecht_151
159,NGC_2451A,252.5,-7.69,6.371,0.0,188,7.76,10.3,1.2,2.6069999999999998,0.158,8.4,1.2,2.335,0.184,NGC_2451A
160,NGC_2437,231.85,4.05,11.157,0.15,1375,8.16,17.6,2.2,3.2060000000000004,0.165,17.3,1.7,3.1839999999999997,0.135,NGC_2437
161,Ruprecht_31,250.09,-5.98,8.685,0.09,480,8.56,,,,,2.8,0.9,0.888,0.401,C_0740-354
162,NGC_2451B,252.05,-6.73,8.322000000000001,0.05,430,7.88,6.0,0.7,1.899,0.163,6.9,1.4,2.076,0.272,NAME_HIP_37742_Cluster
163,NGC_2447,240.05,0.15,10.234,0.05,1037,8.76,13.1,2.3,2.859,0.22899999999999998,10.6,1.1,2.588,0.14,NGC_2447
164,NGC_2448,240.76,-0.26,10.147,0.02,1040,7.19,,,,,13.2,2.3,2.866,0.231,NGC_2448
165,Ruprecht_34,237.19,2.15,9.825,0.1,800,8.9,,,,,4.7,1.3,1.5290000000000001,0.35200000000000004,C_0743-202
166,Haffner_16,242.09,0.47,13.06,0.18,3165,7.51,,,,,17.8,5.4,3.096,0.39799999999999996,Cl_Haffner_16
167,NGC_2477,253.56,-5.84,11.302999999999999,0.28,1222,8.61,9.7,1.9,2.488,0.261,9.2,1.8,2.4090000000000003,0.257,NGC_2477
168,ESO_123-26,273.11,-16.32,9.105,0.13,550,8.33,6.0,1.1,1.905,0.244,5.3,1.0,1.755,0.247,ESO_123-26
169,NGC_2467,243.15,0.34,11.714,0.34,1355,8.05,,,,,12.6,3.0,2.7960000000000003,0.314,NGC_2467
170,NGC_2479,235.98,5.37,10.706,0.1,1200,8.99,,,,,7.6,2.2,2.138,0.374,NGC_2479
171,NGC_2482,241.62,2.03,10.919,0.09,1343,8.48,12.6,2.9,2.79,0.303,11.4,1.9,2.6660000000000004,0.215,NGC_2482
172,NGC_2483,244.79,0.23,12.029000000000002,0.3,1659,7.49,,,,,10.9,3.5,2.5839999999999996,0.428,NGC_2483
173,Trumpler_9,243.07,1.29,12.387,0.19,2289,7.99,,,,,7.4,2.6,2.026,0.466,C_0753-258
174,NGC_2489,246.71,-0.77,13.988,0.37,3700,7.25,,,,,19.4,9.2,3.185,0.618,NGC_2489
175,NGC_2516,273.81,-15.85,7.912000000000001,0.07,346,8.08,8.6,1.2,2.369,0.182,8.7,0.9,2.396,0.14300000000000002,NGC_2516
176,Ruprecht_44,245.74,0.48,15.262,0.62,4655,7.33,,,,,37.2,9.4,3.931,0.33,C_0757-284
177,Ruprecht_43,246.06,0.39,11.407,0.27,1300,8.47,,,,,8.4,2.0,2.282,0.305,C_0756-287
178,NGC_2506,230.56,9.93,12.943,0.08,3460,9.05,,,,,33.7,8.4,3.841,0.32899999999999996,NGC_2506
179,Ruprecht_47,248.25,-0.19,13.165,0.25,3006,8.07,,,,,20.1,5.6,3.303,0.368,C_0800-309
180,NGC_2527,246.09,1.85,9.017999999999999,0.04,601,8.85,12.9,5.1,2.8689999999999998,0.517,9.7,1.1,2.504,0.151,NGC_2527
181,ESO_430-18,248.57,0.75,9.595,0.0,830,9.05,4.1,1.1,1.367,0.363,6.2,1.2,1.902,0.258,ESO_430-18
182,Vel_OB2,263.28,-7.99,8.162,0.03,411,7.26,16.7,1.7,3.235,0.14,17.6,1.7,3.298,0.132,Vel_OB2
183,NGC_2547,264.46,-8.6,8.424,0.04,457,7.7,5.4,1.5,1.764,0.359,4.9,0.8,1.6280000000000001,0.23,NGC_2547
184,NGC_2539,233.73,11.11,10.92,0.08,1363,8.75,26.4,5.1,3.739,0.256,20.1,2.2,3.387,0.15,NGC_2539
185,Ruprecht_53,245.81,3.56,11.493,0.11,1700,8.59,,,,,12.1,2.6,2.721,0.284,C_0808-268
186,NGC_2546,254.83,-2.05,10.22,0.13,919,7.92,23.5,2.8,3.653,0.162,18.7,1.9,3.355,0.13699999999999998,NGC_2546
187,Ruprecht_55,250.69,0.81,15.183,0.56,4892,6.97,43.0,7.6,4.138,0.233,59.8,13.8,4.5680000000000005,0.302,C_0810-324
188,Ruprecht_56,257.29,-3.52,8.436,0.12,410,8.7,3.6,0.4,1.222,0.153,6.2,1.9,1.9380000000000002,0.41,C_0810-403
189,NGC_2548,227.87,15.39,9.523,0.03,769,8.75,19.4,2.4,3.3739999999999997,0.16699999999999998,15.1,1.4,3.0460000000000003,0.126,M_48
190,vdBergh-Hagen_23,254.02,-1.0,8.357000000000001,0.05,437,7.14,,,,,5.4,1.0,1.743,0.23800000000000002,vdBergh-Hagen_23
191,Haffner_26,249.6,2.34,10.248,0.08,1000,7.47,,,,,4.2,1.7,1.4,0.523,Cl_Haffner_26
192,NGC_2567,249.79,2.96,11.526,0.13,1677,8.64,,,,,9.4,1.7,2.417,0.235,NGC_2567
193,NGC_2571,249.1,3.53,11.068,0.14,1339,7.22,13.7,3.5,2.915,0.33399999999999996,15.1,2.9,3.042,0.256,NGC_2571
194,Collinder_185,255.05,0.56,11.511,0.21,1486,8.18,,,,,7.6,2.0,2.1590000000000003,0.342,C_0820-360
195,vdBergh-Hagen_34,262.57,-2.97,9.982000000000001,0.03,950,8.48,,,,,8.7,2.8,2.365,0.42200000000000004,vdBergh-Hagen_34
196,Pismis_4,262.91,-2.47,8.896,0.01,593,8.11,9.6,0.9,2.501,0.133,9.4,1.6,2.475,0.233,Pismis_4
197,NGC_2627,251.58,6.65,11.821,0.09,2034,8.71,,,,,7.6,2.1,2.117,0.371,NGC_2627
198,Ruprecht_64,259.75,0.53,9.701,0.06,800,8.45,18.2,2.1,3.33,0.156,18.1,2.2,3.32,0.163,C_0835-399
199,NGC_2645,264.78,-2.91,12.289000000000001,0.38,1668,7.58,,,,,12.4,3.7,2.8139999999999996,0.389,NGC_2645
200,Ruprecht_65,263.07,-1.56,8.712,0.07,500,8.57,,,,,5.5,1.2,1.7730000000000001,0.27899999999999997,C_0837-438
201,NGC_2632,205.89,32.48,6.39,0.01,187,8.9,18.7,1.4,3.367,0.105,9.4,0.8,2.477,0.11599999999999999,NGC_2632
202,IC_2391,270.36,-6.83,6.2589999999999995,0.01,176,7.88,9.1,2.6,2.4530000000000003,0.366,6.3,0.9,1.9669999999999999,0.188,IC_2391
203,Ruprecht_67,262.79,-0.8,12.219000000000001,0.43,1504,8.38,,,,,7.7,2.2,2.1919999999999997,0.371,C_0840-432
204,Mamajek_1,292.48,-21.65,5.106,0.0,105,6.9,,,,,1.0,0.3,-0.373,0.368,Mamajek_1
205,IC_2395,266.63,-3.59,9.47,0.07,709,7.08,7.9,3.5,2.246,0.586,9.6,1.7,2.503,0.24,IC_2395
206,NGC_2659,264.17,-1.65,12.75,0.51,1713,7.23,,,,,7.2,2.2,2.112,0.406,NGC_2659
207,Bochum_7,265.19,-1.96,16.465999999999998,0.86,5754,7.08,,,,,74.8,23.9,4.928999999999999,0.41700000000000004,C_0843-458
208,NGC_2670,267.48,-3.63,11.707,0.43,1188,8.1,,,,,4.9,1.5,1.636,0.385,NGC_2670
209,NGC_2669,270.82,-6.07,10.655999999999999,0.18,1046,7.97,6.8,1.6,2.053,0.311,10.4,2.2,2.615,0.28,NGC_2669
210,Trumpler_10,262.76,0.64,8.193999999999999,0.03,417,7.38,12.7,2.7,2.873,0.28,11.0,1.4,2.685,0.171,Trumpler_10
211,Ruprecht_71,266.37,-1.9,10.725,0.05,1300,8.78,,,,,6.6,1.4,2.011,0.28300000000000003,C_0847-465
212,NGC_2682,215.7,31.92,9.976,0.06,908,9.41,9.6,1.9,2.4459999999999997,0.259,7.5,1.1,2.1319999999999997,0.18600000000000003,NGC_2682
213,vdBergh-Hagen_56,264.48,1.46,9.783,0.2,680,7.24,6.4,1.9,1.983,0.389,7.4,1.4,2.165,0.244,vdBergh-Hagen_56
214,Collinder_205,269.21,-1.85,13.267000000000001,0.77,1500,7.03,,,,,9.1,2.4,2.432,0.34600000000000003,C_0858-487
215,ESO_165-09,274.92,-5.93,8.421,0.05,450,8.96,,,,,2.4,0.7,0.693,0.384,ESO_165-9
216,Platais_8,277.54,-7.79,5.88,0.0,150,7.75,12.3,1.6,2.844,0.177,14.8,1.2,3.0810000000000004,0.115,Platais_8
217,ESO_166-04,273.9,-3.97,10.2,0.15,885,8.45,,,,,5.4,1.3,1.778,0.309,ESO_166-4
218,Platais_9,267.21,3.15,6.505,0.0,200,8.09,16.4,3.5,3.216,0.28300000000000003,19.5,2.5,3.4360000000000004,0.17300000000000001,Platais_9
219,vdBergh-Hagen_66,276.0,-3.01,15.155,0.3,7000,7.48,,,,,57.5,18.2,4.618,0.415,vdBergh-Hagen_66
220,IC_2488,277.83,-4.42,10.985999999999999,0.23,1134,8.53,10.3,1.3,2.613,0.175,13.9,2.1,3.008,0.201,IC_2488
221,Ruprecht_78,275.7,-1.88,12.161,0.35,1641,7.14,,,,,14.3,3.9,3.037,0.361,C_0927-534
222,NGC_2910,275.31,-1.18,13.135,0.34,2607,7.46,,,,,11.1,2.6,2.687,0.31,NGC_2910
223,Turner_5,264.23,11.05,8.32,0.1,400,8.49,16.1,1.4,3.188,0.12,22.3,2.6,3.609,0.157,Turner_5
224,NGC_2925,275.91,-1.23,9.692,0.08,774,8.05,6.8,0.9,2.066,0.182,8.4,1.3,2.354,0.19899999999999998,NGC_2925
225,Ruprecht_79,277.09,-0.82,13.776,0.74,1979,7.84,,,,,23.3,6.6,3.6719999999999997,0.37,C_0939-536
226,Ruprecht_80,270.75,6.71,12.92,0.3,2500,8.33,,,,,10.1,3.0,2.5540000000000003,0.381,Cl_Ruprecht_80
227,Ruprecht_82,277.73,-0.47,12.849,0.29,2455,8.5,,,,,12.8,4.2,2.891,0.43200000000000005,C_0943-537
228,NGC_3033,279.59,-2.07,10.847000000000001,0.33,922,8.62,,,,,6.5,1.8,2.022,0.36700000000000005,NGC_3033
229,Ruprecht_84,285.32,-8.82,11.585999999999999,0.1,1800,8.56,,,,,8.0,2.1,2.311,0.344,C_0947-650
230,NGC_3036,283.66,-6.83,11.636,0.4,1200,8.61,,,,,6.2,1.5,1.969,0.312,NGC_3036
231,Pismis_16,277.82,0.68,13.196,0.61,1824,7.72,,,,,6.6,2.3,2.042,0.455,C_0949-529
232,Collinder_213,276.82,2.76,10.948,0.07,1400,8.84,,,,,7.7,1.9,2.227,0.32,C_0952-504
233,Ruprecht_85,280.15,0.16,11.382,0.21,1400,8.7,,,,,6.6,1.7,2.0469999999999997,0.337,C_0959-548
234,NGC_3114,283.25,-3.87,10.046,0.08,911,8.24,16.6,1.9,3.247,0.158,15.5,1.5,3.159,0.13,NGC_3114
235,Loden_28,282.21,-2.21,14.905,0.62,3950,7.3,32.7,8.9,4.103,0.358,41.5,12.0,4.415,0.37799999999999995,Loden_28
236,Loden_1,281.02,-0.17,8.092,0.1,360,9.29,,,,,2.6,0.5,0.823,0.272,Loden_1
237,Trumpler_12,283.82,-3.7,10.725,0.05,1300,8.81,,,,,6.9,1.5,2.109,0.284,C_1004-600
238,Hogg_6,283.95,-3.85,11.175999999999998,0.05,1600,8.61,,,,,6.1,1.9,1.939,0.401,C_1004-602
239,Ruprecht_161,284.63,-4.34,10.145,0.09,940,8.39,9.5,1.9,2.526,0.267,12.2,2.2,2.85,0.237,Ruprecht_161
240,vdBergh-Hagen_91,284.03,-1.6,9.594,0.08,740,8.21,,,,,4.8,1.3,1.6380000000000001,0.354,vdBergh-Hagen_91
241,NGC_3228,280.69,4.54,8.584,0.03,499,8.43,,,,,2.6,0.6,0.8320000000000001,0.301,NGC_3228
242,Loden_46,282.6,2.07,9.096,0.14,540,9.03,8.6,4.2,2.386,0.636,6.9,1.1,2.1,0.217,Loden_46
243,IC_2581,284.59,0.02,13.337,0.45,2446,7.22,,,,,17.6,4.9,3.3310000000000004,0.365,IC_2581
244,Ruprecht_89,284.97,-0.34,9.499,0.04,750,8.98,,,,,3.5,0.9,1.232,0.337,C_1026-579
245,Loden_143,285.3,-0.89,9.201,0.1,600,8.45,,,,,10.1,1.7,2.595,0.222,Loden_143
246,Loden_89,284.35,0.87,8.054,0.05,380,8.47,,,,,4.5,0.8,1.551,0.228,Loden_89
247,Loden_59,283.08,3.28,9.127,0.02,650,8.45,,,,,4.4,1.2,1.5119999999999998,0.35,Loden_59
248,Collinder_223,286.05,-1.65,11.692,0.18,1686,8.41,,,,,12.6,3.8,2.9019999999999997,0.39,Collinder_223
249,Ruprecht_90,285.4,-0.2,14.883,0.32,6000,7.1,,,,,62.2,13.7,4.896,0.29,Ruprecht_90
250,Loden_112,284.68,1.17,13.85,0.6,2500,6.96,,,,,19.3,7.5,3.4560000000000004,0.508,Loden_112
251,Loden_153,285.67,0.09,13.001,0.28,2670,6.74,,,,,15.6,5.2,3.181,0.43799999999999994,Loden_153
252,Bochum_9,286.78,-1.57,9.597000000000001,0.11,710,8.38,,,,,5.6,0.9,1.8230000000000002,0.226,C_1033-598
253,NGC_3293,285.85,0.07,12.739,0.25,2471,6.94,,,,,7.8,1.8,2.28,0.301,NGC_3293
254,NGC_3324,286.22,-0.19,13.235999999999999,0.46,2301,6.72,,,,,18.8,6.4,3.427,0.44299999999999995,NGC_3324
255,vdBergh-Hagen_99,286.52,-0.58,8.811,0.06,531,7.86,,,,,6.3,1.0,1.984,0.207,vdBergh-Hagen_99
256,NGC_3330,284.19,3.86,9.912,0.05,894,8.3,,,,,6.0,1.2,1.911,0.258,NGC_3330
257,ESO_062-11,291.5,-9.15,11.097000000000001,0.42,910,8.53,,,,,2.7,1.0,0.9159999999999999,0.45399999999999996,ESO_62-11
258,Melotte_101,289.86,-5.56,12.925999999999998,0.46,1995,8.35,16.3,13.2,3.255,1.056,16.4,3.2,3.262,0.258,Cl_Melotte_101
259,IC_2602,289.54,-4.94,6.114,0.03,160,7.83,13.9,1.4,3.005,0.134,12.2,0.9,2.8289999999999997,0.109,IC_2602
260,Bochum_10,287.04,-0.3,12.464,0.3,2027,6.93,,,,,17.6,3.5,3.345,0.258,Bochum_10
261,Alessi_5,288.08,-2.05,8.464,0.15,398,7.71,3.6,0.8,1.26,0.27699999999999997,4.6,0.7,1.568,0.20800000000000002,Alessi_5
262,Collinder_228,287.64,-1.06,12.21,0.26,1909,6.68,,,,,24.0,3.9,3.7460000000000004,0.218,Collinder_228
263,Trumpler_14,287.4,-0.58,13.594000000000001,0.45,2753,6.67,,,,,11.4,3.7,2.7769999999999997,0.426,Cl_Trumpler_14
264,Trumpler_15,287.41,-0.37,13.024000000000001,0.45,2117,7.08,,,,,8.2,2.3,2.345,0.37200000000000005,Cl_Trumpler_15
265,Trumpler_16,287.62,-0.65,13.88,0.52,2842,6.9,,,,,14.0,5.3,3.05,0.496,Cl_Trumpler_16
266,Ruprecht_91,286.87,1.49,9.802,0.01,900,8.63,,,,,5.5,1.3,1.82,0.31,Cl_Ruprecht_91
267,Loden_189,286.72,2.59,9.69,0.13,720,8.64,7.8,0.9,2.265,0.156,9.1,1.7,2.459,0.248,Loden_189
268,Ruprecht_92,289.39,-1.98,13.292,0.46,2362,7.53,,,,,19.9,3.9,3.512,0.26,Ruprecht_92
269,ESO_128-16,287.93,1.16,9.863999999999999,0.03,900,8.92,,,,,5.7,1.0,1.86,0.233,ESO_128-16
270,Trumpler_17,288.66,0.45,13.561,0.6,2189,7.51,,,,,11.3,3.7,2.775,0.426,Cl_Trumpler_17
271,Collinder_236,289.58,-1.23,9.732000000000001,0.07,800,8.37,5.3,0.8,1.778,0.196,6.4,1.1,2.019,0.223,Collinder_236
272,Bochum_12,289.85,-1.78,12.474,0.24,2218,7.68,,,,,11.8,3.5,2.83,0.387,C_1055-614
273,NGC_3496,289.53,-0.46,11.435,0.47,990,8.62,,,,,7.9,1.7,2.298,0.287,NGC_3496
274,Pismis_17,289.48,0.09,14.18,0.47,3504,7.32,,,,,28.7,6.0,3.991,0.273,Pismis_17
275,Ruprecht_93,290.46,-1.11,11.5,0.23,1437,8.64,,,,,6.8,1.1,2.101,0.215,Ruprecht_93
276,NGC_3532,289.6,1.39,8.606,0.04,497,8.45,11.9,2.5,2.815,0.27699999999999997,9.8,0.8,2.56,0.11699999999999999,NGC_3532
277,Loden_306,290.55,-0.82,12.249,0.24,2000,6.76,,,,,17.8,3.6,3.3689999999999998,0.267,Loden_306
278,Feinstein_1,290.15,0.44,11.622,0.42,1159,6.97,,,,,21.7,3.0,3.611,0.182,Feinstein_1
279,vdBergh-Hagen_111,291.95,-3.16,12.932,0.25,2700,8.35,,,,,16.3,5.5,3.267,0.44,vdBergh-Hagen_111
280,Loden_309,290.74,-0.14,9.666,0.25,600,8.63,,,,,2.8,0.7,0.9129999999999999,0.322,Loden_309
281,NGC_3572,290.71,0.21,12.562999999999999,0.34,2004,6.88,,,,,10.1,3.3,2.6310000000000002,0.423,NGC_3572
282,Basel_17,290.25,1.34,11.565999999999999,0.16,1637,7.88,,,,,6.6,1.7,2.065,0.336,C_1108-587
283,Trumpler_18,290.99,-0.13,11.625,0.31,1358,7.77,,,,,8.0,1.4,2.316,0.22699999999999998,Cl_Trumpler_18
284,NGC_3590,291.2,-0.17,12.484000000000002,0.45,1651,7.55,,,,,11.8,2.1,2.832,0.23199999999999998,NGC_3590
285,Stock_13,290.5,1.6,11.671,0.22,1577,7.37,10.8,3.2,2.715,0.391,17.0,2.9,3.3,0.23,C_1110-586
286,IC_2714,292.4,-1.79,11.517999999999999,0.34,1238,8.41,,,,,7.5,1.2,2.235,0.21600000000000003,IC_2714
287,NGC_3680,286.75,16.92,10.068999999999999,0.07,934,9.09,7.0,3.2,2.124,0.603,6.6,1.2,2.04,0.25,NGC_3680
288,Ruprecht_94,294.05,-1.98,13.587,0.3,3400,7.19,40.4,20.6,4.463,0.667,39.0,6.1,4.418,0.207,Ruprecht_94
289,Ruprecht_164,293.23,0.62,9.801,0.11,780,9.0,,,,,4.7,1.1,1.6230000000000002,0.304,C_1128-605
290,Loden_372,292.55,2.76,11.636,0.4,1200,8.55,,,,,5.1,1.5,1.742,0.38799999999999996,Loden_372
291,Loden_402,293.44,0.7,12.504000000000001,0.18,2450,8.2,,,,,19.7,4.6,3.517,0.305,Loden_402
292,IC_2944,294.49,-1.32,12.261,0.32,1794,6.9,,,,,18.5,3.4,3.43,0.243,IC_2944
293,NGC_3766,294.11,-0.03,11.767000000000001,0.18,1745,7.52,10.8,2.2,2.728,0.27,13.8,2.2,3.0460000000000003,0.209,NGC_3766
294,vdBergh-Hagen_121,294.81,-1.62,13.084000000000001,0.29,2735,6.64,25.5,3.5,3.864,0.185,39.8,7.0,4.4430000000000005,0.23199999999999998,vdBergh-Hagen_121
295,IC_2948,294.99,-1.72,13.005,0.3,2600,6.75,,,,,12.4,3.7,2.92,0.38799999999999996,IC_2948
296,Stock_14,295.21,-0.66,12.34,0.22,2146,7.0,,,,,11.6,3.1,2.8289999999999997,0.355,C_1141-622
297,Ruprecht_96,295.89,-0.1,10.447000000000001,0.25,860,9.0,,,,,4.0,1.1,1.425,0.342,C_1148-618
298,Loden_481,295.84,0.77,11.652999999999999,0.24,1520,8.19,15.8,2.4,3.217,0.205,18.6,2.5,3.432,0.177,Loden_481
299,Loden_480,295.7,3.69,11.325999999999999,0.3,1200,8.71,,,,,7.1,1.6,2.166,0.299,Loden_480
300,Ruprecht_98,297.3,-2.28,9.423,0.16,610,8.78,7.9,0.9,2.287,0.154,8.7,1.2,2.418,0.18600000000000003,C_1155-642
301,NGC_4052,297.3,-0.9,10.908,0.16,1209,8.4,,,,,7.6,2.2,2.265,0.373,NGC_4052
302,Ruprecht_99,297.66,-1.5,9.253,0.05,660,9.29,,,,,3.6,0.7,1.2570000000000001,0.256,Ruprecht_99
303,NGC_4103,297.57,1.16,11.974,0.28,1664,7.59,,,,,14.0,1.9,3.072,0.177,NGC_4103
304,ESO_130-06,297.37,3.1,12.084000000000001,0.12,2200,8.33,,,,,15.5,3.2,3.215,0.276,ESO_130-6
305,Loden_565,297.65,1.71,9.685,0.2,650,8.05,,,,,5.8,1.6,1.8769999999999998,0.363,Loden_565
306,ESO_130-08,297.73,2.94,9.515,0.0,800,9.02,,,,,6.0,1.0,1.93,0.212,ESO_130-8
307,Loden_615,299.65,-2.1,10.155,0.05,1000,8.63,,,,,6.7,1.4,2.088,0.284,Loden_615
308,Melotte_111,222.43,83.4,4.698,0.0,87,8.78,9.5,0.8,2.501,0.111,9.6,1.1,2.516,0.152,Melotte_111
309,NGC_4349,299.73,0.84,12.866,0.38,2176,8.32,20.3,2.5,3.577,0.16699999999999998,21.4,2.7,3.6439999999999997,0.17,NGC_4349
310,Collinder_258,299.97,1.97,10.888,0.16,1198,8.05,,,,,8.2,1.6,2.362,0.255,Collinder_258
311,NGC_4439,300.06,2.65,12.343,0.35,1785,7.71,,,,,3.5,0.9,1.288,0.32799999999999996,NGC_4439
312,Hogg_23,300.16,1.84,10.702,0.07,1250,8.31,,,,,6.5,2.3,2.0709999999999997,0.466,C_1226-606
313,NGC_4463,300.64,-2.01,11.718,0.52,1050,7.97,,,,,5.4,1.5,1.821,0.355,NGC_4463
314,Ruprecht_105,300.88,1.24,10.044,0.05,950,9.01,,,,,5.7,1.5,1.889,0.33299999999999996,Cl_Ruprecht_105
315,NGC_4609,301.89,-0.13,11.46,0.33,1223,7.78,,,,,5.9,1.3,1.944,0.28,NGC_4609
316,Loden_682,302.42,2.22,10.390999999999998,0.2,900,8.41,,,,,5.6,1.3,1.858,0.31,Loden_682
317,Loden_694,303.12,2.12,11.895999999999999,0.24,1700,7.38,17.4,1.8,3.37,0.14300000000000002,25.5,4.6,3.866,0.239,Loden_694
318,NGC_4755,303.2,2.51,12.657,0.38,1976,6.98,,,,,19.0,3.6,3.492,0.251,NGC_4755
319,NGC_4852,304.03,3.27,11.394,0.25,1330,8.63,8.6,1.3,2.441,0.20800000000000002,10.6,1.7,2.718,0.21,NGC_4852
320,NGC_5045,305.47,-0.63,12.027000000000001,0.37,1500,7.11,15.1,2.4,3.187,0.21100000000000002,24.5,4.0,3.813,0.218,NGC_5045
321,NGC_5043,306.01,2.66,10.399000000000001,0.15,970,8.79,,,,,6.8,1.3,2.12,0.26,NGC_5043
322,Stock_16,306.08,0.2,12.562000000000001,0.48,1640,6.78,,,,,14.6,3.5,3.1510000000000002,0.317,Stock_16
323,Collinder_269,306.16,-3.51,11.407,0.27,1300,8.52,,,,,8.8,1.9,2.4730000000000003,0.29,Collinder_269
324,Loden_821,307.02,2.83,13.786,0.5,2800,7.29,18.0,3.7,3.4610000000000003,0.26899999999999996,26.5,5.7,3.968,0.28300000000000003,Loden_821
325,Loden_807,306.75,0.13,10.450999999999999,0.2,925,8.3,,,,,6.1,1.3,1.9809999999999999,0.281,Loden_807
326,NGC_5138,307.53,3.53,12.296,0.26,1986,7.55,,,,,15.9,3.1,3.28,0.257,NGC_5138
327,Basel_18,307.16,0.22,13.319,0.51,2226,7.92,,,,,15.8,4.1,3.2760000000000002,0.33799999999999997,Cl_Basel_18
328,Hogg_16,307.47,1.34,12.270999999999999,0.41,1585,7.26,,,,,4.0,1.3,1.456,0.414,Cl_Hogg_16
329,Collinder_272,307.59,1.2,13.01,0.47,2045,7.02,,,,,14.5,3.2,3.156,0.287,Cl_Collinder_272
330,NGC_5168,307.72,1.57,12.270999999999999,0.33,1777,7.74,,,,,9.6,2.8,2.616,0.38,NGC_5168
331,Ruprecht_108,308.25,3.98,10.208,0.14,901,8.41,,,,,6.5,1.6,2.055,0.316,C_1328-582
332,Trumpler_21,307.57,-0.29,11.148,0.18,1312,7.76,,,,,11.5,2.7,2.824,0.312,Cl_Trumpler_21
333,Loden_915,308.36,3.17,8.96,0.15,500,8.44,,,,,4.6,0.9,1.574,0.261,Loden_915
334,Platais_10,309.33,3.04,7.202999999999999,0.08,246,8.2,,,,,15.7,2.4,3.1689999999999996,0.204,Platais_10
335,Loden_1010,309.51,1.94,9.845,0.2,700,8.69,6.6,1.3,2.077,0.251,7.9,1.4,2.3080000000000003,0.231,Loden_1010
336,NGC_5281,309.15,-0.71,11.06,0.27,1108,7.76,,,,,6.8,1.2,2.135,0.22399999999999998,NGC_5281
337,Platais_12,309.71,-1.3,8.502,0.1,435,8.23,22.8,1.9,3.6689999999999996,0.113,20.1,1.4,3.5069999999999997,0.102,Platais_12
338,NGC_5316,310.22,0.12,11.26,0.27,1215,8.19,15.1,2.4,3.178,0.212,13.6,1.7,3.0410000000000004,0.17,NGC_5316
339,Loden_995,309.52,-2.88,12.831,0.3,2400,8.34,,,,,27.1,6.1,3.9939999999999998,0.295,Loden_995
340,Loden_1171,311.75,3.33,9.115,0.2,500,8.45,,,,,2.1,0.6,0.552,0.368,Loden_1171
341,Lynga_1,310.85,-0.33,13.219000000000001,0.46,2283,8.15,,,,,14.8,4.1,3.2060000000000004,0.361,Cl_Lynga_1
342,NGC_5359,308.67,-8.28,12.3,0.1,2500,8.3,,,,,9.8,2.9,2.673,0.381,NGC_5359
343,Ruprecht_110,309.95,-5.61,10.57,0.0,1300,8.74,12.6,2.4,2.947,0.25,9.0,2.0,2.515,0.29100000000000004,Cl_Ruprecht_110
344,Loden_1194,312.17,1.82,8.65,0.05,500,8.53,,,,,3.8,0.9,1.3319999999999999,0.317,Loden_1194
345,NGC_5460,315.74,12.64,9.419,0.09,673,8.31,10.7,3.7,2.7030000000000003,0.451,7.4,1.1,2.2319999999999998,0.198,NGC_5460
346,Loden_1225,312.58,1.69,11.5,0.2,1500,8.67,,,,,11.0,2.2,2.787,0.26,Loden_1225
347,Ruprecht_167,313.91,2.04,11.815,0.1,2000,8.57,11.9,2.6,2.918,0.284,16.3,3.2,3.325,0.257,Ruprecht_167
348,Loden_1256,313.11,-0.28,11.661,0.3,1400,8.41,,,,,12.7,2.5,2.964,0.263,Loden_1256
349,ESO_175-06,314.66,3.95,9.322000000000001,0.2,550,8.6,,,,,3.6,1.0,1.2590000000000001,0.371,ESO_175-06
350,Lynga_2,313.84,-0.44,10.62,0.2,1000,8.42,7.3,2.1,2.227,0.375,7.2,1.3,2.2030000000000003,0.244,Cl_Lynga_2
351,NGC_5593,316.3,5.61,9.647,0.0,850,8.77,,,,,4.4,0.9,1.5590000000000002,0.261,NGC_5593
352,NGC_5606,314.84,1.0,12.739,0.47,1805,6.84,,,,,20.8,4.6,3.634,0.292,NGC_5606
353,NGC_5617,314.67,-0.1,12.415999999999999,0.48,1533,8.02,,,,,10.5,1.7,2.7319999999999998,0.22,NGC_5617
354,Trumpler_22,314.64,-0.58,12.515,0.52,1516,8.11,,,,,7.8,2.0,2.34,0.341,Cl_Trumpler_22
355,NGC_5662,316.93,3.4,10.117,0.31,678,7.64,9.4,3.0,2.542,0.41600000000000004,8.2,1.2,2.36,0.19,NGC_5662
356,Alessi_6,313.64,-5.53,8.791,0.19,437,8.3,5.5,0.4,1.8090000000000002,0.114,5.4,1.0,1.8,0.255,Alessi_6
357,vdBergh-Hagen_164,314.28,-6.07,9.105,0.13,550,7.14,8.3,1.1,2.359,0.177,8.0,1.5,2.315,0.245,vdBergh-Hagen_164
358,NGC_5749,319.53,4.55,11.213,0.37,1031,7.41,,,,,3.6,0.9,1.319,0.33299999999999996,NGC_5749
359,Hogg_18,320.76,6.43,12.512,0.51,1535,7.58,,,,,7.1,2.5,2.2319999999999998,0.46299999999999997,C_1447-520
360,NGC_5822,321.57,3.59,10.277000000000001,0.15,917,8.83,19.6,2.6,3.5189999999999997,0.174,15.9,1.4,3.247,0.124,NGC_5822
361,NGC_5823,321.12,2.47,10.66,0.09,1192,8.9,,,,,6.2,1.9,2.036,0.40299999999999997,NGC_5823
362,Alessi_8,326.49,4.27,9.077,0.09,575,7.92,7.5,2.7,2.245,0.461,6.2,1.1,1.9969999999999999,0.228,Alessi_8
363,Loden_2313,327.16,2.24,10.901,0.05,1410,8.74,,,,,11.2,2.8,2.825,0.331,Loden_2313
364,Collinder_292,325.04,-2.62,11.19,0.1,1500,8.73,,,,,12.6,2.4,2.988,0.253,C_1546-575
365,Ruprecht_113,324.62,-4.69,10.007,0.15,810,8.23,,,,,15.3,2.8,3.187,0.24,C_1553-593
366,NGC_6025,324.55,-5.88,9.926,0.16,769,7.96,10.2,1.1,2.66,0.15,9.9,1.2,2.6210000000000004,0.16399999999999998,NGC_6025
367,Nor_OB5,332.98,1.86,13.942,0.86,1800,7.11,104.7,16.9,5.778,0.214,97.5,11.5,5.686,0.159,Nor_OB5
368,Lynga_7,328.75,-2.74,10.212,0.27,750,7.11,,,,,6.1,1.7,1.9980000000000002,0.365,Lynga_7
369,NGC_6067,329.74,-2.2,11.997,0.4,1417,8.01,12.3,1.3,2.951,0.14400000000000002,11.6,1.5,2.8739999999999997,0.17800000000000002,NGC_6067
370,Harvard_10,329.83,-3.27,11.365,0.25,1312,7.87,24.0,3.0,3.819,0.165,26.4,3.3,3.9419999999999997,0.17,C_1615-548
371,NGC_6087,327.72,-5.42,10.332,0.18,901,7.93,12.4,1.1,2.923,0.11800000000000001,15.4,1.7,3.2030000000000003,0.149,NGC_6087
372,Ruprecht_116,332.38,-1.68,10.081,0.1,900,8.95,,,,,3.7,0.8,1.364,0.281,C_1619-518
373,NGC_6124,340.74,6.03,10.468,0.68,470,8.34,9.5,2.0,2.546,0.27699999999999997,8.1,0.9,2.338,0.14800000000000002,NGC_6124
374,NGC_6134,334.92,-0.19,10.98,0.38,913,8.53,,,,,3.8,0.9,1.389,0.313,NGC_6134
375,Ruprecht_119,333.27,-1.88,11.669,0.57,956,7.43,,,,,4.9,1.3,1.726,0.35,C_1624-514
376,NGC_6152,332.91,-3.15,10.684000000000001,0.2,1030,8.65,14.0,1.7,3.097,0.162,13.5,1.6,3.049,0.159,NGC_6152
377,NGC_6167,335.22,-1.42,12.672,0.79,1108,8.16,,,,,9.4,2.3,2.582,0.325,NGC_6167
378,NGC_6178,338.4,1.22,10.712,0.22,1014,7.51,,,,,6.7,2.1,2.136,0.408,NGC_6178
379,NGC_6192,340.64,2.13,12.931,0.64,1547,8.13,,,,,10.8,2.9,2.804,0.35200000000000004,NGC_6192
380,NGC_6193,336.71,-1.57,11.77,0.47,1155,6.9,9.0,1.4,2.531,0.205,10.8,2.5,2.772,0.31,NGC_6193
381,NGC_6200,337.99,-1.06,13.360999999999999,0.58,2054,7.0,,,,,15.1,3.9,3.281,0.337,NGC_6200
382,NGC_6204,338.55,-1.03,11.51,0.43,1085,8.28,,,,,4.0,1.0,1.459,0.337,NGC_6204
383,Hogg_22,338.56,-1.14,12.58,0.65,1297,6.7,,,,,5.6,2.3,1.925,0.537,Cl_Hogg_22
384,NGC_6208,333.75,-5.76,10.514000000000001,0.21,939,9.07,,,,,3.2,0.9,1.149,0.35700000000000004,NGC_6208
385,NGC_6231,343.46,1.18,11.849,0.44,1250,6.81,,,,,11.1,2.6,2.823,0.311,NGC_6231
386,ESO_332-08,344.39,1.81,11.015999999999998,0.2,1200,8.17,,,,,4.8,1.1,1.732,0.303,ESO_332-8
387,NGC_6242,345.47,2.47,11.445,0.38,1131,7.63,11.9,7.4,2.907,0.8140000000000001,9.8,1.5,2.6519999999999997,0.20600000000000002,NGC_6242
388,vdBergh-Hagen_205,344.59,1.62,12.602,0.3,2160,7.12,,,,,5.4,1.8,1.952,0.441,vdBergh-Hagen_205
389,NGC_6249,341.53,-1.18,11.322000000000001,0.44,981,7.54,8.2,5.2,2.399,0.8340000000000001,8.4,1.6,2.439,0.247,NGC_6249
390,NGC_6250,340.68,-1.92,10.77,0.35,865,7.42,,,,,12.1,2.6,2.9,0.28300000000000003,NGC_6250
391,NGC_6268,346.04,1.31,11.270999999999999,0.39,1029,8.24,,,,,5.0,0.9,1.775,0.24600000000000002,NGC_6268
392,NGC_6281,347.72,1.98,8.934,0.15,494,8.51,8.0,3.5,2.331,0.5660000000000001,7.3,0.8,2.206,0.147,NGC_6281
393,Sco_OB4,352.39,3.44,10.827,0.2,1100,6.82,88.2,10.6,5.5120000000000005,0.162,68.2,5.4,5.178,0.11,Ass_Sco_OB_4
394,Bochum_13,351.2,1.37,12.61,0.79,1077,7.08,,,,,8.6,2.7,2.475,0.41600000000000004,Cl_Bochum_13
395,NGC_6322,345.28,-3.05,11.632,0.53,995,7.16,,,,,4.2,1.1,1.5419999999999998,0.341,NGC_6322
396,vdBergh-Hagen_221,353.97,3.0,9.995,0.2,750,8.01,6.7,1.1,2.13,0.222,7.2,1.6,2.21,0.285,vdBergh-Hagen_221
397,IC_4651,340.09,-7.9,10.113999999999999,0.12,888,8.92,,,,,6.5,1.1,2.085,0.218,IC_4651
398,Trumpler_26,357.52,2.84,12.67,0.14,2800,8.38,,,,,16.4,5.5,3.464,0.44,C_1725-294
399,Antalova_1,355.84,1.64,10.422,0.25,850,8.5,,,,,6.7,1.9,2.137,0.369,Antalova_1
400,Ruprecht_125,348.49,-3.4,11.19,0.1,1500,8.77,,,,,11.1,2.6,2.841,0.311,Ruprecht_125
401,Collinder_333,354.09,-0.17,10.001,0.11,855,8.9,,,,,5.1,1.8,1.7819999999999998,0.45,Cl_Collinder_333
402,NGC_6383,355.68,0.05,10.897,0.3,985,6.71,8.3,1.2,2.4290000000000003,0.19,9.6,1.9,2.6069999999999998,0.258,NGC_6383
403,Trumpler_27,355.06,-0.74,14.105,1.19,1211,7.47,,,,,15.9,3.7,3.2939999999999996,0.302,Cl_Trumpler_27
404,Trumpler_28,356.01,-0.3,12.902999999999999,0.73,1343,6.89,,,,,7.5,2.1,2.33,0.368,Cl_Trumpler_28
405,ESO_139-13,333.98,-13.8,11.5,0.2,1500,8.78,,,,,3.9,1.1,1.4809999999999999,0.37,ESO_139-13
406,Collinder_338,351.7,-3.29,10.497,0.25,880,8.65,9.6,1.8,2.597,0.248,8.7,1.8,2.475,0.27699999999999997,Collinder_338
407,NGC_6400,352.58,-3.24,10.23,0.11,950,8.78,9.1,5.7,2.5340000000000003,0.828,6.7,1.3,2.137,0.26,NGC_6400
408,NGC_6405,356.62,-0.74,8.872,0.14,487,7.91,5.5,1.2,1.847,0.289,6.4,0.9,2.039,0.18600000000000003,NGC_6405
409,Trumpler_29,349.98,-5.14,9.993,0.19,760,8.69,,,,,4.4,0.9,1.5759999999999998,0.261,C_1738-400
410,Alessi_9,344.13,-9.13,6.667000000000001,0.07,195,8.42,10.7,3.9,2.681,0.48100000000000004,7.9,1.1,2.281,0.184,Alessi_9
411,NGC_6416,356.93,-1.55,10.124,0.25,741,8.78,5.1,0.6,1.76,0.153,6.2,1.0,2.022,0.204,NGC_6416
412,IC_4665,30.62,17.08,8.26,0.17,352,7.63,8.7,2.3,2.414,0.344,10.7,1.4,2.681,0.177,IC_4665
413,NGC_6425,357.94,-1.6,10.695,0.4,778,8.34,,,,,3.9,0.9,1.405,0.313,NGC_6425
414,Collinder_350,26.79,14.69,8.383,0.37,280,8.61,5.8,0.7,1.891,0.16399999999999998,5.5,0.9,1.8219999999999998,0.21899999999999997,Collinder_350
415,Ruprecht_131,0.14,-0.84,9.201,0.1,600,9.17,,,,,3.1,1.0,1.103,0.409,Cl_Ruprecht_131
416,NGC_6444,355.39,-3.75,9.113,0.12,560,9.0,,,,,3.4,0.7,1.225,0.266,NGC_6444
417,Basel_5,359.76,-1.86,10.413,0.32,766,8.54,,,,,6.0,1.9,1.989,0.40299999999999997,C_1749-300
418,Sco_OB5,352.38,-6.2,13.312000000000001,0.23,3310,6.86,93.6,12.9,5.77,0.184,85.9,12.7,5.6579999999999995,0.19699999999999998,Sco_OB5
419,NGC_6469,6.55,1.94,9.632,0.3,550,8.36,,,,,2.9,0.8,1.005,0.355,NGC_6469
420,NGC_6475,355.86,-4.49,7.696000000000001,0.1,300,8.22,12.3,2.0,2.866,0.213,11.8,0.9,2.818,0.11,NGC_6475
421,Trumpler_30,355.74,-5.25,10.682,0.22,1000,8.31,,,,,5.0,1.3,1.771,0.327,C_1753-353
422,NGC_6494,9.88,2.84,10.106,0.36,628,8.52,15.8,2.2,3.23,0.185,10.9,1.0,2.75,0.126,M_23
423,Collinder_359,29.72,12.63,9.527000000000001,0.16,640,7.45,27.5,2.7,3.944,0.133,26.0,4.2,3.87,0.215,Collinder_359
424,Ruprecht_139,6.41,-0.22,9.167,0.15,550,9.05,,,,,2.5,0.6,0.7979999999999999,0.298,Cl_Ruprecht_139
425,NGC_6514,7.08,-0.28,10.147,0.19,816,7.28,,,,,6.8,2.1,2.1430000000000002,0.41100000000000003,M_20
426,NGC_6520,2.88,-2.84,12.290999999999999,0.42,1577,7.75,,,,,4.7,1.3,1.725,0.379,NGC_6520
427,NGC_6531,7.67,-0.35,11.273,0.28,1205,6.82,11.7,1.6,2.8939999999999997,0.17800000000000002,17.3,3.6,3.4010000000000002,0.27699999999999997,M_21
428,NGC_6530,6.07,-1.32,11.536,0.3,1322,6.67,,,,,11.1,2.2,2.8310000000000004,0.26,NGC_6530
429,NGC_6546,7.32,-1.43,11.38,0.49,938,8.72,7.1,1.4,2.2159999999999997,0.268,8.7,1.8,2.484,0.266,NGC_6546
430,vdBergh_113,9.13,-0.77,14.5,0.58,3470,7.5,39.4,7.0,4.655,0.235,45.5,8.2,4.841,0.239,vdBergh_113
431,ESO_521-38,6.47,-2.38,11.958,0.22,1800,8.1,,,,,7.0,2.2,2.275,0.40700000000000003,ESO_521-38
432,Collinder_367,7.27,-2.02,11.481,0.35,1200,6.84,,,,,18.7,4.0,3.503,0.278,Collinder_367
433,NGC_6561,13.42,1.16,13.897,0.4,3400,6.92,,,,,28.5,11.3,4.2219999999999995,0.519,NGC_6561
434,NGC_6568,9.41,-1.64,10.775,0.25,1000,8.71,6.9,2.3,2.186,0.435,9.6,1.6,2.62,0.213,NGC_6568
435,Sgr_OB7,10.7,-1.51,12.092,0.24,1860,6.64,,,,,74.1,7.8,5.351,0.14300000000000002,Ass_Sgr_OB_7
436,Markarian_38,12.01,-0.98,11.875,0.3,1545,6.95,,,,,8.3,1.9,2.4659999999999997,0.304,Markarian_38
437,NGC_6596,14.3,-0.28,10.672,0.15,1100,8.6,,,,,9.2,2.0,2.559,0.29100000000000004,NGC_6596
438,Dias_5,11.65,-1.73,12.251,0.33,1760,7.14,,,,,12.0,3.3,2.966,0.35600000000000004,Dias_5
439,NGC_6604,18.24,1.7,14.092,0.95,1696,6.64,16.4,4.4,3.364,0.35200000000000004,20.3,3.8,3.6460000000000004,0.245,NGC_6604
440,NGC_6603,12.83,-1.31,13.847000000000001,0.5,2880,7.8,,,,,19.6,5.5,3.699,0.36700000000000005,NGC_6603
441,NGC_6611,16.94,0.8,13.345999999999998,0.7,1719,6.72,13.7,4.0,3.136,0.381,12.4,2.2,3.003,0.239,M_16
442,Alessi_19,40.29,12.63,8.826,0.04,550,8.05,14.8,2.9,3.117,0.259,14.3,2.4,3.08,0.225,Alessi_19
443,NGC_6613,14.18,-1.01,11.958,0.45,1296,7.52,,,,,7.3,1.5,2.274,0.273,M_18
444,NGC_6618,15.05,-0.7,16.253,1.6,1814,6.78,27.0,3.9,4.026,0.192,38.2,11.0,4.479,0.377,NGC_6618
445,Trumpler_33,12.39,-3.23,12.337,0.36,1755,7.84,,,,,5.8,2.4,2.031,0.545,Cl_Trumpler_33
446,NGC_6633,36.01,8.34,8.485,0.18,385,8.76,6.5,0.5,2.039,0.10300000000000001,6.8,0.7,2.097,0.141,NGC_6633
447,NGC_6639,18.91,-1.51,9.845,0.2,700,8.86,,,,,5.2,1.3,1.791,0.33,NGC_6639
448,Ruprecht_141,19.69,-1.2,15.469000000000001,0.57,5500,6.92,,,,,29.0,11.5,4.345,0.517,Cl_Ruprecht_141
449,IC_4725,13.68,-4.41,10.357000000000001,0.45,620,7.83,15.2,1.6,3.1719999999999997,0.14300000000000002,13.7,1.7,3.0439999999999996,0.168,IC_4725
450,IC_4756,36.37,5.26,9.013,0.19,484,8.79,18.8,1.6,3.428,0.11900000000000001,14.7,1.2,3.112,0.115,IC_4756
451,NGC_6694,23.88,-2.91,12.856,0.6,1582,8.3,,,,,7.6,1.7,2.356,0.3,M_26
452,Ruprecht_145,16.51,-8.01,10.207,0.25,770,8.64,9.9,1.6,2.63,0.20800000000000002,9.6,1.5,2.59,0.204,Ruprecht_145
453,NGC_6705,27.3,-2.77,12.7,0.43,1877,8.07,,,,,10.8,1.9,2.82,0.237,NGC_6705
454,NGC_6709,42.12,4.72,11.149000000000001,0.32,1075,8.14,9.0,2.3,2.504,0.34299999999999997,7.6,1.2,2.295,0.21600000000000003,NGC_6709
455,Collinder_394,14.9,-9.26,9.979,0.24,703,7.86,14.0,2.7,3.076,0.252,11.6,1.6,2.832,0.18100000000000002,Collinder_394
456,Stephenson_1,66.81,15.39,7.983,0.04,373,7.69,11.5,4.1,2.77,0.46299999999999997,13.6,1.8,2.983,0.17600000000000002,Stephenson_1
457,NGC_6716,15.39,-9.58,10.105,0.2,789,7.47,,,,,4.0,0.9,1.456,0.28300000000000003,NGC_6716
458,NGC_6728,25.74,-5.68,10.465,0.15,1000,8.93,,,,,5.5,1.3,1.881,0.309,NGC_6728
459,NGC_6738,44.39,3.11,9.38,0.05,700,9.16,,,,,3.2,1.0,1.14,0.41200000000000003,NGC_6738
460,Ruprecht_147,20.99,-12.81,6.68,0.15,175,9.39,7.1,1.0,2.148,0.195,5.3,0.6,1.7690000000000001,0.155,Ruprecht_147
461,NGC_6793,56.16,3.32,10.734000000000002,0.17,1100,8.64,,,,,6.9,1.7,2.138,0.317,NGC_6793
462,NGC_6800,59.23,3.95,11.24,0.4,1000,8.59,,,,,6.2,1.3,1.9969999999999999,0.281,NGC_6800
463,Stock_1,60.25,2.26,8.247,0.17,350,8.53,4.6,0.7,1.58,0.19899999999999998,4.8,0.7,1.62,0.2,C_1933+251
464,NGC_6811,79.21,12.02,10.901,0.14,1240,8.76,10.0,1.1,2.5780000000000003,0.154,12.7,1.7,2.8989999999999996,0.18100000000000002,NGC_6811
465,NGC_6823,59.4,-0.14,13.99,0.84,1893,7.01,18.6,3.2,3.4530000000000003,0.22699999999999998,28.1,6.6,3.9960000000000004,0.31,NGC_6823
466,Turner_9,64.75,2.51,10.117,0.15,852,8.06,28.5,3.3,3.969,0.157,26.4,2.4,3.8680000000000003,0.125,NAME_SU_Cygni_Cluster
467,Roslund_1,54.6,-3.39,9.285,0.05,670,8.47,,,,,3.9,1.0,1.395,0.318,C_1942+174
468,Roslund_2,60.19,-0.28,14.295,0.9,2000,6.89,,,,,27.1,7.7,3.949,0.373,C_1943+238
469,NGC_6828,46.82,-9.27,9.511000000000001,0.2,600,8.56,,,,,4.0,1.3,1.4240000000000002,0.433,NGC_6828
470,NGC_6830,60.13,-1.8,12.623,0.5,1639,7.52,,,,,15.6,5.2,3.218,0.439,NGC_6830
471,Roslund_3,58.8,-4.68,11.956,0.34,1515,7.61,10.6,3.6,2.715,0.445,11.9,2.6,2.861,0.28300000000000003,C_1956+203
472,Dolidze_36,77.69,6.03,10.453,0.22,900,8.83,,,,,6.7,1.5,2.072,0.298,Dolidze_36
473,NGC_6866,79.56,6.84,11.334000000000001,0.17,1450,8.68,,,,,5.3,1.2,1.768,0.29,NGC_6866
474,Alessi_10,31.64,-20.98,9.232999999999999,0.22,513,8.71,,,,,3.2,0.8,1.143,0.33299999999999996,Alessi_10
475,Dolidze_38,77.19,5.02,10.860999999999999,0.15,1200,8.95,,,,,9.2,2.3,2.481,0.326,C_2004+410
476,NGC_6871,72.64,2.06,12.349,0.44,1574,6.99,10.8,2.6,2.698,0.316,14.2,2.5,3.062,0.23399999999999999,NGC_6871
477,Biurakan_1,72.74,1.76,12.044,0.33,1600,7.25,,,,,13.5,2.7,2.991,0.263,Biurakan_1
478,Biurakan_2,72.74,1.35,11.335,0.36,1106,7.14,,,,,7.0,1.4,2.135,0.271,Cl_Biurakan_2
479,Roslund_5,71.47,0.23,8.416,0.1,418,7.77,6.8,2.5,2.0869999999999997,0.474,8.1,1.1,2.31,0.174,Roslund_5
480,NGC_6883,73.27,1.17,11.629000000000001,0.3,1380,7.53,,,,,8.8,1.8,2.428,0.266,NGC_6883
481,Ruprecht_172,73.11,1.01,10.827,0.2,1100,8.91,,,,,8.7,1.8,2.418,0.266,C_2009+354
482,NGC_6882,65.77,-3.84,7.732,0.02,342,8.16,,,,,2.0,0.6,0.513,0.373,NGC_6882
483,IC_4996,75.35,1.31,13.052999999999999,0.6,1732,6.8,,,,,14.1,3.6,3.042,0.335,IC_4996
484,Collinder_419,78.07,2.79,10.4,0.34,740,6.85,,,,,7.3,1.8,2.169,0.32,Collinder_419
485,Berkeley_86,76.66,1.27,13.020999999999999,0.9,1112,6.96,,,,,5.7,2.0,1.864,0.445,Berkeley_86
486,NGC_6910,78.68,2.01,13.29,0.97,1139,7.33,,,,,8.1,1.9,2.316,0.301,NGC_6910
487,Collinder_421,79.44,2.53,10.199,0.1,950,9.06,,,,,3.7,0.8,1.295,0.295,C_2021+415
488,NGC_6913,76.9,0.6,13.338,0.98,1148,7.12,,,,,4.1,1.0,1.431,0.33299999999999996,M_29
489,Roslund_6,78.06,0.26,8.452,0.06,450,8.47,4.9,1.1,1.66,0.287,4.3,1.2,1.489,0.35200000000000004,C_2027+392
490,Cyg_OB2,80.21,0.79,14.91,1.3,1500,6.72,40.6,7.3,4.409,0.23800000000000002,43.4,8.1,4.495,0.245,Ass_Cyg_OB_2
491,NGC_6940,69.85,-7.15,10.083,0.21,770,8.94,11.5,1.4,2.77,0.162,9.7,1.0,2.56,0.145,NGC_6940
492,Alessi_12,67.41,-11.46,8.898,0.08,537,7.9,11.2,2.5,2.736,0.29600000000000004,9.8,1.4,2.5669999999999997,0.192,Alessi_12
493,Roslund_7,79.8,-4.22,9.845,0.2,700,8.67,9.4,1.3,2.494,0.184,9.5,1.5,2.51,0.212,Roslund_7
494,NGC_6991,87.39,1.6,9.225,0.0,700,9.11,10.6,1.1,2.6430000000000002,0.14300000000000002,8.3,1.1,2.334,0.174,NGC_6991
495,NGC_7039,87.88,-1.7,10.294,0.13,951,8.83,,,,,11.7,2.4,2.7689999999999997,0.271,NGC_7039
496,NGC_7058,92.9,0.59,8.196,0.06,400,8.35,,,,,1.6,0.4,0.159,0.326,NGC_7058
497,NGC_7063,83.06,-9.88,9.47,0.09,689,8.08,6.5,1.3,2.009,0.255,7.4,1.8,2.178,0.321,NGC_7063
498,NGC_7082,91.16,-2.87,11.539000000000001,0.24,1442,7.91,16.4,2.3,3.201,0.19,22.2,3.5,3.595,0.20800000000000002,NGC_7082
499,NGC_7092,92.41,-2.23,7.495,0.01,311,8.57,8.6,1.8,2.365,0.28,8.0,1.1,2.27,0.182,M_39
500,IC_1396,99.28,3.74,11.065,0.47,835,6.69,17.8,2.8,3.299,0.21,19.8,3.2,3.4389999999999996,0.215,IC_1396
501,NGC_7160,104.0,6.46,10.584000000000001,0.35,794,7.66,,,,,6.7,1.7,2.019,0.33899999999999997,NGC_7160
502,NGC_7209,95.51,-7.36,10.831,0.16,1167,8.65,10.4,5.4,2.6,0.682,9.2,1.4,2.444,0.201,NGC_7209
503,NGC_7235,102.7,0.78,15.137,0.93,2823,6.76,,,,,9.3,3.3,2.358,0.47,NGC_7235
504,NGC_7243,98.85,-5.52,10.219,0.22,808,8.09,14.9,1.5,3.073,0.133,14.5,1.7,3.0389999999999997,0.16,NGC_7243
505,IC_1442,101.36,-2.2,13.526,0.54,2346,7.71,,,,,22.8,7.0,3.5589999999999997,0.40299999999999997,IC_1442
506,Pismis-Moreno_1,106.72,5.31,11.321,0.5,900,7.55,,,,,5.2,1.3,1.693,0.327,NAME_Cl_Pismis-Moreno_1
507,NGC_7281,104.44,0.29,12.597999999999999,0.5,1620,7.86,9.9,1.5,2.494,0.19899999999999998,17.2,3.8,3.219,0.289,NGC_7281
508,NGC_7380,107.1,-0.88,13.594000000000001,0.6,2222,6.72,21.0,8.5,3.4360000000000004,0.531,24.7,6.5,3.645,0.34600000000000003,NGC_7380
509,NGC_7438,106.7,-4.9,10.131,0.4,600,8.93,7.0,0.8,2.081,0.14800000000000002,6.5,1.1,1.986,0.223,NGC_7438
510,Cep_OB3,111.26,2.98,10.93,0.55,700,7.44,32.4,4.7,4.072,0.192,31.6,3.8,4.037,0.163,NAME_III_CEP_ASSOC
511,NGC_7510,110.9,0.06,14.375,0.9,2075,7.22,,,,,4.1,1.3,1.296,0.40399999999999997,NGC_7510
512,NGC_7654,112.81,0.43,12.777999999999999,0.65,1421,7.84,,,,,7.9,1.7,2.193,0.28600000000000003,M_52
513,Czernik_43,112.84,0.13,14.16,0.7,2500,7.7,,,,,20.4,5.0,3.3560000000000003,0.322,Czernik_43
514,Stock_12,111.44,-8.48,8.165,0.05,400,8.45,4.9,2.7,1.6130000000000002,0.737,4.7,0.8,1.557,0.22899999999999998,Cl_Stock_12
515,Aveni-Hunter_1,110.55,-12.58,8.805,0.1,500,8.26,9.7,1.1,2.504,0.157,10.0,2.7,2.55,0.354,NAME_Aveni-Hunter_1
516,King_12,116.12,-0.13,13.71,0.59,2378,7.12,,,,,16.7,4.1,3.091,0.319,King_12
517,NGC_7788,116.43,-0.78,13.365,0.48,2374,7.48,,,,,12.5,3.4,2.713,0.35600000000000004,NGC_7788
518,NGC_7789,115.51,-5.38,12.525,0.22,2337,9.23,31.5,8.0,3.9219999999999997,0.335,28.4,4.3,3.7880000000000003,0.201,NGC_7789
519,Frolov_1,116.56,-0.57,13.901,0.6,2560,7.66,,,,,16.7,5.1,3.0780000000000003,0.395,Frolov_1
520,NGC_7790,116.58,-1.01,13.988,0.53,2944,7.91,,,,,11.1,3.6,2.505,0.424,NGC_7790
1001,ASCC_1,118.15,0.19,13.505999999999998,0.16,4000,8.25,,,,,36.9,7.0,3.9619999999999997,0.25,ASCC_1
1002,ASCC_2,118.46,-6.89,10.706,0.1,1200,8.83,,,,,15.3,3.0,3.054,0.256,ASCC_2
1003,ASCC_3,120.02,-7.48,11.679,0.17,1700,7.9,,,,,12.8,3.5,2.7889999999999997,0.359,ASCC_3
1004,ASCC_4,123.13,-1.29,10.305,0.3,750,8.34,,,,,12.2,1.9,2.785,0.20600000000000002,ASCC_4
1005,ASCC_5,123.85,-7.02,11.655,0.25,1500,7.03,,,,,8.1,2.3,2.194,0.374,ASCC_5
1006,ASCC_6,130.34,-4.34,11.325999999999999,0.3,1200,8.17,,,,,13.5,2.4,2.866,0.239,ASCC_6
1007,ASCC_7,131.54,-2.77,13.055,0.5,2000,7.36,,,,,22.6,5.6,3.468,0.324,ASCC_7
1008,ASCC_8,134.02,-1.33,13.417,0.55,2200,6.76,,,,,34.3,6.9,3.98,0.265,ASCC_8
1009,ASCC_9,137.87,-1.76,15.102,0.9,2900,6.79,,,,,24.9,6.2,3.469,0.325,ASCC_9
1010,ASCC_10,155.6,-17.79,9.535,0.1,700,8.65,,,,,9.9,1.9,2.496,0.258,ASCC_10
1011,ASCC_11,150.56,-9.24,9.53,0.15,650,8.61,,,,,7.6,1.3,2.158,0.23,ASCC_11
1012,ASCC_12,163.03,-1.86,8.96,0.15,500,8.42,,,,,5.3,1.2,1.7,0.293,ASCC_12
1013,ASCC_13,163.4,3.26,10.135,0.2,800,7.71,18.4,5.2,3.281,0.37200000000000005,20.1,3.0,3.3960000000000004,0.195,ASCC_13
1014,ASCC_14,171.83,-1.03,10.765,0.18,1100,8.61,,,,,9.5,2.0,2.384,0.27899999999999997,ASCC_14
1015,ASCC_15,170.98,0.07,11.599,0.28,1400,8.6,,,,,10.9,2.8,2.5269999999999997,0.33,ASCC_15
1016,ASCC_16,200.98,-18.35,8.593,0.09,460,6.93,10.1,1.3,2.5340000000000003,0.16699999999999998,9.1,1.2,2.4,0.18,ASCC_16
1017,ASCC_17,176.56,-3.08,12.497,0.32,2000,7.12,,,,,22.6,5.3,3.3930000000000002,0.307,ASCC_17
1018,ASCC_18,202.08,-18.49,8.681000000000001,0.06,500,7.12,,,,,11.5,1.9,2.708,0.218,ASCC_18
1019,ASCC_19,204.88,-19.47,7.751,0.01,350,7.64,8.5,0.8,2.331,0.128,10.2,1.5,2.5669999999999997,0.191,ASCC_19
1020,ASCC_20,201.67,-17.53,8.39,0.04,450,7.35,15.2,4.7,3.074,0.4,12.6,1.7,2.827,0.179,ASCC_20
1021,ASCC_21,199.86,-16.49,8.588,0.03,500,7.11,14.9,2.8,3.042,0.247,13.7,1.8,2.93,0.177,ASCC_21
1022,ASCC_22,208.12,-7.92,11.5,0.2,1500,8.42,,,,,10.4,2.3,2.463,0.294,ASCC_22
1023,ASCC_23,167.52,14.42,9.107999999999999,0.07,600,8.45,9.1,1.5,2.383,0.225,7.7,1.4,2.1630000000000003,0.245,ASCC_23
1024,ASCC_24,216.64,-8.23,8.443999999999999,0.14,400,6.96,,,,,4.9,0.9,1.601,0.253,ASCC_24
1025,ASCC_25,190.18,9.72,11.227,0.16,1400,8.86,,,,,9.4,2.3,2.3369999999999997,0.327,ASCC_25
1026,ASCC_26,206.35,3.06,9.918,0.13,800,8.09,,,,,4.5,1.0,1.462,0.303,ASCC_26
1027,ASCC_27,217.11,-1.46,10.675,0.09,1200,8.75,,,,,9.4,2.2,2.384,0.308,ASCC_27
1028,ASCC_28,213.38,0.5,9.67,0.05,800,8.34,,,,,9.0,1.5,2.351,0.221,ASCC_28
1029,ASCC_29,214.72,-0.12,9.53,0.05,750,8.06,,,,,6.8,1.3,1.9980000000000002,0.26,ASCC_29
1030,ASCC_30,219.09,-1.6,9.98,0.15,800,8.2,,,,,7.8,1.4,2.171,0.231,ASCC_30
1031,ASCC_31,210.89,3.69,9.356,0.15,600,8.63,,,,,3.7,0.9,1.202,0.314,ASCC_31
1032,ASCC_32,237.88,-9.61,9.623,0.08,750,8.18,10.4,1.7,2.58,0.214,13.4,1.9,2.907,0.18600000000000003,ASCC_32
1033,ASCC_33,236.67,-8.73,9.67,0.05,800,7.26,,,,,28.6,3.0,3.891,0.141,ASCC_33
1034,ASCC_34,209.67,6.99,8.826,0.04,550,8.55,,,,,6.8,1.6,2.02,0.3,ASCC_34
1035,ASCC_35,213.46,5.68,9.701,0.06,800,8.49,,,,,11.4,1.9,2.667,0.218,ASCC_35
1036,ASCC_36,234.31,-4.64,9.375,0.0,750,8.51,,,,,5.2,1.1,1.6580000000000001,0.29100000000000004,ASCC_36
1037,ASCC_37,237.69,-5.46,11.020999999999999,0.0,1600,8.73,,,,,8.3,1.7,2.214,0.276,ASCC_37
1038,ASCC_38,221.97,5.36,8.712,0.07,500,8.6,,,,,5.4,1.1,1.714,0.265,ASCC_38
1039,ASCC_39,237.95,-1.72,10.88,0.0,1500,8.71,,,,,18.7,3.2,3.2880000000000003,0.23,ASCC_39
1040,ASCC_40,229.97,2.84,9.566,0.11,700,8.58,,,,,4.3,0.9,1.425,0.285,ASCC_40
1041,ASCC_41,219.35,12.35,7.903,0.02,370,8.44,,,,,5.3,1.1,1.7080000000000002,0.266,ASCC_41
1042,ASCC_42,266.41,-12.85,9.825,0.1,800,8.57,,,,,11.9,2.4,2.786,0.271,ASCC_42
1043,ASCC_43,244.73,-0.39,10.31,0.1,1000,8.28,,,,,13.0,2.2,2.864,0.221,ASCC_43
1044,ASCC_44,264.92,-10.47,10.765,0.18,1100,7.89,20.0,4.4,3.4539999999999997,0.29,18.8,4.0,3.3710000000000004,0.278,ASCC_44
1045,ASCC_45,253.63,-0.31,14.245999999999999,0.6,3000,7.12,,,,,31.2,7.4,3.907,0.311,ASCC_45
1046,ASCC_46,264.44,-7.33,10.081,0.1,900,7.71,,,,,15.5,2.9,3.1289999999999996,0.247,ASCC_46
1047,ASCC_47,258.26,0.31,10.081,0.1,900,7.88,15.4,2.5,3.103,0.21600000000000003,17.9,3.2,3.3,0.235,ASCC_47
1048,ASCC_48,257.39,1.61,8.01,0.0,400,9.09,5.4,0.5,1.758,0.12,4.4,1.0,1.4980000000000002,0.287,ASCC_48
1049,ASCC_49,259.31,3.47,9.833,0.02,900,8.14,,,,,13.7,3.1,2.9539999999999997,0.3,ASCC_49
1050,ASCC_50,262.5,1.48,10.267000000000001,0.2,850,7.48,,,,,12.0,2.3,2.786,0.252,ASCC_50
1051,ASCC_51,286.24,-14.08,8.65,0.05,500,8.53,12.5,1.0,2.8760000000000003,0.10800000000000001,11.7,1.6,2.79,0.18100000000000002,ASCC_51
1052,ASCC_52,275.96,-2.41,11.004000000000001,0.04,1500,8.75,,,,,17.9,2.8,3.332,0.21,ASCC_52
1053,ASCC_53,280.56,-5.36,12.455,0.15,2500,8.12,,,,,33.9,6.2,4.168,0.242,ASCC_53
1054,ASCC_54,277.9,-0.9,10.550999999999998,0.05,1200,8.84,,,,,11.3,1.8,2.736,0.21,ASCC_54
1055,ASCC_55,280.61,-2.09,10.796,0.19,1100,8.45,,,,,9.3,1.8,2.49,0.249,ASCC_55
1056,ASCC_56,286.39,-6.87,9.856,0.11,800,8.08,10.1,1.1,2.608,0.14300000000000002,11.1,2.1,2.728,0.251,ASCC_56
1057,ASCC_57,287.97,-8.59,11.283,0.13,1500,8.7,,,,,22.6,3.5,3.667,0.204,ASCC_57
1058,ASCC_58,281.71,1.33,9.17,0.09,600,7.04,,,,,9.6,1.4,2.521,0.195,ASCC_58
1059,ASCC_59,283.78,-0.51,8.857000000000001,0.05,550,8.6,,,,,7.4,1.0,2.1919999999999997,0.177,ASCC_59
1060,ASCC_60,285.67,-0.32,9.825,0.1,800,8.36,,,,,3.7,0.9,1.2890000000000001,0.313,ASCC_60
1061,ASCC_61,286.41,1.94,11.865,0.23,1700,7.96,,,,,25.4,3.8,3.8160000000000003,0.19899999999999998,ASCC_61
1062,ASCC_62,288.43,-0.66,13.13,0.24,3000,7.5,,,,,40.3,7.4,4.428999999999999,0.243,ASCC_62
1063,ASCC_63,289.12,-0.67,14.115,0.45,3500,7.24,,,,,24.4,5.7,3.775,0.308,ASCC_63
1064,ASCC_64,290.14,-0.77,11.345,0.15,1500,7.92,,,,,11.5,2.3,2.7889999999999997,0.261,ASCC_64
1065,ASCC_65,291.11,-0.57,13.96,0.4,3500,7.09,,,,,40.8,6.3,4.457,0.204,ASCC_65
1066,ASCC_66,289.29,4.84,10.31,0.1,1000,7.76,,,,,12.3,2.5,2.864,0.272,ASCC_66
1067,ASCC_67,294.56,0.71,11.81,0.3,1500,7.67,,,,,12.8,2.5,2.9389999999999996,0.254,ASCC_67
1068,ASCC_68,297.07,1.4,9.375,0.1,650,8.65,,,,,4.9,0.8,1.656,0.20600000000000002,ASCC_68
1069,ASCC_69,299.04,-7.23,10.527000000000001,0.17,1000,7.91,,,,,16.5,3.5,3.264,0.276,ASCC_69
1070,ASCC_70,299.01,-1.83,13.242,0.35,2700,6.92,,,,,43.1,9.0,4.566,0.276,ASCC_70
1071,ASCC_71,299.99,-4.82,11.345,0.25,1300,7.88,,,,,25.2,3.6,3.832,0.192,ASCC_71
1072,ASCC_72,300.69,1.84,10.703,0.16,1100,8.13,,,,,13.2,2.2,2.983,0.221,ASCC_72
1073,ASCC_73,301.49,-4.46,9.22,0.05,650,8.19,9.9,0.9,2.585,0.128,10.3,1.7,2.636,0.222,ASCC_73
1074,ASCC_74,308.66,3.57,8.857000000000001,0.05,550,8.5,,,,,4.2,1.0,1.483,0.322,ASCC_74
1075,ASCC_75,309.33,-0.24,13.315999999999999,0.3,3000,6.65,,,,,25.9,6.4,3.955,0.326,ASCC_75
1076,ASCC_76,308.97,-4.24,9.728,0.27,600,7.45,,,,,8.0,1.7,2.315,0.275,ASCC_76
1077,ASCC_77,312.0,-0.86,12.642000000000001,0.3,2200,6.99,30.6,3.8,4.152,0.16899999999999998,29.9,5.2,4.123,0.23,ASCC_77
1078,ASCC_78,314.77,-8.64,11.901,0.0,2400,8.48,,,,,15.2,3.5,3.2560000000000002,0.301,ASCC_78
1079,ASCC_79,320.04,-2.86,10.011000000000001,0.16,800,6.86,,,,,17.6,2.1,3.367,0.16399999999999998,ASCC_79
1080,ASCC_80,320.92,-2.73,11.407,0.17,1500,7.93,,,,,16.3,3.4,3.31,0.276,ASCC_80
1081,ASCC_81,328.83,2.85,9.69,0.15,700,8.38,,,,,7.6,1.5,2.269,0.263,ASCC_81
1082,ASCC_82,320.55,-7.74,9.515,0.0,800,8.67,,,,,9.5,1.8,2.569,0.248,ASCC_82
1083,ASCC_83,328.1,1.11,9.356,0.15,600,8.4,,,,,4.9,1.0,1.6880000000000002,0.275,ASCC_83
1084,ASCC_84,323.56,-5.44,10.236,0.15,900,7.68,,,,,7.7,1.6,2.293,0.27399999999999997,ASCC_84
1085,ASCC_85,339.89,-0.21,11.015999999999998,0.2,1200,7.42,,,,,10.6,2.3,2.7510000000000003,0.281,ASCC_85
1086,ASCC_86,330.63,-10.38,9.597000000000001,0.12,700,7.07,,,,,13.5,2.4,3.0189999999999997,0.231,ASCC_86
1087,ASCC_87,355.15,8.02,10.577,0.26,900,8.52,18.4,1.9,3.4539999999999997,0.141,21.9,3.7,3.677,0.225,ASCC_87
1088,ASCC_88,349.88,3.08,12.944,0.5,1900,7.17,48.3,7.0,4.798,0.192,44.9,6.6,4.703,0.195,ASCC_88
1089,ASCC_89,329.04,-14.56,8.805,0.1,500,7.03,16.8,2.8,3.2880000000000003,0.218,19.6,2.2,3.486,0.153,ASCC_89
1090,ASCC_90,354.28,-1.91,9.425,0.3,500,8.81,,,,,6.6,1.0,2.083,0.193,ASCC_90
1091,ASCC_91,353.13,-4.93,9.825,0.1,800,8.65,,,,,9.7,2.2,2.615,0.293,ASCC_91
1092,ASCC_92,15.35,7.63,9.84,0.25,650,9.01,,,,,8.2,1.9,2.3680000000000003,0.304,ASCC_92
1093,ASCC_93,8.33,-1.04,12.857999999999999,0.28,2500,7.22,,,,,30.8,6.4,4.2589999999999995,0.273,ASCC_93
1094,ASCC_94,15.54,0.92,10.267000000000001,0.2,850,8.78,,,,,9.2,1.4,2.545,0.19699999999999998,ASCC_94
1095,ASCC_95,6.15,-4.27,11.872,0.32,1500,8.04,21.3,7.2,3.7,0.43799999999999994,18.7,4.0,3.528,0.278,ASCC_95
1096,ASCC_96,0.63,-8.14,9.84,0.15,750,8.27,,,,,6.5,1.2,2.074,0.242,ASCC_96
1097,ASCC_97,14.16,-5.56,10.755,0.4,800,7.88,13.6,2.1,3.0460000000000003,0.205,11.8,2.2,2.859,0.252,ASCC_97
1098,ASCC_98,1.54,-12.94,9.639,0.04,800,8.33,,,,,19.5,3.2,3.5180000000000002,0.218,ASCC_98
1099,ASCC_99,15.89,-7.91,7.7010000000000005,0.15,280,8.71,,,,,3.0,0.7,1.023,0.307,ASCC_99
1100,ASCC_100,64.37,12.67,7.782,0.02,350,8.01,,,,,3.7,0.7,1.271,0.257,ASCC_100
1101,ASCC_101,67.99,11.59,7.72,0.0,350,8.52,4.7,0.5,1.6019999999999999,0.14300000000000002,4.2,0.8,1.4580000000000002,0.25,ASCC_101
1102,ASCC_102,63.27,6.64,10.88,0.0,1500,8.79,,,,,11.1,2.5,2.759,0.295,ASCC_102
1103,ASCC_103,69.48,7.22,9.225,0.0,700,8.37,,,,,9.1,1.6,2.475,0.22699999999999998,ASCC_103
1104,ASCC_104,54.9,-1.55,10.538,0.33,800,7.71,,,,,15.5,2.4,3.181,0.209,ASCC_104
1105,ASCC_105,62.78,2.16,8.774,0.09,500,8.0,,,,,11.3,1.5,2.7539999999999996,0.174,ASCC_105
1106,ASCC_106,40.34,-10.73,9.58,0.35,500,8.42,,,,,11.4,2.2,2.781,0.251,ASCC_106
1107,ASCC_107,58.86,-1.89,9.845,0.2,700,8.41,,,,,2.9,0.7,0.9990000000000001,0.303,ASCC_107
1108,ASCC_108,74.45,5.99,10.362,0.05,1100,8.64,,,,,9.2,1.9,2.481,0.267,ASCC_108
1109,ASCC_109,70.33,3.51,8.266,0.0,450,8.31,,,,,8.7,1.5,2.403,0.231,ASCC_109
1110,ASCC_110,70.45,1.4,9.98,0.15,800,8.75,,,,,7.4,1.3,2.199,0.237,ASCC_110
1111,ASCC_111,74.62,2.08,11.950999999999999,0.3,1600,7.05,43.2,9.9,4.504,0.301,35.6,4.1,4.251,0.154,ASCC_111
1112,ASCC_112,87.47,9.3,8.95,0.08,550,8.15,5.1,0.6,1.683,0.157,4.1,0.7,1.4169999999999998,0.214,ASCC_112
1113,ASCC_113,82.88,-6.65,8.266,0.0,450,8.14,,,,,7.3,0.9,2.171,0.168,ASCC_113
1114,ASCC_114,97.07,1.0,9.508,0.26,550,7.75,,,,,3.1,0.6,1.041,0.24100000000000002,ASCC_114
1115,ASCC_115,97.45,-2.54,9.356,0.15,600,8.59,,,,,3.7,0.8,1.254,0.29600000000000004,ASCC_115
1116,ASCC_116,99.49,-0.32,15.075999999999999,0.51,5000,7.03,,,,,43.1,10.9,4.226,0.332,ASCC_116
1117,ASCC_117,104.85,5.39,11.325999999999999,0.3,1200,6.67,15.8,3.4,3.12,0.28600000000000003,20.5,5.0,3.4610000000000003,0.32299999999999995,ASCC_117
1118,ASCC_118,104.48,4.21,10.700999999999999,0.3,900,7.02,,,,,6.5,1.4,1.983,0.28300000000000003,ASCC_118
1119,ASCC_119,97.73,-8.39,10.31,0.1,1000,8.83,,,,,8.1,2.0,2.269,0.322,ASCC_119
1120,ASCC_120,104.73,-0.6,13.912,0.62,2500,7.08,,,,,36.1,7.1,4.137,0.258,ASCC_120
1121,ASCC_121,103.56,-2.59,12.92,0.3,2500,7.73,,,,,26.6,5.0,3.741,0.247,ASCC_121
1122,ASCC_122,95.91,-15.9,9.535,0.1,700,6.98,,,,,19.9,3.1,3.4530000000000003,0.205,ASCC_122
1123,ASCC_123,104.74,-4.0,7.3,0.1,250,8.41,,,,,10.9,1.6,2.6689999999999996,0.19399999999999998,ASCC_123
1124,ASCC_124,101.73,-11.48,9.356,0.15,600,8.48,8.1,1.2,2.286,0.191,5.9,1.4,1.8659999999999999,0.313,ASCC_124
1125,ASCC_125,110.17,2.76,13.081,0.71,1500,7.01,,,,,45.2,8.4,4.467,0.244,ASCC_125
1126,ASCC_126,106.58,-8.46,9.825,0.1,800,7.26,,,,,9.7,1.8,2.508,0.249,ASCC_126
1127,ASCC_127,112.26,4.13,8.03,0.1,350,7.82,8.9,1.1,2.408,0.17,9.2,1.4,2.445,0.205,ASCC_127
1128,ASCC_128,109.93,-5.96,10.174,0.13,900,8.44,11.6,1.3,2.725,0.154,12.0,2.0,2.7689999999999997,0.21899999999999997,ASCC_128
1129,ASCC_129,111.27,-5.37,10.558,0.18,1000,8.69,,,,,8.5,1.6,2.309,0.247,ASCC_129
1130,ASCC_130,116.2,0.33,14.269,0.52,3400,7.03,,,,,23.3,5.7,3.4360000000000004,0.324,ASCC_130
