Simbad_ID,Seq,Name,l[deg],Diam[pc],R[pc],Z[pc],E(B-V),logT[yr],SimbadName,_RA[deg],_Dec[deg]
Trumpler_31,1,Trumpler_31,2,1.43,986,-39, 0.35, 8.87,Trumpler_31,269.975,-28.183329999999998
NGC_6520,2,NGC_6520,2,2.29,1577,-78, 0.43, 7.72,NGC_6520,270.85,-27.883329999999997
NGC_6530,3,NGC_6530,6,5.42,1330,-31, 0.33, 6.87,NGC_6530,271.125,-24.366670000000003
Cl_Bochum_14,4,Bochum_14,6,0.34,578,-5, 1.51, 7.00,Bochum_14,270.5,-23.7
NGC_6514,5,NGC_6514,7,6.65,816,-4, 0.19, 7.37,NGC_6514,270.59583,-23.03
NGC_6546,6,NGC_6546,7,3.82,938,-23, 0.49, 7.85,NGC_6546,271.9,-23.33333
M_21,7,NGC_6531,7,2.91,1205,-7, 0.28, 7.07,NGC_6531,271.05,-22.48333
M_23,8,NGC_6494,9,5.3,628,31, 0.36, 8.48,NGC_6494,269.25,-18.98333
Cl_Trumpler_33,10,Trumpler_33,12,2.55,1755,-99, 0.36, 7.68,Trumpler_33,276.175,-19.71667
Cl_Collinder_469,11,Collinder_469,12,1.29,1481,-20, 0.42, 7.80,Collinder_469,274.1,-18.21667
NGC_6603,12,NGC_6603,12,6.28,3600,-82, 0.79, 8.30,NGC_6603,274.6,-18.433329999999998
IC_4725,13,IC_4725,13,5.23,620,-48, 0.48, 7.96,IC_4725,277.925,-19.116670000000003
M_18,14,NGC_6613,14,1.88,1296,-23, 0.45, 7.22,NGC_6613,275.0,-17.1
C_1850-204,15,Collinder_394,14,4.42,690,-112, 0.24, 7.80,Collinder_394,283.1,-20.2
NGC_6618,16,NGC_6618,15,9.45,1300,-17, 1.51, 6.00,NGC_6618,275.10832999999997,-16.17667
NGC_6716,17,NGC_6716,15,2.3,789,-131, 0.22, 7.96,NGC_6716,283.625,-19.9
Cl_Blanco_1,18,Blanco_1,15,5.48,269,-264, 0.01, 7.80,Blanco_1,0.825,-30.133329999999997
M_16,19,NGC_6611,16,3.05,1749,24, 0.78, 6.88,NGC_6611,274.7,-13.816670000000002
Cl_Trumpler_32,20,Trumpler_32,17,2.5,1720,39, 0.64, 8.48,Trumpler_32,274.375,-13.35
NGC_6604,21,NGC_6604,18,2.47,1696,50, 0.97, 6.81,NGC_6604,274.5,-12.23333
NGC_6631,22,NGC_6631,19,4.54,2600,-8, 0.45, 8.60,NGC_6631,276.8,-12.03333
NGC_6774,23,Ruprecht_147,21,1.27,174,-39, 0.15,     ,Ruprecht_147,289.175,-16.3
NGC_6649,24,NGC_6649,21,1.99,1369,-19, 1.20, 7.57,NGC_6649,278.375,-10.4
M_26,25,NGC_6694,23,3.26,1600,-81, 0.59, 7.93,NGC_6694,281.325,-9.38333
NGC_6664,26,NGC_6664,24,4.06,1164,-6, 0.71, 7.16,NGC_6664,279.175,-8.21667
NGC_6683,27,NGC_6683,26,1.04,1197,-16, 0.54, 7.00,NGC_6683,280.55,-6.28333
NGC_6705,28,NGC_6705,27,7.1,1877,-91, 0.43, 8.30,NGC_6705,282.75,-6.2666699999999995
C_1845-059,29,Basel_1,27,3.17,2178,-74, 0.48, 7.89,Basel_1,282.05,-5.85
NGC_6704,30,NGC_6704,28,4.33,2974,-115, 0.72, 7.86,NGC_6704,282.725,-5.2
Cl_Trumpler_35,31,Trumpler_35,28,1.75,1206,0, 1.22, 7.86,Trumpler_35,280.725,-4.13333
Collinder_359,32,Collinder_359,29,17.37,249,54, 0.19, 7.51,Collinder_359,270.15,2.9333299999999998
IC_4665,33,IC_4665,30,7.17,352,103, 0.17, 7.63,IC_4665,266.575,5.71667
Cl_Berkeley_79,34,Berkeley_79,31,4.01,2300,33, 1.19, 7.81,Berkeley_79,281.3,-1.2166700000000001
[KPR2004b]_474,35,Alessi_10,31,2.69,513,-184, 0.22, 8.35,Alessi_10,301.2,-10.525
Cl_Berkeley_81,36,Berkeley_81,33,4.36,3000,-131, 1.00, 9.00,Berkeley_81,285.4,-0.51667
M_73,37,NGC_6994,35,1.62,620,-346, 0.07, 9.40,NGC_6994,314.75,-12.63333
NGC_6633,38,NGC_6633,36,2.19,376,54, 0.18, 8.63,NGC_6633,276.88,6.57
IC_4756,40,IC_4756,36,5.49,484,44, 0.19, 8.70,IC_4756,279.63,5.49
NGC_6755,41,NGC_6755,38,5.79,1421,-42, 0.83, 7.72,NGC_6755,286.95,4.2333300000000005
NGC_6756,42,NGC_6756,39,1.75,1507,-44, 1.18, 7.79,NGC_6756,287.175,4.683330000000001
Cl_Alessi_19,43,Alessi_19,40,14.08,550,121, 0.04, 8.00,Alessi_19,274.6,12.025
NGC_6709,44,NGC_6709,42,4.38,1075,88, 0.30, 8.18,NGC_6709,282.825,10.31667
Cl_Berkeley_82,45,Berkeley_82,46,0.5,860,24, 1.02, 7.49,Berkeley_82,287.83333,13.110829999999998
Cl_Collinder_399,46,Collinder_399,54,33.42,1291,44, 0.38, 8.20,Collinder_399,291.35,20.183329999999998
NGC_6802,47,NGC_6802,55,1.63,1124,18, 0.85, 8.87,NGC_6802,292.65,20.26667
C_1950+182,48,Harvard_20,56,3.14,1540,-125, 0.25, 7.48,Harvard_20,298.275,18.33333
C_1956+203,49,Roslund_3,58,2.13,1467,-120, 0.35, 8.04,Roslund_3,299.675,20.48333
NGC_6823,50,NGC_6823,59,3.3,1893,-5, 0.84, 6.82,NGC_6823,295.79167,23.29833
NGC_6830,51,NGC_6830,60,2.38,1639,-51, 0.50, 7.57,NGC_6830,297.75,23.1
C_1933+251,52,Stock_1,60,7.45,320,13, 0.15,     ,Stock_1,293.95,25.21667
Turner_1,53,Turner_1,63,1.95,1675,21, 0.48, 7.46,Turner_1,297.26667000000003,27.29833
NGC_7036,54,NGC_7036,64,1.16,1000,-366, 0.10, 9.50,NGC_7036,317.50833,15.518329999999999
NGC_6885,55,NGC_6885,65,1.74,597,-42, 0.08, 9.16,NGC_6885,303.0,26.48333
NGC_6834,56,NGC_6834,65,3.01,2067,43, 0.71, 7.88,NGC_6834,298.05,29.41667
Stephenson_1,57,Stephenson_1,66,2.27,390,104, 0.04, 7.73,Stephenson_1,283.5,36.81667
C_2002+290,58,Roslund_4,66,2.65,2510,-56, 0.99, 7.45,Roslund_4,301.225,29.21667
[KPR2004b]_492,59,Alessi_12,67,6.25,537,-107, 0.08, 8.10,Alessi_12,310.82917000000003,23.775
[SSW94]_f,60,Saurer_6,67,4.89,9330,511, 0.77, 9.29,Saurer_6,297.75,32.25
NGC_6940,61,NGC_6940,69,5.6,770,-96, 0.21, 8.86,NGC_6940,308.6,28.28333
NGC_6791,62,NGC_6791,69,17.03,5853,1107, 0.12, 9.64,NGC_6791,290.22083,37.77167
Roslund_5,63,Roslund_5,71,5.66,389,2, 0.10, 7.83,Roslund_5,302.6,33.8
NGC_6871,64,NGC_6871,72,13.28,1574,56, 0.44, 6.96,NGC_6871,301.5,35.78333
Cl_Biurakan_2,65,Biurakan_2,72,6.43,1106,26, 0.36, 7.01,Biurakan_2,302.3,35.48333
NGC_6819,66,NGC_6819,73,3.43,2360,348, 0.24, 9.17,NGC_6819,295.325,40.18667
C_2005+382,67,Basel_6,74,3.15,1548,89, 0.58, 7.98,Basel_6,301.7,38.35
IC_4996,68,IC_4996,75,3.02,1732,39, 0.67, 6.95,IC_4996,304.125,37.63333
Cl_Berkeley_87,69,Berkeley_87,75,1.84,633,3, 1.37, 7.15,Berkeley_87,305.42921,37.3705
C_2017+379,70,Dolidze_42,76,1.98,972,18, 0.57, 7.54,Dolidze_42,304.925,38.13333
Cl_Berkeley_86,71,Berkeley_86,76,1.94,1112,25, 0.90, 7.12,Berkeley_86,305.05,38.69
M_29,72,NGC_6913,76,3.34,1148,12, 0.74, 7.11,NGC_6913,305.98332999999997,38.52333
IC_1311,73,IC_1311,77,7.76,5333,398, 0.76, 8.62,IC_1311,302.575,41.21667
NGC_6910,74,NGC_6910,78,3.31,1139,40, 0.97, 7.13,NGC_6910,305.78333,40.775
NGC_6811,75,NGC_6811,79,4.95,1215,253, 0.16, 8.80,NGC_6811,294.29167,46.375
NGC_6866,76,NGC_6866,79,5.91,1450,173, 0.17, 8.58,NGC_6866,300.97917,44.15833
NGC_7063,77,NGC_7063,83,1.8,689,-118, 0.09, 7.98,NGC_7063,321.1,36.48333
Cl_Berkeley_54,78,Berkeley_54,83,2.68,2300,-166, 0.77, 9.60,Berkeley_54,315.8,40.46667
NGC_7044,79,NGC_7044,85,5.52,3161,-229, 0.59, 9.28,NGC_7044,318.25,42.48333
NGC_6996,80,NGC_6996,86,1.44,620,1, 0.54, 8.00,NGC_6996,314.10417,45.47
NGC_7039,81,NGC_7039,87,3.87,951,-28, 0.13, 7.82,NGC_7039,317.7,45.61667
C_2108+460,82,Basel_12,88,1.71,1466,-32, 0.57, 8.50,Basel_12,317.625,46.23333
Basel_14,83,Basel_14,88,1.4,964,-60, 0.65, 8.30,Basel_14,320.325,44.81667
Basel_13,84,Basel_13,88,3.6,1236,-27, 0.34, 8.80,Basel_13,318.075,46.56667
IC_1369,85,IC_1369,89,3.03,2083,-15, 0.57, 8.64,IC_1369,318.025,47.73333
NGC_7062,86,NGC_7062,89,2.15,1480,-71, 0.45, 8.46,NGC_7062,320.825,46.38333
C_2114+486,87,Basel_15,90,2.36,1355,-2, 0.67, 8.50,Basel_15,318.975,48.85
NGC_7082,88,NGC_7082,91,10.49,1442,-73, 0.24, 8.23,NGC_7082,322.25,47.13333
NGC_7067,89,NGC_7067,91,1.16,1332,-39, 0.85, 7.49,NGC_7067,321.05,48.01667
NGC_7031,90,NGC_7031,91,3.67,900,36, 0.85, 8.14,NGC_7031,316.80332999999996,50.88194
M_39,91,NGC_7092,92,2.75,326,-13, 0.01, 8.44,NGC_7092,322.95,48.45
Cl_Platais_1,92,Platais_1,92,3.69,1268,-36, 0.36, 8.24,Platais_1,322.50833,48.97667
IC_5146,93,IC_5146,94,4.96,852,-82, 0.59, 8.02,IC_5146,328.38333,47.26833
NGC_7086,94,NGC_7086,94,4.53,1298,5, 0.81, 8.14,NGC_7086,322.625,51.58333
NGC_7209,95,NGC_7209,95,4.76,1168,-149, 0.17, 8.62,NGC_7209,331.325,46.48333
NGC_6939,96,NGC_6939,95,3.45,1185,253, 0.32, 9.35,NGC_6939,307.875,60.661669999999994
NGC_7128,97,NGC_7128,97,2.68,2307,17, 1.02, 7.25,NGC_7128,326.0,53.71666999999999
NGC_7243,98,NGC_7243,98,6.82,808,-78, 0.22, 8.06,NGC_7243,333.775,49.9
Trumpler_37,99,Trumpler_37,99,21.61,835,54, 0.47, 7.05,Trumpler_37,324.53625,57.44667
IC_1442,100,IC_1442,101,3.41,2346,-90, 0.54, 6.98,IC_1442,334.125,54.05
NGC_7245,101,NGC_7245,101,3.06,2106,-68, 0.47, 8.25,NGC_7245,333.825,54.333330000000004
NGC_7226,102,NGC_7226,101,1.52,2616,-27, 0.54, 8.44,NGC_7226,332.625,55.416669999999996
NGC_7235,103,NGC_7235,102,4.11,2823,39, 0.93, 7.07,NGC_7235,333.1,57.26667
NGC_7772,104,NGC_7772,102,1.31,1500,-1047, 0.03, 9.17,NGC_7772,357.94167000000004,16.24667
Cl_Berkeley_94,105,Berkeley_94,103,2.3,2630,-54, 0.61, 7.00,Berkeley_94,335.725,55.87333
Cl_Berkeley_96,106,Berkeley_96,103,1.8,3087,-111, 0.63, 6.82,Berkeley_96,337.47083,55.40833000000001
NGC_7160,107,NGC_7160,104,1.15,789,89, 0.38, 7.28,NGC_7160,328.4,62.6
NGC_7261,108,NGC_7261,104,2.44,1681,27, 0.97, 7.67,NGC_7261,335.1,58.083330000000004
Cl_Berkeley_93,109,Berkeley_93,105,3.26,5600,713, 1.50, 8.00,Berkeley_93,329.05,63.933330000000005
NGC_7142,110,NGC_7142,105,5.89,1686,278, 0.40, 9.28,NGC_7142,326.2875,65.775
NAME_Cl_Pismis-Moreno_1,111,Pismis-Moreno_1,106,1.57,900,83,     ,     ,Pismis-Moreno_1,334.7,63.26667
NGC_7380,112,NGC_7380,107,12.93,2222,-34, 0.60, 7.08,NGC_7380,341.775,58.11666999999999
Cl_King_10,113,King_10,108,3.93,3379,-23, 1.14, 7.45,King_10,343.725,59.166669999999996
NGC_7419,114,NGC_7419,109,2.01,1382,27, 1.83, 7.28,NGC_7419,343.575,60.833330000000004
C_1440+697,115,Collinder_285,109,9.9,25,18, 0.00, 8.30,Collinder_285,220.225,69.56667
C_2306+602,116,King_19,110,2.86,1967,5, 0.55, 8.56,King_19,347.075,60.51667
NGC_7510,117,NGC_7510,110,3.62,2075,2, 0.86, 7.58,NGC_7510,347.75,60.566669999999995
M_52,119,NGC_7654,112,6.2,1421,11, 0.65, 7.76,NGC_7654,351.2,61.583330000000004
Cl_Stock_17,120,Stock_17,115,0.62,2144,10, 0.74, 6.78,Stock_17,356.5,62.183330000000005
NGC_7789,121,NGC_7789,115,16.99,2337,-219, 0.22, 9.24,NGC_7789,359.35,56.708330000000004
C_2347+624,122,King_21,115,2.45,2103,25, 0.89, 7.16,King_21,357.475,62.71666999999999
Cl_Berkeley_99,123,Berkeley_99,115,7.13,4900,860, 0.30, 9.50,Berkeley_99,350.4,71.75
Cl_King_12,124,King_12,116,2.08,2378,-5, 0.59, 7.04,King_12,358.25,61.96666999999999
NGC_7788,125,NGC_7788,116,2.76,2374,-32, 0.28, 7.59,NGC_7788,359.2,61.4
NGC_7790,126,NGC_7790,116,4.28,2944,-52, 0.53, 7.75,NGC_7790,359.6,61.21666999999999
Cl_Berkeley_58,127,Berkeley_58,116,5.4,3715,-84, 0.55, 8.40,Berkeley_58,0.0,60.96666999999999
C_2345+683,128,King_11,117,4.21,2892,326, 1.27, 9.05,King_11,356.95,68.63333
NGC_7762,129,NGC_7762,117,3.03,744,76, 0.71, 8.42,NGC_7762,357.45,68.03333
Cl_Berkeley_60,130,Berkeley_60,118,3.81,4365,-125, 0.86, 8.20,Berkeley_60,4.4225,60.96111
Cl_Berkeley_2,131,Berkeley_2,119,3.05,5250,-211, 0.80, 8.90,Berkeley_2,6.325,60.4
NGC_103,132,NGC_103,119,3.52,3026,-73, 0.41, 8.13,NGC_103,6.325,61.35
NGC_129,133,NGC_129,120,8.98,1625,-72, 0.55, 7.89,NGC_129,7.5,60.21666999999999
NGC_136,134,NGC_136,120,1.79,4093,-91, 0.56, 8.30,NGC_136,7.875,61.53333000000001
NGC_133,135,NGC_133,120,1.28,630,6, 0.60, 7.00,NGC_133,7.8,63.36666999999999
C_0029+628,136,King_14,120,4.53,2593,17, 0.41, 7.92,King_14,7.975,63.166669999999996
Cl_King_15,137,King_15,120,2.76,3162,-51, 0.70, 8.40,King_15,8.2325,61.85944
NGC_146,138,NGC_146,120,6.17,3032,27, 0.48, 7.82,NGC_146,8.275,63.3
NGC_189,139,NGC_189,121,0.66,752,-23, 0.42, 7.00,NGC_189,9.9,61.066669999999995
Cl_Stock_24,140,Stock_24,121,4.1,2818,-44, 0.50, 8.08,Stock_24,9.925,61.95
NGC_225,141,NGC_225,122,2.29,657,-12, 0.27, 8.11,NGC_225,10.925,61.78333000000001
NGC_188,142,NGC_188,122,10.12,2047,780, 0.08, 9.63,NGC_188,12.10833,85.255
Cl_King_2,143,King_2,122,8.36,5750,-470, 0.31, 9.78,King_2,12.75,58.183330000000005
IC_1590,144,IC_1590,123,24.8,2940,-320, 0.32, 6.54,IC_1590,13.2,56.63333000000001
NAME_Casado_Alessi_1,145,Alessi_1,123,4.22,302,-69, 0.09, 8.20,Alessi_1,13.25,49.55
Cl_Berkeley_62,146,Berkeley_62,123,2.67,1837,35, 0.85, 7.18,Berkeley_62,15.25,63.95
NGC_366,147,NGC_366,124,1.82,1785,-18, 1.26, 7.41,NGC_366,16.625,62.23333
NGC_381,148,NGC_381,124,2.0,1148,-24, 0.40, 8.50,NGC_381,17.08292,61.583890000000004
NGC_433,149,NGC_433,125,1.35,2323,-106, 0.86, 7.50,NGC_433,18.8,60.13333000000001
NGC_436,150,NGC_436,126,4.38,3014,-205, 0.46, 7.93,NGC_436,18.9,58.816669999999995
NGC_457,151,NGC_457,126,14.13,2429,-186, 0.47, 7.32,NGC_457,19.91667,58.28833
NGC_559,152,NGC_559,127,2.2,1258,16, 0.79, 7.75,NGC_559,22.34,63.28
Collinder_463,153,Collinder_463,127,5.92,702,117, 0.26, 8.37,Collinder_463,26.725,71.8
NGC_609,154,NGC_609,127,3.47,3981,145, 0.35, 9.23,NGC_609,24.10375,64.53667
M_103,155,NGC_581,128,3.19,2194,-69, 0.38, 7.34,NGC_581,23.35,60.65
C_0132+610,156,Trumpler_1,128,2.24,2563,-51, 0.58, 7.48,Trumpler_1,23.925,61.28333000000001
NAME_HIP_5671_Cluster,157,Platais_2,128,19.61,201,-102,     , 8.60,Platais_2,18.45833,32.02833
NGC_637,158,NGC_637,128,1.88,2160,65, 0.63, 6.98,NGC_637,25.775,64.03333
NGC_654,159,NGC_654,129,2.97,2041,-13, 0.87, 7.15,NGC_654,26.0,61.88333000000001
NGC_659,160,NGC_659,129,2.82,1938,-53, 0.65, 7.55,NGC_659,26.1,60.666669999999996
NGC_663,161,NGC_663,129,7.95,1952,-32, 0.78, 7.21,NGC_663,26.55,61.23333
IC_166,162,IC_166,130,8.08,3970,-13, 1.05, 8.63,IC_166,28.125,61.833330000000004
Cl_Berkeley_7,163,Berkeley_7,130,2.99,2570,17, 0.80, 6.60,Berkeley_7,28.55,62.36666999999999
Cl_Berkeley_64,164,Berkeley_64,131,2.32,3981,320, 1.05, 9.00,Berkeley_64,35.26167,65.89667
NGC_744,165,NGC_744,132,1.76,1207,-130, 0.38, 8.25,NGC_744,29.65,55.46666999999999
Cl_Stock_2,166,Stock_2,133,3.97,303,-10, 0.38, 8.23,Stock_2,33.6,59.26667
Basel_10,167,Basel_10,134,1.13,1944,-89, 0.77, 7.61,Basel_10,34.7,58.316669999999995
NGC_869,168,NGC_869,134,10.89,2079,-136, 0.58, 7.07,NGC_869,34.775,57.15
C_0225+604,169,Stock_7,134,1.02,698,0, 0.61, 7.21,Stock_7,37.4,60.71666999999999
IC_1805,170,IC_1805,134,10.97,1886,30, 0.82, 6.82,IC_1805,38.175,61.45
NGC_884,171,NGC_884,135,12.28,2345,-146, 0.56, 7.03,NGC_884,35.5,57.13333000000001
Czernik_13,172,Czernik_13,135,4.61,3961,160, 0.76, 6.85,Czernik_13,41.175,62.35
NGC_1027,173,NGC_1027,135,4.49,772,21, 0.32, 8.20,NGC_1027,40.65,61.63333000000001
Czernik_8,174,Czernik_8,135,0.82,1409,-39, 0.80, 7.90,Czernik_8,38.25,58.73333
Cl_Berkeley_65,175,Berkeley_65,135,3.31,2274,11, 1.12, 7.00,Berkeley_65,39.75,60.416669999999996
King_4,176,King_4,136,4.61,3172,-66, 0.86, 7.60,King_4,38.925,59.0
NGC_957,177,NGC_957,136,5.28,1815,-84, 0.84, 7.04,NGC_957,38.35,57.566669999999995
NGC_752,178,NGC_752,137,9.97,457,-180, 0.03, 9.05,NGC_752,29.42083,37.785
IC_1848,179,IC_1848,137,10.48,2002,32, 0.60, 6.84,IC_1848,42.3375,60.63417
C_0233+557,180,Trumpler_2,137,3.22,651,-44, 0.32, 8.17,Trumpler_2,39.225,55.916669999999996
NAME_HIP_21974_Cluster,181,Platais_3,139,10.18,161,45,     , 8.60,Platais_3,70.40417,71.23666999999999
Cl_Berkeley_66,182,Berkeley_66,139,6.05,5200,20, 1.25, 9.70,Berkeley_66,46.075,58.76667
NGC_1220,183,NGC_1220,143,2.09,1800,-124, 0.70, 7.78,NGC_1220,47.925,53.333330000000004
C_0324+562,184,King_6,143,2.53,871,-1, 0.50, 8.34,King_6,52.01458,56.458330000000004
M_34,185,NGC_1039,143,5.08,499,-134, 0.07, 8.25,NGC_1039,40.525,42.76667
NGC_1502,186,NGC_1502,143,1.91,821,109, 0.76, 7.05,NGC_1502,61.975,62.333330000000004
C_0311+525,187,King_5,143,2.76,1900,-142,     , 9.00,King_5,48.65,52.71666999999999
NGC_1245,188,NGC_1245,146,7.53,2876,-446, 0.30, 8.70,NGC_1245,48.675,47.25
NGC_1193,189,NGC_1193,146,3.75,4300,-909, 0.12, 9.90,NGC_1193,46.38333,44.38333
Cl_Melotte_20,190,Melotte_20,146,16.12,185,-23, 0.09, 7.85,Melotte_20,51.5,49.11667
IC_361,191,IC_361,147,1.87,1070,106, 1.12, 7.72,IC_361,64.75,58.3
NGC_1444,192,NGC_1444,148,1.4,1199,-27, 0.71, 7.96,NGC_1444,57.35,52.666669999999996
Cl_King_7,193,King_7,149,4.48,2200,-39, 1.25, 8.80,King_7,59.75,51.8
NGC_1496,194,NGC_1496,149,1.43,1230,4, 0.45, 8.80,NGC_1496,61.1,52.61666999999999
GSC_03719-00517,195,Waterloo_1,151,6.4,4400,137, 0.90,     ,Waterloo_1,64.88717,52.97821999999999
NGC_1528,196,NGC_1528,152,3.61,776,3, 0.26, 8.57,NGC_1528,63.85,51.21667
[KPR2004b]_55,197,Alessi_2,152,4.37,501,55, 0.18, 8.50,Alessi_2,71.6,55.25
NGC_1513,198,NGC_1513,152,3.84,1320,-36, 0.67, 8.11,NGC_1513,62.65,49.51667
NGC_1545,199,NGC_1545,153,3.72,711,2, 0.30, 8.45,NGC_1545,65.225,50.25
NGC_1342,200,NGC_1342,154,2.9,665,-176, 0.32, 8.66,NGC_1342,53.31029,37.41786
Cl_Berkeley_11,201,Berkeley_11,157,4.19,2881,-183, 0.95, 7.72,Berkeley_11,65.15,44.91667
NGC_1605,202,NGC_1605,158,4.47,2552,-71, 0.97, 7.61,NGC_1605,68.75,45.25
C_0442+446,203,Ruprecht_148,160,3.52,3028,-21, 0.70, 7.72,Ruprecht_148,71.64537,44.70978
IC_348,204,IC_348,160,0.78,385,-117, 0.93, 7.64,IC_348,56.14167,32.16333
Cl_Berkeley_12,205,Berkeley_12,161,3.68,3162,-110, 0.70, 9.67,Berkeley_12,71.15583000000001,42.67722
NGC_1664,206,NGC_1664,161,3.14,1199,-9, 0.25, 8.46,NGC_1664,72.8,43.66667
Cl_Berkeley_69,207,Berkeley_69,162,5.86,1678,-70, 0.67, 8.39,Berkeley_69,81.15,32.65
Cl_Berkeley_14,208,Berkeley_14,162,8.0,5500,68, 0.52, 9.20,Berkeley_14,75.1,43.48333
Berkeley_18,209,Berkeley_18,163,20.25,5800,507, 0.46, 9.63,Berkeley_18,80.55,45.4
Cl_Melotte_22,210,Melotte_22,166,5.23,150,-60, 0.03, 8.13,Melotte_22,56.85,24.116670000000003
Cl_Berkeley_70,211,Berkeley_70,166,7.26,4158,260, 0.48, 9.67,Berkeley_70,81.43583000000001,41.89583
Czernik_20,212,Czernik_20,168,3.92,3370,78, 0.42, 7.17,Czernik_20,80.025,39.46667
Cl_Waterloo_2,213,Waterloo_2,168,0.66,570,31, 0.17,     ,Waterloo_2,82.00417,40.37167
NGC_1778,214,NGC_1778,168,3.42,1469,-52, 0.34, 8.16,NGC_1778,77.0,37.01667
C_0535+379,215,Stock_10,171,2.76,380,24, 0.06, 8.35,Stock_10,84.75,37.93333
M_38,216,NGC_1912,172,6.2,1066,13, 0.25, 8.46,NGC_1912,82.17917,35.855
NGC_1907,217,NGC_1907,172,3.17,1556,8, 0.42, 8.57,NGC_1907,82.025,35.325
C_0524+343,218,Stock_8,173,7.42,1821,-9, 0.44, 7.06,Stock_8,82.05,34.41667
NGC_1893,219,NGC_1893,173,10.5,3280,-96, 0.58, 7.03,NGC_1893,80.675,33.41667
NGC_1931,220,NGC_1931,173,4.49,3086,15, 0.74, 7.00,NGC_1931,82.86083,34.24944
M_36,222,NGC_1960,174,3.83,1318,25, 0.22, 7.47,NGC_1960,84.05,34.14
NGC_2281,223,NGC_2281,174,4.06,558,162, 0.06, 8.55,NGC_2281,102.075,41.08333
Cl_Berkeley_17,224,Berkeley_17,175,5.5,2700,-172, 0.70,10.08,Berkeley_17,80.15,30.6
C_0546+336,225,King_8,176,7.45,6403,346, 0.58, 8.62,King_8,87.35,33.63333
Cl_Berkeley_19,226,Berkeley_19,176,5.62,4831,-302, 0.40, 9.49,Berkeley_19,81.025,29.6
M_37,227,NGC_2099,177,5.63,1383,75, 0.30, 8.54,NGC_2099,88.07916999999999,32.553329999999995
NGC_1758,228,NGC_1758,179,1.99,760,-138, 0.34, 8.60,NGC_1758,76.1,23.78333
NGC_1750,229,NGC_1750,179,3.67,630,-117, 0.34, 8.30,NGC_1750,75.975,23.65
Basel_4,230,Basel_4,179,8.25,5675,119, 0.53, 7.00,Basel_4,87.125,30.21667
NAME_Hyades,231,Melotte_25,180,4.31,45,-17, 0.01, 8.90,Melotte_25,66.725,15.866670000000001
NGC_1647,232,NGC_1647,180,6.28,540,-156, 0.37, 8.16,NGC_1647,71.475,19.116670000000003
NAME_HIP_23784_Cluster,233,Platais_4,180,16.37,276,-52,     , 8.00,Platais_4,76.84167,22.27833
NGC_1817,234,NGC_1817,186,9.18,1972,-447, 0.33, 8.61,NGC_1817,78.05,16.683329999999998
IC_2157,235,IC_2157,186,2.97,2040,45, 0.55, 7.80,IC_2157,91.25,24.0
NGC_2129,236,NGC_2129,186,2.2,1515,1, 0.65, 7.32,NGC_2129,90.275,23.316670000000002
C_0605+242,237,Kharchenko_1,186,5.13,2520,95,     ,     ,Kharchenko_1,92.2,24.331670000000003
NGC_2168,238,NGC_2168,186,5.93,816,32, 0.26, 7.98,NGC_2168,92.275,24.35
NGC_2158,239,NGC_2158,186,7.38,5071,158, 0.36, 9.02,NGC_2158,91.85417,24.09667
Cl_Berkeley_21,240,Berkeley_21,186,7.27,5000,-219, 0.76, 9.34,Berkeley_21,87.925,21.78333
NAME_Basel_11B,241,Basel_11b,187,1.48,1692,-33, 0.32, 7.82,Basel_11b,89.55,21.96667
NGC_1662,242,NGC_1662,187,2.54,437,-157, 0.30, 8.62,NGC_1662,72.1,10.93333
NGC_2266,243,NGC_2266,187,4.95,3400,608, 0.10, 8.80,NGC_2266,100.8,26.96667
NGC_2175,244,NGC_2175,190,2.37,1627,14, 0.60, 6.95,NGC_2175,92.425,20.5
Cl_Berkeley_23,245,Berkeley_23,192,8.05,6918,657, 0.40, 8.90,Berkeley_23,98.36875,20.54639
Cl_Collinder_69,246,Collinder_69,195,8.98,441,-92, 0.10, 7.05,Collinder_69,83.8,9.7
NGC_2169,247,NGC_2169,195,1.53,1052,-54, 0.20, 7.07,NGC_2169,92.13542,13.965829999999999
NGC_2304,248,NGC_2304,197,3.48,3991,617, 0.10, 8.90,NGC_2304,103.75375,18.02056
NGC_2194,249,NGC_2194,197,9.9,3781,-155, 0.38, 8.52,NGC_2194,93.42667,12.80167
Cl_Berkeley_29,250,Berkeley_29,197,25.95,14871,2076, 0.16, 9.02,Berkeley_29,103.2675,16.9275
NGC_2141,251,NGC_2141,198,11.73,4033,-408, 0.25, 9.23,NGC_2141,90.775,10.43333
NGC_2420,252,NGC_2420,198,4.49,3085,1036, 0.03, 9.05,NGC_2420,114.59583,21.57333
C_0545+073,253,Collinder_74,198,3.65,2510,-453, 0.38, 9.11,Collinder_74,87.125,7.4
Cl_Berkeley_22,254,Berkeley_22,199,2.23,7663,-1073, 0.70, 9.03,Berkeley_22,89.6,7.83333
NGC_2259,255,NGC_2259,201,2.89,3311,120, 0.59, 8.50,NGC_2259,99.64333,10.89
Trumpler_5,256,Trumpler_5,202,12.22,3000,55, 0.58, 9.61,Trumpler_5,99.175,9.43333
NGC_2264,257,NGC_2264,202,7.57,667,26, 0.05, 6.95,NGC_2264,100.25,9.88333
NGC_2355,258,NGC_2355,203,4.48,2200,450, 0.12, 8.85,NGC_2355,109.25,13.78333
Cl_Berkeley_20,259,Berkeley_20,203,4.89,8400,-2494, 0.12, 9.78,Berkeley_20,83.25,0.21666999999999997
NGC_2186,260,NGC_2186,203,2.1,1445,-156, 0.27, 7.74,NGC_2186,93.025,5.46667
NGC_2251,261,NGC_2251,203,3.87,1329,2, 0.19, 8.43,NGC_2251,98.65,8.36667
Basel_8,262,Basel_8,203,11.2,1328,-3, 0.37, 8.01,Basel_8,98.55,8.01667
Basel_7,263,Basel_7,203,2.45,1684,16, 0.40, 8.03,Basel_7,99.15,8.35
NGC_2254,264,NGC_2254,204,3.44,2364,2, 0.40, 8.31,NGC_2254,99.0,7.66667
NGC_2236,265,NGC_2236,204,5.97,2930,-87, 0.48, 8.54,NGC_2236,97.425,6.83333
NGC_2395,266,NGC_2395,204,2.09,512,124, 0.12, 9.07,NGC_2395,111.775,13.583329999999998
Cl_Collinder_70,267,Collinder_70,205,15.76,387,-115, 0.04, 6.98,Collinder_70,83.875,-1.1
NAME_HIP_29713_Cluster,268,Platais_6,205,25.49,348,-38,     , 7.78,Platais_6,93.85833000000001,3.845
C_0628+059,269,Collinder_97,205,4.58,630,-19, 0.00, 8.00,Collinder_97,97.825,5.95
NGC_2112,270,NGC_2112,205,4.45,850,-186, 0.63, 9.30,NGC_2112,88.4375,0.41
NGC_2632,271,NGC_2632,205,3.81,187,100, 0.01, 8.86,NGC_2632,130.1,19.683329999999998
Cl_Berkeley_31,272,Berkeley_31,206,12.03,8272,738, 0.08, 9.31,Berkeley_31,104.4,8.26667
NGC_2244,273,NGC_2244,206,12.19,1445,-52, 0.46, 6.90,NGC_2244,97.975,4.933330000000001
Collinder_107,274,Collinder_107,207,14.66,1738,-27, 0.54, 7.00,Collinder_107,99.625,4.63333
NGC_2269,275,NGC_2269,207,1.47,1687,9, 0.40, 8.42,NGC_2269,100.82125,4.62444
Cl_Berkeley_32,276,Berkeley_32,207,5.41,3100,238, 0.16, 9.53,Berkeley_32,104.525,6.433330000000001
Collinder_96,277,Collinder_96,207,3.36,962,-57, 0.51, 7.03,Collinder_96,97.575,2.86667
M_42,279,NGC_1976,209,5.45,399,-132, 0.05, 7.11,NGC_1976,83.82208,-5.39111
C_0635+020,280,Collinder_110,209,10.21,1950,-67, 0.50, 9.15,Collinder_110,99.64583,2.04
Cl_Berkeley_28,281,Berkeley_28,210,2.23,2557,67, 0.76, 7.85,Berkeley_28,103.03307,2.9112299999999998
Cl_Berkeley_30,282,Berkeley_30,210,4.18,4790,389, 0.50, 8.48,Berkeley_30,104.425,3.21667
C_0642+003,283,Dolidze_25,211,36.67,6304,-140, 0.72, 6.84,Dolidze_25,101.275,0.3
C_0646+004,284,Bochum_2,212,1.16,2661,-18, 0.83, 6.66,Bochum_2,102.225,0.38333
NGC_2301,285,NGC_2301,212,3.55,872,4, 0.03, 8.22,NGC_2301,102.95,0.46667
NGC_2324,286,NGC_2324,213,7.75,3805,219, 0.13, 8.63,NGC_2324,106.05,1.05
NAME_Saurer_A_Cluster,287,Saurer_1,214,13.93,11970,1425, 0.12, 9.85,Saurer_1,110.225,1.8
NGC_2232,288,NGC_2232,214,4.7,359,-46, 0.03, 7.73,NGC_2232,97.00833,-4.84667
NGC_2286,289,NGC_2286,215,11.8,2897,-115, 0.17, 8.88,NGC_2286,101.9,-3.16667
NGC_2682,290,NGC_2682,215,6.6,908,476, 0.06, 9.41,NGC_2682,132.825,11.8
NGC_2215,291,NGC_2215,215,2.63,1293,-227, 0.30, 8.37,NGC_2215,95.2,-7.28333
NGC_2311,292,NGC_2311,217,4.0,2290,-28, 0.33, 8.60,NGC_2311,104.45,-4.61667
Bochum_3,293,Bochum_3,218,2.05,1762,11, 0.24, 7.89,Bochum_3,105.85,-5.066669999999999
NGC_2302,294,NGC_2302,219,1.72,1182,-64, 0.21, 7.85,NGC_2302,102.975,-7.08333
NGC_2309,295,NGC_2309,219,3.65,2511,-98, 0.35, 8.40,NGC_2309,104.05,-7.2
Cl_Melotte_111,296,Melotte_111,221,3.35,96,95, 0.01, 8.65,Melotte_111,185.625,25.85
NGC_2323,297,NGC_2323,221,3.78,929,-22, 0.21, 8.10,NGC_2323,105.7,-8.376669999999999
Cl_Berkeley_39,298,Berkeley_39,223,9.73,4730,838, 0.12, 9.90,Berkeley_39,116.675,-4.6
NGC_2335,299,NGC_2335,223,2.47,1417,-29, 0.39, 8.21,NGC_2335,106.70416999999999,-10.02833
NGC_2343,300,NGC_2343,224,1.54,1056,-22, 0.12, 7.10,NGC_2343,107.025,-10.61667
NGC_2353,301,NGC_2353,224,5.86,1119,8, 0.07, 7.97,NGC_2353,108.625,-10.26667
Cl_Berkeley_33,302,Berkeley_33,225,5.39,4635,-374, 0.70, 8.85,Berkeley_33,104.425,-13.21667
NGC_2204,303,NGC_2204,226,7.65,2629,-729, 0.08, 8.90,NGC_2204,93.7875,-18.64333
NGC_2345,304,NGC_2345,226,7.86,2251,-91, 0.62, 7.85,NGC_2345,107.075,-13.183329999999998
Haffner_8,305,Haffner_8,227,1.72,1182,28, 0.03, 9.15,Haffner_8,110.85,-12.33333
Cl_Haffner_6,306,Haffner_6,227,5.33,3054,14, 0.45, 8.83,Haffner_6,109.98833,-13.160829999999999
M_48,307,NGC_2548,227,6.71,769,204, 0.03, 8.56,NGC_2548,123.425,-5.75
NAME_Basel_11A,308,Basel_11a,228,2.21,1520,-21, 0.00, 8.30,Basel_11a,109.275,-13.96667
NGC_2374,309,NGC_2374,228,5.12,1468,26, 0.09, 8.46,NGC_2374,110.975,-13.266670000000001
NAME_HIP_28944_Cluster,310,Platais_5,228,23.71,272,-88,     , 7.78,Platais_5,92.4,-22.151670000000003
Cl_Melotte_71,311,Melotte_71,228,6.42,3154,247, 0.11, 8.37,Melotte_71,114.33417,-12.09806
NGC_2401,312,NGC_2401,229,3.43,5888,190, 0.35, 7.80,NGC_2401,112.35,-13.96667
NGC_2360,313,NGC_2360,229,7.14,1887,-47, 0.11, 8.75,NGC_2360,109.425,-15.633329999999999
Cl_Waterloo_7,314,Waterloo_7,230,2.12,2800,30, 0.42,     ,Waterloo_7,111.53333,-15.093329999999998
NGC_2423,315,NGC_2423,230,2.67,766,47, 0.10, 8.87,NGC_2423,114.275,-13.866670000000001
NGC_2506,316,NGC_2506,230,12.08,3460,597, 0.08, 9.04,NGC_2506,120.00417,-10.77
C_0726-153,317,Czernik_29,230,6.06,4168,68, 0.48, 8.30,Czernik_29,112.075,-15.4
C_0726-152,318,Haffner_10,230,4.58,5248,92, 0.52, 9.10,Haffner_10,112.15,-15.383329999999999
NGC_2422,319,NGC_2422,230,3.56,490,27, 0.07, 7.86,NGC_2422,114.15,-14.483329999999999
M_41,320,NGC_2287,231,7.86,693,-126, 0.03, 8.38,NGC_2287,101.5,-20.76667
NGC_2414,321,NGC_2414,231,5.03,3455,117, 0.51, 6.98,NGC_2414,113.3,-15.45
NGC_2425,322,NGC_2425,231,5.89,4053,231, 0.31, 9.20,NGC_2425,114.575,-14.866670000000001
NGC_2437,323,NGC_2437,231,8.0,1375,97, 0.15, 8.39,NGC_2437,115.425,-14.816670000000002
C_0658-204,324,Tombaugh_1,232,4.36,3000,-382, 0.40, 9.00,Tombaugh_1,105.12083,-20.566670000000002
Cl_Bochum_5,325,Bochum_5,232,3.8,872,12, 0.19, 7.54,Bochum_5,112.75,-16.933329999999998
NGC_2409,326,Bochum_4,232,3.33,2291,31, 0.63, 7.00,Bochum_4,112.9,-17.183329999999998
Tombaugh_2,327,Tombaugh_2,232,11.57,13260,-1588, 0.08, 9.01,Tombaugh_2,105.85,-20.85
NGC_2539,328,NGC_2539,233,3.57,1363,263, 0.08, 8.57,NGC_2539,122.675,-12.83333
C_0729-193,329,Bochum_6,234,11.58,3981,-15, 0.70, 7.00,Bochum_6,113.0,-19.433329999999998
Collinder_121,330,Collinder_121,235,12.19,471,-84, 0.03, 7.05,Collinder_121,103.675,-24.3
NGC_2383,331,NGC_2383,235,2.41,1655,-71, 0.21, 7.17,NGC_2383,111.17083000000001,-20.945
NGC_2384,332,NGC_2384,235,3.08,2116,-88, 0.26, 6.90,NGC_2384,111.3,-21.023329999999998
NGC_2432,333,NGC_2432,235,3.32,1905,59, 0.23, 8.80,NGC_2432,115.325,-19.15
NGC_2367,334,NGC_2367,235,2.91,2004,-134, 0.33, 6.74,NGC_2367,110.025,-21.883329999999997
NGC_2421,335,NGC_2421,236,4.44,2181,3, 0.45, 7.37,NGC_2421,114.05,-20.616670000000003
Cl_Alessi_13,336,Alessi_13,236,13.41,110,-90, 0.04,     ,Alessi_13,53.5,-35.31667
NGC_2362,337,NGC_2362,238,2.02,1389,-134, 0.10, 6.91,NGC_2362,109.65,-24.98333
Cl_Trumpler_7,338,Trumpler_7,238,2.14,1474,-86, 0.27, 7.43,Trumpler_7,111.8375,-23.956670000000003
C_0759-193,339,Ruprecht_46,238,0.66,752,77, 0.07, 9.60,Ruprecht_46,120.54167,-19.465
NGC_2354,340,NGC_2354,238,21.39,4085,-483, 0.31, 8.13,NGC_2354,108.52917,-25.74
NGC_2243,341,NGC_2243,239,6.48,4458,-1379, 0.05, 9.03,NGC_2243,97.39166999999999,-31.28333
Ruprecht_18,342,Ruprecht_18,239,2.15,1056,-91, 0.70, 7.65,Ruprecht_18,111.2,-26.21667
NGC_2447,343,NGC_2447,240,3.02,1037,2, 0.05, 8.59,NGC_2447,116.15,-23.866670000000003
Cl_Ruprecht_32,344,Ruprecht_32,241,7.78,5346,-53, 0.50, 7.08,Ruprecht_32,116.2425,-25.51139
NGC_2482,345,NGC_2482,241,3.91,1343,48, 0.09, 8.60,NGC_2482,118.8,-24.26667
Cl_Haffner_16,346,Haffner_16,242,4.6,3165,26, 0.18, 7.08,Haffner_16,117.58333,-25.453329999999998
C_0724-287,347,Ruprecht_20,242,1.76,1208,-121, 0.10, 8.50,Ruprecht_20,111.67083000000001,-28.83
Cl_Waterloo_3,348,Waterloo_3,242,3.03,5200,131, 0.34,     ,Waterloo_3,118.775,-25.365
C_0746-261,349,Ruprecht_36,242,2.44,1681,-10, 0.17, 7.61,Ruprecht_36,117.09167,-26.30333
Collinder_132,350,Collinder_132,242,10.98,472,-72, 0.04, 7.08,Collinder_132,108.4,-31.03333
C_0753-258,351,Trumpler_9,243,3.33,2289,51, 0.25, 8.00,Trumpler_9,118.925,-25.885
Haffner_19,352,Haffner_19,243,2.96,5094,47, 0.42, 6.93,Haffner_19,118.175,-26.25
Haffner_18,353,Haffner_18,243,3.51,6028,47, 0.61, 6.89,Haffner_18,118.125,-26.366670000000003
NGC_2467,354,NGC_2467,243,5.52,1355,9, 0.34, 7.10,NGC_2467,118.08041999999999,-26.441670000000002
NGC_2453,355,NGC_2453,243,2.5,2150,-35, 0.45, 7.19,NGC_2453,116.89583,-27.195
C_0801-266,356,Ruprecht_49,244,1.06,1823,72, 0.26, 7.93,Ruprecht_49,120.8125,-26.773329999999998
NGC_2483,357,NGC_2483,244,3.38,1659,7, 0.30, 7.09,NGC_2483,118.9,-27.9
Haffner_21,358,Haffner_21,244,2.58,2951,84, 0.11, 7.92,Haffner_21,120.3,-27.16667
Collinder_140,359,Collinder_140,244,3.42,405,-56, 0.03, 7.55,Collinder_140,110.825,-32.06667
C_0757-284,360,Ruprecht_44,245,13.76,4730,40, 0.62, 6.94,Ruprecht_44,119.725,-28.58333
NGC_2527,361,NGC_2527,246,1.75,601,19, 0.04, 8.65,NGC_2527,121.25,-28.15
NGC_2439,362,NGC_2439,246,10.09,3855,-300, 0.41, 7.25,NGC_2439,115.2,-31.683329999999998
NGC_2489,363,NGC_2489,246,6.91,3957,-53, 0.37, 7.26,NGC_2489,119.075,-30.066670000000002
Haffner_20,364,Haffner_20,246,2.72,3117,-51, 0.57, 8.12,Haffner_20,119.075,-30.4
C_0749-317,365,Haffner_17,247,1.68,2880,-127, 1.26, 7.70,Haffner_17,117.86833,-31.84
NGC_2533,366,NGC_2533,247,4.91,3379,77, 0.05, 8.88,NGC_2533,121.75,-29.9
C_0743-326,367,Haffner_15,247,1.81,2078,-151, 1.14, 7.17,Haffner_15,116.375,-32.84167
Cl_Bochum_15,368,Bochum_15,247,2.45,2806,-268, 0.58, 6.74,Bochum_15,115.025,-33.55
ESO_368-7,369,Arp-Madore_2,248,7.76,13341,-1366, 0.57, 9.34,Arp-Madore_2,114.69167,-33.84333
C_0800-309,370,Ruprecht_47,248,3.5,3006,-10, 0.28, 7.89,Ruprecht_47,120.575,-31.078329999999998
Cl_Collinder_135,371,Collinder_135,248,4.6,316,-61, 0.03, 7.41,Collinder_135,109.45,-37.16667
NGC_2571,372,NGC_2571,249,3.12,1342,83, 0.14, 7.49,NGC_2571,124.75,-29.75
NGC_2567,373,NGC_2567,249,3.41,1677,87, 0.13, 8.47,NGC_2567,124.63333,-30.633329999999997
C_0810-324,374,Ruprecht_55,250,7.12,4892,69, 0.56, 6.85,Ruprecht_55,123.125,-32.58333
NGC_2627,375,NGC_2627,251,4.73,2034,236, 0.09, 8.57,NGC_2627,129.3,-29.95
NAME_HIP_37742_Cluster,376,NGC_2451B,252,9.49,302,-35, 0.06, 7.65,NGC_2451B,116.1,-37.66667
NGC_2588,377,NGC_2588,252,2.29,5248,224, 0.30, 8.60,NGC_2588,125.8,-32.98333
C_0817-343,378,Ruprecht_59,253,0.76,874,14, 0.09, 7.73,Ruprecht_59,124.82916999999999,-34.485
NGC_2477,379,NGC_2477,253,5.33,1222,-124, 0.28, 8.85,NGC_2477,118.025,-38.53333
Cl_VDBH_23,380,vdBergh-Hagen_23,254,4.96,437,-7, 0.06, 7.10,vdBergh-Hagen_23,123.6,-36.4
NGC_2658,381,NGC_2658,254,3.53,2021,214, 0.04, 9.15,NGC_2658,130.85,-32.65
NGC_2579,382,NGC_2579,254,2.1,1033,4, 0.15, 7.61,NGC_2579,125.22083,-36.21333
NGC_2546,383,NGC_2546,254,18.71,919,-32, 0.13, 7.87,NGC_2546,122.975,-37.61667
C_0820-360,384,Collinder_185,255,2.59,1486,14, 0.21, 8.11,Collinder_185,125.825,-36.33333
Pismis_1,385,Pismis_1,255,5.15,5907,-73, 0.58, 7.93,Pismis_1,124.45,-37.08333
NGC_2635,386,NGC_2635,255,1.67,5754,397, 0.35, 8.50,NGC_2635,129.61667,-34.76
Pismis_3,387,Pismis_3,257,2.03,1394,12, 1.30, 9.03,Pismis_3,127.75,-38.66667
Cl_Alessi_3,388,Alessi_3,257,6.03,288,-76, 0.11, 8.70,Alessi_3,109.1,-46.6
[SSW94]_b,389,Saurer_2,257,5.47,4700,-82, 1.24, 9.40,Saurer_2,126.375,-39.63333
C_0816-414,390,Pismis_2,258,3.85,3310,-193, 0.05, 9.06,Pismis_2,124.47917,-41.67167
ESO_313-7,391,Pismis_5,259,0.51,869,14, 0.42, 7.20,Pismis_5,129.40833,-39.583890000000004
C_0850-374,392,Ruprecht_72,259,2.63,3019,230, 0.24, 9.10,Ruprecht_72,133.025,-37.6
Cl_Ruprecht_158,393,Ruprecht_158,259,2.42,4168,323, 0.24, 9.20,Ruprecht_158,133.075,-37.56667
Cl_Melotte_66,394,Melotte_66,259,17.56,4313,-1061, 0.14, 9.44,Melotte_66,111.59583,-47.66667
Collinder_173,395,Collinder_173,261,45.22,421,-60, 0.05, 7.14,Collinder_173,120.9,-46.28333
Collinder_197,396,Collinder_197,261,6.09,838,14, 0.55, 7.13,Collinder_197,131.16666999999998,-41.27667
NGC_2818,397,NGC_2818,261,4.86,1855,277, 0.12, 8.63,NGC_2818,139.0069,-36.62743
NGC_2671,398,NGC_2671,262,2.9,1660,23, 1.04, 7.90,NGC_2671,131.55,-41.88333
Trumpler_10,399,Trumpler_10,262,3.58,424,5, 0.03, 7.54,Trumpler_10,131.925,-42.45
C_0840-432,400,Ruprecht_67,262,2.62,1504,-21, 0.43, 8.26,Ruprecht_67,130.4,-43.36667
Pismis_4,401,Pismis_4,262,4.31,593,-25, 0.01, 7.53,Pismis_4,128.67458,-44.395
NGC_2659,402,NGC_2659,264,2.49,1713,-3, 0.51, 6.89,NGC_2659,130.65,-44.98333
NGC_2547,403,NGC_2547,264,3.31,455,-68, 0.04, 7.56,NGC_2547,122.60708000000001,-49.1675
NGC_2645,404,NGC_2645,264,1.46,1668,-85, 0.38, 7.28,NGC_2645,129.76667,-46.22667
C_0838-459,405,Waterloo_6,264,0.92,1578,-73, 0.24, 7.67,Waterloo_6,130.1,-46.13333
C_0839-461,406,Pismis_8,265,1.14,1312,-59, 0.71, 7.43,Pismis_8,130.39583000000002,-46.27333
C_0843-458,407,Bochum_7,265,33.48,5754,197, 0.86, 7.00,Bochum_7,131.2,-45.96667
NGC_2660,408,NGC_2660,265,2.88,2826,-149, 0.31, 9.03,NGC_2660,130.65833,-47.2
IC_2395,409,IC_2395,266,3.49,705,-44, 0.07, 7.22,IC_2395,130.65417,-48.11333
NAME_HIP_45189_Cluster,410,Platais_9,266,20.0,174,10,     , 8.00,Platais_9,138.44583,-43.74
NGC_2670,411,NGC_2670,267,2.42,1188,-75, 0.43, 7.69,NGC_2670,131.375,-48.8
C_0858-487,412,Collinder_205,269,2.7,1853,-60, 0.75, 7.20,Collinder_205,135.125,-48.98333
IC_2391,413,IC_2391,270,3.05,175,-21, 0.01, 7.66,IC_2391,130.15,-53.03333000000001
NGC_2669,414,NGC_2669,270,6.09,1046,-111, 0.18, 7.93,NGC_2669,131.6,-52.933330000000005
NAME_HD_80077_Group,415,Pismis_11,271,1.63,2800,-20, 1.25, 7.34,Pismis_11,138.95,-50.01667
NGC_2866,416,NGC_2866,273,1.11,1901,-25, 0.63, 7.66,NGC_2866,140.51833,-51.10222
C_0922-515,417,Ruprecht_76,273,1.84,1262,-21, 0.38, 7.73,Ruprecht_76,141.075,-51.665
NGC_2516,418,NGC_2516,273,3.57,409,-112, 0.10, 8.05,NGC_2516,119.525,-60.75
NGC_1252,419,NGC_1252,274,2.61,640,-496, 0.02, 9.48,NGC_1252,47.70417,-57.76667
NGC_2972,420,NGC_2972,274,1.8,2062,63, 0.34, 7.97,NGC_2972,145.11875,-50.33611
NGC_2910,421,NGC_2910,275,3.03,2607,-54, 0.34, 8.20,NGC_2910,142.625,-52.916669999999996
C_0927-534,422,Ruprecht_78,275,1.43,1641,-54, 0.35, 7.99,Ruprecht_78,142.3,-53.7
NGC_2925,423,NGC_2925,275,2.25,774,-17, 0.08, 7.85,NGC_2925,143.3,-53.36666999999999
NAME_UKS_2,424,vdBergh-Hagen_66,276,8.14,7000,-367, 0.40, 8.90,vdBergh-Hagen_66,141.325,-54.71666999999999
C_0925-549,425,Ruprecht_77,276,6.01,4129,-225, 0.62, 7.50,Ruprecht_77,141.775,-55.11666999999999
C_0939-536,426,Ruprecht_79,277,2.88,1979,-25, 0.72, 7.09,Ruprecht_79,145.25,-53.85
Cl_Platais_8,427,Platais_8,277,35.94,132,-18,     , 7.78,Platais_8,137.375,-59.128330000000005
C_0943-537,428,Ruprecht_82,277,3.57,2455,-20, 0.29, 8.50,Ruprecht_82,146.45,-54.0
C_0949-529,429,Pismis_16,277,1.06,1824,22, 0.56, 7.84,Pismis_16,147.80417,-53.176669999999994
IC_2488,430,IC_2488,277,5.94,1134,-87, 0.23, 8.11,IC_2488,141.9,-57.0
Basel_20,431,Basel_20,277,5.89,2024,-122, 0.41, 7.42,Basel_20,143.15,-56.316669999999995
Cl_Ruprecht_83,432,Ruprecht_83,278,2.15,2459,-26, 0.45, 8.45,Ruprecht_83,147.27833,-54.56861
NGC_1901,433,NGC_1901,279,1.81,415,-230, 0.06, 8.92,NGC_1901,79.54583000000001,-68.45
NGC_3033,434,NGC_3033,279,1.07,922,-33, 0.33, 7.84,NGC_3033,147.125,-56.425
NGC_3105,435,NGC_3105,279,2.84,4884,22, 0.99, 7.24,NGC_3105,150.2,-54.76667
NGC_3228,436,NGC_3228,280,0.79,544,43, 0.03, 7.93,NGC_3228,155.35,-51.73333
Cl_VDBH_90,437,vdBergh-Hagen_90,283,2.99,2572,-66, 0.53, 7.94,vdBergh-Hagen_90,152.975,-58.083330000000004
NGC_3114,438,NGC_3114,283,9.27,911,-61, 0.07, 8.09,NGC_3114,150.5,-60.1
NGC_3330,439,NGC_3330,284,1.04,894,60, 0.05, 8.23,NGC_3330,159.7,-54.11666999999999
Cl_Westerlund_2,440,Westerlund_2,284,1.09,1874,-11, 0.78, 7.22,Westerlund_2,155.99208000000002,-57.76361
C_1003-613,441,Trumpler_11,284,4.51,3100,-263, 0.21,     ,Trumpler_11,151.25,-61.61666999999999
NGC_3247,442,NGC_3247,284,1.8,1547,-9, 0.22, 8.08,NGC_3247,156.07208,-57.76
IC_2581,443,IC_2581,284,3.56,2446,2, 0.42, 7.14,IC_2581,156.875,-57.63333000000001
[SSW94]_c,444,Saurer_3,285,6.16,8830,462, 0.62, 9.45,Saurer_3,160.375,-55.3
NGC_3293,445,NGC_3293,285,4.06,2327,3, 0.26, 7.01,NGC_3293,158.95333,-58.21666999999999
Cl_Collinder_223,446,Collinder_223,286,4.41,1686,-48, 0.26, 7.01,Collinder_223,157.6,-59.816669999999995
NGC_3255,447,NGC_3255,286,0.84,1445,-66, 0.25, 8.30,NGC_3255,156.625,-60.666669999999996
NGC_3324,448,NGC_3324,286,8.09,2317,-8, 0.44, 6.75,NGC_3324,159.325,-58.63333000000001
NAME_Carraro_1,449,Carraro_1,286,2.21,1900,-10, 0.25, 9.48,Carraro_1,159.25,-58.73333
Cl_VDBH_99,450,vdBergh-Hagen_99,286,2.95,507,-6, 0.06, 7.60,vdBergh-Hagen_99,159.475,-59.13333000000001
NGC_3680,451,NGC_3680,286,1.36,938,273, 0.07, 9.08,NGC_3680,171.40833,-43.24333
C_1033-598,452,Bochum_9,286,20.07,4600,-126, 0.63,     ,Bochum_9,158.94042,-60.12611
Cl_Bochum_10,453,Bochum_10,287,11.79,2027,-11, 0.31, 6.86,Bochum_10,160.55917,-59.145559999999996
ESO_92-18,454,ESO_092-18,287,15.43,10607,-1229, 0.50, 9.02,ESO_092-18,153.725,-64.61667
Cl_Collinder_228,455,Collinder_228,287,8.96,2201,-39, 0.34, 6.83,Collinder_228,160.95,-60.083330000000004
Cl_Trumpler_14,456,Trumpler_14,287,3.97,2733,-28, 0.52, 6.83,Trumpler_14,160.975,-59.55
Cl_Trumpler_15,457,Trumpler_15,287,7.55,1853,-12, 0.43, 6.93,Trumpler_15,161.175,-59.36666999999999
C_1042-593,458,Collinder_232,287,3.49,2996,-27, 0.57, 6.67,Collinder_232,161.2,-59.566669999999995
Cl_Trumpler_16,459,Trumpler_16,287,7.78,2673,-31, 0.49, 6.79,Trumpler_16,161.3,-59.71666999999999
C_1045-598,460,Bochum_11,288,14.73,2412,-36, 0.58, 6.76,Bochum_11,161.81333,-60.0975
Cl_Alessi_5,461,Alessi_5,288,3.82,398,-14, 0.15, 7.60,Alessi_5,160.725,-61.2
Cl_Trumpler_17,462,Trumpler_17,288,3.18,2189,17, 0.60, 7.71,Trumpler_17,164.1,-59.2
Cl_Pismis_17,463,Pismis_17,289,6.12,3504,9, 0.47, 7.02,Pismis_17,165.26667,-59.81833
Cl_Ruprecht_92,464,Ruprecht_92,289,4.81,2362,-82, 0.46, 7.80,Ruprecht_92,163.3,-61.71666999999999
NGC_3496,465,NGC_3496,289,2.3,990,-7, 0.47, 8.47,NGC_3496,164.9,-60.38333000000001
NGC_3532,466,NGC_3532,289,7.07,486,11, 0.04, 8.49,NGC_3532,166.3875,-58.73
IC_2602,467,IC_2602,289,4.68,161,-14, 0.02, 7.51,IC_2602,160.8,-64.4
Cl_Sher_1,468,Sher_1,289,1.71,5875,-25, 1.37, 6.71,Sher_1,165.025,-60.36666999999999
C_1055-614,469,Bochum_12,289,6.45,2218,-69, 0.24, 7.61,Bochum_12,164.34583,-61.735
Cl_Melotte_101,470,Melotte_101,289,8.7,1995,-193, 0.48, 7.89,Melotte_101,160.55,-65.1
Cl_Feinstein_1,471,Feinstein_1,290,8.43,1159,8, 0.40, 7.00,Feinstein_1,166.47958,-59.81166999999999
Cl_Ruprecht_93,472,Ruprecht_93,290,2.93,1437,-28, 0.23, 8.19,Ruprecht_93,166.1,-61.36666999999999
C_1110-586,473,Stock_13,290,2.29,1577,44, 0.22, 7.22,Stock_13,168.275,-58.88333000000001
NGC_3572,474,NGC_3572,290,2.9,1995,7, 0.39, 6.89,NGC_3572,167.6,-60.25
Cl_Hogg_10,475,Hogg_10,290,1.55,1776,2, 0.46, 6.78,Hogg_10,167.675,-60.36666999999999
Cl_Collinder_240,476,Collinder_240,290,9.17,1577,5, 0.31, 7.16,Collinder_240,167.8,-60.28333000000001
Cl_Hogg_11,477,Hogg_11,290,1.32,2277,5, 0.32, 7.08,Hogg_11,167.88333,-60.371669999999995
Cl_Trumpler_18,478,Trumpler_18,290,1.98,1358,-3, 0.32, 7.19,Trumpler_18,167.875,-60.666669999999996
NGC_3590,479,NGC_3590,291,1.44,1651,-5, 0.45, 7.23,NGC_3590,168.25,-60.78333000000001
NGC_3603,480,NGC_3603,291,0.53,3634,-33, 1.34, 6.84,NGC_3603,168.78791999999999,-61.271390000000004
IC_2714,481,IC_2714,292,5.04,1238,-39, 0.34, 8.54,IC_2714,169.375,-62.73333
Mamajek_1,482,Mamajek_1,292,1.13,97,-36, 0.00, 6.90,Mamajek_1,130.525,-79.02667
Cl_Melotte_105,483,Melotte_105,292,3.21,2208,-93, 0.48, 8.32,Melotte_105,169.875,-63.5
ESO_93-8,484,ESO_093-08,293,3.99,13700,-965, 0.64, 9.65,ESO_093-08,169.92458,-65.21972
NGC_3766,485,NGC_3766,294,2.54,1745,-1, 0.18, 7.16,NGC_3766,174.05542,-61.615280000000006
NGC_3960,486,NGC_3960,294,3.28,2258,243, 0.30, 8.82,NGC_3960,177.725,-55.7
IC_2944,487,IC_2944,294,18.26,1794,-52, 0.32, 6.82,IC_2944,174.585,-63.372780000000006
C_1141-622,488,Stock_14,295,3.75,2146,-25, 0.22, 7.06,Stock_14,175.95,-62.51667
Ruprecht_97,489,Ruprecht_97,296,1.97,1357,-12, 0.23, 8.34,Ruprecht_97,179.325,-62.65
NGC_4052,490,NGC_4052,297,3.17,1209,-19, 0.16, 8.50,NGC_4052,180.3,-63.21666999999999
C_1155-642,491,Ruprecht_98,297,2.01,494,-20, 0.16, 8.51,Ruprecht_98,179.65,-64.55833
NGC_4103,492,NGC_4103,297,2.85,1632,33, 0.29, 7.39,NGC_4103,181.67792,-61.25583
[SSW94]_d,493,Saurer_4,298,3.24,6190,-112, 1.24, 9.18,Saurer_4,183.525,-63.6
NGC_4337,494,NGC_4337,299,0.57,489,39, 0.15, 8.45,NGC_4337,186.02083000000002,-58.121669999999995
NGC_4349,495,NGC_4349,299,3.16,2176,32, 0.38, 8.32,NGC_4349,186.05,-61.86666999999999
Cl_Collinder_258,496,Collinder_258,299,1.72,1184,41, 0.16, 8.03,Collinder_258,186.81667,-60.78
C_1225-595,497,Hogg_14,300,0.85,969,49, 0.23, 8.10,Hogg_14,187.1625,-59.8
NGC_4439,498,NGC_4439,300,2.08,1785,82, 0.35, 7.91,NGC_4439,187.1,-60.1
NGC_4463,499,NGC_4463,300,1.07,1050,-37, 0.43, 7.50,NGC_4463,187.5,-64.78333
Cl_Collinder_261,500,Collinder_261,301,5.73,2190,-211, 0.27, 9.95,Collinder_261,189.475,-68.46667
NGC_4609,501,NGC_4609,301,1.42,1223,-3, 0.33, 7.89,NGC_4609,190.575,-62.98333
Cl_Hogg_15,502,Hogg_15,302,1.32,2262,-10, 1.09, 6.78,Hogg_15,190.9,-63.1
NGC_4755,503,NGC_4755,303,5.75,1976,86, 0.39, 7.22,NGC_4755,193.425,-60.36666999999999
NGC_4815,504,NGC_4815,303,4.48,3079,-113, 0.81, 8.37,NGC_4815,194.5,-64.95
ESO_96-4,505,vdBergh-Hagen_144,305,4.08,9354,-515, 0.60, 8.83,vdBergh-Hagen_144,198.81667,-65.92166999999999
Collinder_268,506,Collinder_268,305,2.86,1963,-149, 0.31, 8.76,Collinder_268,199.7,-67.2
Ruprecht_107,507,Ruprecht_107,305,1.26,1442,-56, 0.46, 7.48,Ruprecht_107,200.15,-64.95
Cl_Stock_16,508,Stock_16,306,1.43,1640,2, 0.49, 6.92,Stock_16,199.7,-62.51667
C_1326-639,509,Collinder_271,307,1.7,1169,-33, 0.29, 8.32,Collinder_271,202.5,-64.18333
Cl_Basel_18,510,Basel_18,307,1.94,2226,8, 0.52, 7.59,Basel_18,202.025,-62.35
Cl_Hogg_16,511,Hogg_16,307,2.77,1585,37, 0.41, 7.05,Hogg_16,202.325,-61.2
NGC_5138,512,NGC_5138,307,4.04,1986,122, 0.26, 7.99,NGC_5138,201.8,-59.03333000000001
Cl_Trumpler_21,513,Trumpler_21,307,1.84,1263,-7, 0.20, 7.70,Trumpler_21,203.05,-62.8
Cl_Collinder_272,514,Collinder_272,307,5.95,2045,43, 0.47, 7.23,Collinder_272,202.6,-61.316669999999995
NGC_5168,515,NGC_5168,307,2.07,1777,48, 0.43, 8.00,NGC_5168,202.775,-60.945
Cl_Pismis_18,516,Pismis_18,308,2.61,2240,8, 0.50, 9.08,Pismis_18,204.225,-62.09166999999999
C_1328-582,517,Ruprecht_108,308,2.62,901,63, 0.14, 8.42,Ruprecht_108,203.04166999999998,-58.46666999999999
NAME_HIP_67330_Cluster,518,Platais_11,308,12.14,232,-15,     , 8.30,Platais_11,206.9875,-66.02
NGC_5281,519,NGC_5281,309,2.26,1108,-14, 0.22, 7.15,NGC_5281,206.625,-62.915
NAME_HIP_67014_Cluster,520,Platais_10,309,23.15,246,13,     , 8.00,Platais_10,205.86667,-59.121669999999995
Cl_Platais_12,521,Platais_12,309,14.03,402,-10,     , 8.30,Platais_12,207.93333,-63.45333
NGC_5316,522,NGC_5316,310,4.95,1215,2, 0.27, 8.20,NGC_5316,208.475,-61.86666999999999
Cl_Lynga_1,523,Lynga_1,310,1.99,2283,-13, 0.46, 8.01,Lynga_1,210.02917000000002,-62.161669999999994
Cl_Alessi_6,524,Alessi_6,313,6.1,437,-42, 0.19, 8.20,Alessi_6,220.05,-66.175
Cl_Lynga_2,525,Lynga_2,313,2.91,1000,-8, 0.20, 8.12,Lynga_2,216.08792000000003,-61.3225
Cl_Trumpler_22,526,Trumpler_22,314,4.41,1516,-15, 0.52, 7.95,Trumpler_22,217.75,-61.166669999999996
NGC_5617,527,NGC_5617,314,4.46,1533,-3, 0.48, 7.92,NGC_5617,217.45,-60.71666999999999
Cl_Pismis_19,528,Pismis_19,314,2.09,2400,-13, 1.45, 9.00,Pismis_19,217.675,-60.98333
Cl_Melotte_227,529,Melotte_227,314,2.44,120,-61, 0.04, 8.57,Melotte_227,303.025,-79.31667
NGC_5606,530,NGC_5606,314,1.58,1805,31, 0.47, 7.08,NGC_5606,216.94582999999997,-59.64
Cl_Hogg_17,531,Hogg_17,314,1.52,1310,-21, 0.59, 8.03,Hogg_17,218.45833,-61.363330000000005
NGC_5460,532,NGC_5460,315,6.9,678,148, 0.09, 8.21,NGC_5460,211.85,-48.33333
NGC_5662,533,NGC_5662,316,5.62,666,39, 0.31, 7.97,NGC_5662,218.9,-56.61666999999999
NGC_5749,534,NGC_5749,319,3.0,1031,82, 0.38, 7.73,NGC_5749,222.225,-54.5
Cl_Pismis_20,535,Pismis_20,320,2.35,2018,-42, 1.18, 6.86,Pismis_20,228.85,-59.066669999999995
C_1447-520,536,Hogg_18,320,2.23,1535,172, 0.50, 7.76,Hogg_18,222.675,-52.26667
NGC_5823,537,NGC_5823,321,4.16,1192,51, 0.09, 8.90,NGC_5823,226.43667000000002,-55.625
NGC_5822,538,NGC_5822,321,9.34,917,57, 0.15, 8.82,NGC_5822,226.1,-54.4
NGC_6025,539,NGC_6025,324,3.08,756,-78, 0.16, 7.89,NGC_6025,240.825,-60.433330000000005
NGC_6005,540,NGC_6005,325,3.91,2690,-140, 0.45, 9.08,NGC_6005,239.00167000000002,-57.45166999999999
NGC_5999,541,NGC_5999,326,1.79,2050,-69, 0.45, 8.60,NGC_5999,238.05,-56.46666999999999
[KPR2004b]_362,542,Alessi_8,326,4.02,575,43, 0.09, 8.15,Alessi_8,232.375,-51.20833
Loden_2326,543,Loden_2326,327,0.42,900,31, 0.41, 8.30,Loden_2326,235.8875,-52.475
NGC_6087,544,NGC_6087,327,3.63,891,-84, 0.18, 7.98,NGC_6087,244.7,-57.933330000000005
ESO_224-8,545,vdBergh-Hagen_176,328,11.69,13400,1008, 0.77,     ,vdBergh-Hagen_176,234.7725,-50.05056
Cl_Moffat_1,546,Moffat_1,328,6.72,3300,-57, 1.84, 6.60,Moffat_1,240.375,-54.13333000000001
NGC_6031,547,NGC_6031,329,1.59,1823,-48, 0.37, 8.07,NGC_6031,241.96417000000002,-54.050830000000005
NGC_6067,548,NGC_6067,329,5.77,1417,-55, 0.38, 8.08,NGC_6067,243.3,-54.21666999999999
C_1615-548,549,Harvard_10,329,9.54,1312,-75, 0.36, 8.34,Harvard_10,244.7,-54.933330000000005
Cl_Lynga_6,550,Lynga_6,330,2.33,1600,9, 1.25, 7.43,Lynga_6,241.2,-51.91667
Cl_Ruprecht_115,551,Ruprecht_115,330,3.14,2160,-32, 0.65, 8.78,Ruprecht_115,243.2,-52.38333
Cl_Pismis_22,552,Pismis_22,331,1.16,1000,-10, 2.00, 7.60,Pismis_22,243.5375,-51.86667
NGC_6115,553,Ruprecht_118,332,1.17,1343,-42, 0.41, 8.11,Ruprecht_118,246.15,-51.96667
C_1624-514,554,Ruprecht_119,333,2.22,956,-31, 0.57, 6.85,Ruprecht_119,247.05,-51.5
NGC_6208,555,NGC_6208,333,4.92,939,-94, 0.21, 9.07,NGC_6208,252.36667000000003,-53.72833000000001
Cl_Pismis_23,556,Pismis_23,334,0.76,2600,20, 2.00, 8.48,Pismis_23,245.99167000000003,-48.89167
NGC_6134,557,NGC_6134,334,1.59,913,-3, 0.40, 8.97,NGC_6134,246.95,-49.15
NGC_6167,558,NGC_6167,335,2.26,1108,-28, 0.78, 7.89,NGC_6167,248.65,-49.76667
NGC_6253,559,NGC_6253,335,1.76,1510,-164, 0.20, 9.70,NGC_6253,254.775,-52.71666999999999
Cl_Ruprecht_120,560,Ruprecht_120,336,1.75,2000,-17, 0.70, 8.18,Ruprecht_120,248.85,-48.3
NGC_6193,561,NGC_6193,336,4.7,1155,-32, 0.48, 6.78,NGC_6193,250.35,-48.76667
NGC_6200,562,NGC_6200,337,8.36,2054,-38, 0.58, 6.93,NGC_6200,251.025,-47.46667
NGC_6178,563,NGC_6178,338,1.47,1014,21, 0.22, 7.25,NGC_6178,248.95,-45.63333
NGC_6204,564,NGC_6204,338,1.58,1085,-20, 0.43, 7.56,NGC_6204,251.53332999999998,-47.01222
Cl_Hogg_22,565,Hogg_22,338,1.06,1216,-24, 0.65, 6.78,Hogg_22,251.64583,-47.08333
Cl_Westerlund_1,566,Westerlund_1,339,4.54,5200,-50, 3.00,     ,Westerlund_1,251.76667,-45.845
IC_4651,567,IC_4651,340,2.58,888,-122, 0.12, 9.06,IC_4651,261.20417000000003,-49.93333
NGC_6192,568,NGC_6192,340,4.05,1547,57, 0.64, 8.13,NGC_6192,250.1,-43.36667
NGC_6216,569,NGC_6216,340,5.0,4300,0, 0.45, 7.54,NGC_6216,252.35,-44.73333
NGC_6250,570,NGC_6250,340,2.52,865,29, 0.35, 7.42,NGC_6250,254.49167000000003,-45.943329999999996
NGC_6124,571,NGC_6124,340,5.81,512,54, 0.75, 8.15,NGC_6124,246.325,-40.65
Cl_Lynga_14,572,Lynga_14,340,0.77,881,-17, 1.43, 6.71,Lynga_14,253.75332999999998,-45.33333
NGC_6249,573,NGC_6249,341,1.43,981,-20, 0.44, 7.39,NGC_6249,254.4,-44.81667
NGC_6259,574,NGC_6259,341,4.2,1031,-27, 0.50, 8.34,NGC_6259,255.175,-44.66667
NGC_6231,575,NGC_6231,343,5.06,1243,26, 0.44, 6.84,NGC_6231,253.53546,-41.82667
Cl_Alessi_9,576,Alessi_9,344,6.24,195,-30, 0.07, 8.40,Alessi_9,266.0,-47.0
Cl_Trumpler_24,577,Trumpler_24,344,19.86,1138,30, 0.42, 6.92,Trumpler_24,254.25,-40.66667
NGC_6322,578,NGC_6322,345,1.45,996,-53, 0.59, 7.06,NGC_6322,259.6,-42.93333
NGC_6242,579,NGC_6242,345,2.96,1131,49, 0.38, 7.61,NGC_6242,253.9,-39.46667
NGC_6268,580,NGC_6268,346,1.8,1029,23, 0.39, 7.24,NGC_6268,255.66832999999997,-39.73833
NGC_6281,581,NGC_6281,347,1.11,479,16, 0.15, 8.50,NGC_6281,256.175,-37.98333
NGC_6318,582,NGC_6318,347,2.68,2300,-28, 1.20, 6.30,NGC_6318,259.49375,-39.44222
Havlen_Moffat_1,583,Havlen_Moffat_1,348,4.22,2900,-39, 1.85,     ,Havlen_Moffat_1,259.725,-38.83333
Cl_VDBH_222,584,vdBergh-Hagen_222,349,3.49,6000,-46, 1.85, 7.78,vdBergh-Hagen_222,259.7,-38.28333
Cl_Bochum_13,585,Bochum_13,351,4.39,1077,26, 0.85, 6.82,Bochum_13,259.35,-35.55
Cl_Ruprecht_127,586,Ruprecht_127,352,2.13,1466,-64, 0.99, 7.35,Ruprecht_127,264.425,-36.26667
Cl_Pismis_24,587,Pismis_24,353,2.9,1995,22, 1.72, 7.00,Pismis_24,261.35,-34.43333
NGC_6396,588,NGC_6396,353,1.04,1192,-37, 0.93, 7.51,NGC_6396,264.525,-35.0
Cl_Trumpler_27,589,Trumpler_27,355,2.11,1211,-16, 1.19, 7.06,Trumpler_27,264.08333,-33.50833
NGC_6383,590,NGC_6383,355,5.73,985,1, 0.30, 6.96,NGC_6383,263.7,-32.56667
NGC_6475,591,NGC_6475,355,7.0,301,-24, 0.10, 8.48,NGC_6475,268.45,-34.78333
Cl_Trumpler_28,592,Trumpler_28,356,1.95,1343,-7, 0.73, 7.29,Trumpler_28,264.25,-32.48333
NGC_6405,593,NGC_6405,356,2.83,487,-7, 0.14, 7.97,NGC_6405,265.075,-32.2
NGC_6416,594,NGC_6416,356,3.02,741,-20, 0.25, 8.09,NGC_6416,266.1,-32.36667
NGC_6425,595,NGC_6425,357,2.26,778,-22, 0.40, 7.35,NGC_6425,266.75875,-31.5
Cl_Ruprecht_130,596,Ruprecht_130,359,1.83,2100,-35, 1.20, 7.70,Ruprecht_130,266.9,-30.116670000000003
Cl_VDBH_245,597,vdBergh-Hagen_245,359,0.29,1000,-9, 2.25, 7.17,vdBergh-Hagen_245,266.6,-29.7
NGC_6451,598,NGC_6451,359,4.24,2080,-58, 0.67, 8.13,NGC_6451,267.675,-30.21667
Cl_Collinder_347,599,Collinder_347,359,4.4,1514,-9, 1.16, 7.08,Collinder_347,266.6,-29.3
C_1749-300,600,Basel_5,359,1.11,766,-25, 0.32, 8.87,Basel_5,268.1,-30.1
