Name,RA_2000,Dec_2000,l,b,Dist,Mod,EB-V,Age,ST,Z,Diam,Fe/H,MRV,pm RA,pm Dec,Measures,Stars
Berkeley 58,00 00 12,+60 58 00,116.753,-1.289,3715,14.55,0.55,8.40,,-83.6,5.0,,,,,525,519
Stock 18,00 01 37,+64 37 30,117.624,2.268,2800,14.41,0.70,6.78,B0,110.8,6.0,,,,,2261,2261
Berkeley 59,00 02 13,+67 25 11,118.22,5.00,1000,13.78,1.22,6.80,,87.2,20.4,,-6.50,-4.40,+00.73,27,21
Blanco 1,00 04 07,-29 50 00,15.572,-79.261,269,7.18,0.010,7.796,B5,-264.3,70.0,+0.23,,+20.17,+3.00,109,105
ASCC 1,00 09 35,+62 40 48,118.15,0.19,4000,13.51,0.16,8.25,,13.3,24.0,,-76.15,-2.07,+0.46,32,32
Berkeley 1,00 09 36,+60 28 30,117.796,-1.979,2420,14.35,0.78,8.60,,-83.6,5.0,,,,,2800,2800
King 13,00 10 06,+61 10 00,117.968,-1.306,3100,15.00,0.82,8.50,,-70.7,5.0,,,,,4253,3955
Alessi 20,00 10 33,+58 45 35,117.64,-3.69,450,8.95,0.22,8.22,,-29.0,36.0,,,7.48,-2.61,42,42
ASCC 2,00 19 51,+55 42 35,118.46,-6.89,1200,10.71,0.10,8.83,,-144.0,36.0,,,-0.91,-3.94,57,57
Mayer 1,00 21 54,+61 44 24,119.44,-0.93,1429,12.02,0.40,7.74,,-23.2,24.0,,-20.9,-5.27,-5.87,15146,15131
King 1,00 22 04,+64 22 50,119.763,1.690,1900,13.56,0.70,9.30,,56.0,9.0,,,,,2927,2927
Stock 20,00 25 15,+62 37 11,119.92,-0.10,909,10.41,0.20,8.53,B5,-1.6,19.2,,,-0.40,-1.12,23,23
NGC 0103,00 25 16,+61 19 24,119.797,-1.389,3026,13.66,0.406,8.126,B3,-73.4,4.0,,,,,43,43
Stock 21,00 29 49,+57 55 11,120.05,-4.83,1100,11.45,0.40,8.72,A1,-92.6,16.8,,,-0.12,-1.52,10,10
NGC 0129,00 30 00,+60 13 06,120.270,-2.543,1625,12.75,0.548,7.886,B5,-72.1,19.0,,-38.5,-1.06,+1.60,59,56
ASCC 3,00 31 08,+55 16 47,120.02,-7.48,1700,11.68,0.17,7.90,,-221.3,25.2,,-37.00,-1.92,-1.25,31,31
NGC 0133,00 31 19,+63 21 00,120.678,0.566,630,10.86,0.60,7.00,A4,6.2,7.0,,,-0.70,-0.40,26,26
NGC 0136,00 31 31,+61 30 36,120.558,-1.270,5220,15.76,0.70,8.40,,-115.7,1.5,,,,,874,874
King 14,00 31 54,+63 10 00,120.729,0.379,2593,13.35,0.414,7.924,B2,17.2,6.0,,,,,2623,2580
NGC 0146,00 33 03,+63 18 06,120.868,0.504,3032,13.90,0.480,7.822,B3,26.7,7.0,,,,,1177,1132
NGC 0189,00 39 35,+61 05 06,121.499,-1.744,752,10.68,0.42,7.00,A0,-22.9,3.0,,,,,14,14
Dias 1,00 42 35,+64 04 05,121.964,1.213,1690,14.49,1.08,7.10,,35.8,4.0,,,,,422,422
NGC 0225,00 43 39,+61 46 30,122.011,-1.083,657,9.94,0.274,8.114,B8,-12.4,12.0,,,-4.95,-0.50,67,45
Czernik 2,00 43 42,+60 09 00,121.968,-2.707,,,,,,,10.0,,,,,18459,18459
King 16,00 43 45,+64 11 08,122.095,1.326,1920,14.18,0.89,,B0,44.4,5.0,,,,,1400,1400
Berkeley 4,00 45 01,+64 23 05,122.238,1.522,2460,14.53,0.83,7.10,,65.3,24.0,,,-1.29,+00.12,1423,1402
NGC 0188,00 47 28,+85 15 18,122.843,22.384,2047,11.81,0.082,9.632,F2,779.5,17.0,-0.02,-44.00,-1.48,-0.56,7911,5949
Berkeley 61,00 48 30,+67 12 00,122.647,4.330,3335,16.00,1.09,8.30,,251.8,3.0,,,,,2087,2087
IC 1590,00 52 48,+56 37 00,123.123,-6.243,2940,13.33,0.32,6.54,B0,-319.7,29.0,,,,,50,50
ASCC 4,00 53 09,+61 34 48,123.13,-1.29,750,10.31,0.30,8.34,,-16.9,48.0,,-9.55,+0.11,-1.48,77,77
Alessi 1,00 53 27,+49 34 11,123.26,-13.30,800,9.82,0.10,8.85,,-184.0,54.0,,,6.51,-7.70,88,88
ASCC 5,00 57 57,+55 50 24,123.85,-7.02,1500,11.65,0.25,7.03,,-183.3,15.6,,-43.00,-3.10,-2.91,16,16
Berkeley 62,01 01 00,+63 57 00,123.982,1.098,1837,13.96,0.852,7.185,,35.2,5.0,,,,,28,14
NGC 0381,01 08 19,+61 35 00,124.939,-1.223,1148,11.54,0.40,8.505,A2,-24.5,6.0,+0.07,,+0.87,-1.34,219,207
Platais 2,01 13 01,+32 04 48,128.23,-30.57,201,6.67,0.05,8.54,,-102.2,204.0,,0.10,13.21,-9.98,466,466
NGC 0433,01 15 11,+60 07 36,125.888,-2.609,2323,14.50,0.86,7.50,B0,-105.7,2.0,,,,,20,20
NGC 0436,01 15 58,+58 48 42,126.111,-3.909,3014,13.82,0.460,7.926,B5,-205.5,5.0,,-74.4,,,44,44
NGC 0457,01 19 35,+58 17 12,126.635,-4.383,2429,13.39,0.472,7.324,B2,-185.6,20.0,,-34.00,-0.61,-1.90,3898,3886
NGC 0559,01 29 31,+63 18 24,127.193,0.750,1258,12.95,0.790,7.748,,16.5,6.0,,,,,7100,7100
NGC 0581,01 33 23,+60 39 00,128.053,-1.804,2194,12.89,0.382,7.336,B2,-69.1,5.0,,-37.00,-1.60,+0.66,330,325
Trumpler 1,01 35 42,+61 17 00,128.224,-1.133,2563,13.85,0.582,7.480,B2,-50.7,3.0,,,,,29,29
NGC 0637,01 43 04,+64 02 24,128.546,1.732,2160,13.64,0.634,6.980,B0,65.3,3.0,,-46.00,,,28,26
NGC 0654,01 44 00,+61 53 06,129.082,-0.357,2041,14.24,0.868,7.148,B0,-12.7,5.0,,-33.8,-1.34,-0.72,4,4
NGC 0659,01 44 24,+60 40 24,129.375,-1.534,1938,13.46,0.652,7.548,B0,-51.9,5.0,,,-2.67,+1.07,30,30
NGC 0663,01 46 09,+61 14 06,129.467,-0.941,1952,13.87,0.780,7.209,B1,-32.1,14.0,,-32.0,-1.49,-2.30,1649,1359
ASCC 6,01 47 13,+57 43 47,130.34,-4.34,1200,11.33,0.30,8.17,,-90.8,36.0,,-20.00,-1.02,-1.18,65,65
Collinder 463,01 48 24,+71 57 00,127.192,9.389,702,10.03,0.259,8.373,,114.5,29.0,,,-0.91,-0.90,121,84
Collinder 21,01 50 11,+27 04 00,138.733,-33.996,,,,,,,9.0,,,,,12,12
Berkeley 6,01 51 12,+61 05 00,130.094,-0.955,2300,14.25,0.78,8.00,,-38.3,5.0,,,,,4688,3311
IC 166,01 52 30,+61 50 00,130.071,-0.189,3970,16.25,1.050,8.629,,-13.1,7.0,-0.17,,,,9,9
Stock 4,01 52 58,+57 04 11,131.25,-4.81,1200,10.71,0.10,8.70,B5,-100.6,25.2,,,1.47,+01.18,52,52
Czernik 5,01 55 43,+61 21 01,130.558,-0.560,2750,15.92,1.20,8.45,,26.9,2.0,,,,,5355,5355
NGC 0752,01 57 41,+37 47 06,137.125,-23.254,457,8.40,0.034,9.050,A2,-180.4,75.0,-0.08,+4.7,+7.50,-11.50,3502,3120
NGC 0744,01 58 33,+55 28 24,132.404,-6.159,1207,11.60,0.384,8.248,B9,-129.5,5.0,,,-1.34,+1.15,26,22
ASCC 7,01 58 55,+58 58 12,131.54,-2.77,2000,13.06,0.50,7.36,,-96.7,30.0,,-49.00,-0.57,-3.08,36,36
Stock 5,02 04 30,+64 21 36,130.73,2.60,1100,11.45,0.40,7.73,B0,49.9,27.6,,-19.30,-0.85,-1.51,26,26
Stock 2,02 15 00,+59 16 00,133.334,-1.694,303,8.59,0.38,8.23,B8,-9.0,45.0,,,+17.29,-13.10,4243,4214
Basel 10,02 18 48,+58 19 00,134.300,-2.615,1944,13.84,0.774,7.608,,-88.7,2.0,,,,,33,33
NGC 0869,02 19 00,+57 07 42,134.632,-3.741,2079,13.37,0.575,7.069,B0,-135.6,18.0,,-53.00,-0.92,-1.66,1848,1846
Berkeley 63,02 19 36,+63 43 00,132.506,2.496,3305,15.40,0.90,8.70,,143.9,3.0,,,,,2563,2563
ASCC 8,02 20 49,+59 36 36,134.02,-1.33,2200,13.42,0.55,6.76,,-51.1,36.0,,-42.09,-1.24,+0.57,63,63
NGC 0884,02 22 18,+57 08 12,135.052,-3.582,2345,13.59,0.560,7.032,B0,-146.5,18.0,,-40.5,-1.61,+0.17,5412,4217
NGC 886,02 23 27,+63 46 12,132.89,2.69,1700,12.39,0.40,8.48,,79.8,18.0,,,1.24,+01.56,18,18
Tombaugh 4,02 29 10,+61 47 42,134.207,1.082,2170,14.81,1.01,9.00,,46.5,3.0,,,,,435,435
Stock 7,02 29 36,+60 39 00,134.65,0.10,698,11.10,0.606,7.214,B2,0.0,5.0,,-8.0,-3.33,+0.24,15,15
NGC 0956,02 32 30,+44 35 36,141.178,-14.624,,,,,,,9.0,,,,,8249,8249
IC 1805,02 32 42,+61 27 00,134.726,0.919,1886,13.93,0.822,6.822,O5,30.2,20.0,,-26.00,-2.10,-1.57,452,364
NGC 0957,02 33 21,+57 33 36,136.287,-2.645,1815,13.90,0.842,7.042,B1,-83.8,10.0,,-36.00,+1.11,+0.28,15035,14771
Czernik 9,02 33 32,+59 53 12,135.417,-0.487,1660,14.36,1.05,8.80,,-14.1,10.0,,,,,237,237
Trumpler 2,02 37 18,+55 59 00,137.377,-3.971,651,10.07,0.324,8.169,B9,-45.1,17.0,,+2.4,+1.86,-5.00,27,27
NGC 1039,02 42 05,+42 45 42,143.658,-15.613,499,8.71,0.070,8.249,B8,-134.3,35.0,-0.30,-7.8,-0.07,-7.10,282,202
NGC 1027,02 42 40,+61 35 42,135.758,1.525,772,10.45,0.325,8.203,B3,20.5,20.0,,+15.0,-1.90,+1.60,3096,3054
ASCC 9,02 46 55,+57 43 47,137.87,-1.76,2900,15.10,0.90,6.79,,-89.1,20.4,,-41.75,+0.76,-3.03,19,19
IC 1848,02 51 12,+60 26 00,137.191,0.920,2002,13.36,0.598,6.840,O7,32.1,18.0,,-22.00,-5.15,+0.35,2,2
Collinder 33,02 59 16,+60 24 00,138.09,1.34,1000,11.24,0.40,8.36,,23.4,43.2,,-6.75,2.70,+03.17,72,72
NGC 1193,03 05 32,+44 23 00,146.749,-12.199,4300,13.54,0.12,9.90,,-908.6,3.0,-0.29,,,,378,378
NGC 1252,03 10 49,-57 46 00,274.084,-50.831,640,9.09,0.02,9.48,,-496.2,14.0,,,,,377,364
Trumpler 3,03 11 49,+63 11 23,138.01,4.50,690,10.12,0.30,10.12,B5,54.1,60.0,,,-2.42,+00.89,12096,12030
NGC 1245,03 14 42,+47 14 12,146.647,-8.931,2876,13.22,0.300,8.704,B9,-446.5,9.0,+0.10,,,,33,29
King 5,03 14 45,+52 41 12,143.776,-4.287,1900,11.39,0.76,9.0,,-142.0,5.0,-0.38,-52.00,,,2889,2889
Stock 23,03 16 11,+60 02 59,140.08,2.09,380,8.70,0.26,7.51,B6,13.9,21.6,,-16.75,-1.34,-1.11,28,28
Melotte 20,03 22 00,+48 37 00,146.568,-5.862,185,6.61,0.090,7.854,B2,-18.9,300.0,,,,,1549,1469
ASCC 10,03 27 00,+35 02 24,155.60,-17.79,700,9.53,0.10,8.65,,-213.9,57.6,,,-3.08,-1.01,55,55
King 6,03 28 06,+56 27 00,143.361,-0.076,871,11.25,0.50,8.34,B8,-1.2,10.0,+0.46,,,,1329,1322
Alessi 13,03 28 12,-35 54 00,237.65,-55.71,110,5.33,0.04,8.72,,-90.9,384.0,,20.10,36.97,-3.18,933,933
Czernik 16,03 30 48,+52 39 00,145.837,-2.986,,,,,,,5.0,,,,,7551,7551
NGC 1342,03 31 38,+37 22 36,154.952,-15.342,665,10.10,0.319,8.655,A2,-175.9,15.0,-0.16,-10.9,-1.15,-2.80,55,37
ASCC 11,03 32 16,+44 50 24,150.56,-9.24,650,9.53,0.15,8.61,,-104.4,42.0,,-3.45,+0.15,-5.01,54,54
Berkeley 9,03 32 37,+52 39 04,146.062,-2.828,820,12.02,0.79,9.60,,-40.6,4.0,,,,,1571,1334
IC 348,03 44 30,+32 17 00,160.490,-17.802,385,10.81,0.929,7.641,B6,-117.7,7.0,,,+7.29,-7.70,2622,2070
Melotte 22,03 47 00,+24 07 00,166.571,-23.521,150,5.97,0.030,8.131,B5,-59.9,120.0,,+5.67,+19.88,-45.00,1382,1358
Juchert 11,03 47 18,+53 54 35,147.071,-0.508,2590,17.00,1.59,8.93,,-23.0,5.0,,,,,1009,1009
Tombaugh 5,03 47 48,+59 03 00,143.942,3.573,1750,13.70,0.80,8.30,,110,14.0,,,,,3424,3424
NGC 1444,03 49 25,+52 39 30,148.096,-1.292,1199,12.60,0.712,7.964,B0,-27.0,4.0,,,+2.34,-1.95,19,16
Alicante 1,03 59 12,+57 14 00,146.262,3.128,4000,16.08,0.67,6.48,,218.3,2.0,,,,,37,37
NGC 1496,04 04 32,+52 39 42,149.847,0.187,1230,11.84,0.45,8.80,,4.0,4.0,,,,,55,55
NGC 1502,04 07 50,+62 19 54,143.672,7.658,821,11.92,0.759,7.051,B0,109.4,8.0,,-18.00,+0.49,+0.50,143,130
NGC 1513,04 09 57,+49 30 54,152.590,-1.574,1320,12.68,0.67,8.11,,-36.3,10.0,,,+4.95,-3.50,3355,2667
NGC 1528,04 15 23,+51 12 54,152.057,0.258,776,10.25,0.258,8.568,A0,3.5,16.0,,-10.3,+1.37,-1.40,678,623
IC 361,04 19 00,+58 18 00,147.484,5.701,1070,13.61,1.117,7.718,,106.3,6.0,,,,,1471,1421
Berkeley 11,04 20 36,+44 55 00,157.082,-3.642,2881,15.23,0.947,7.719,,-183.0,5.0,,,+1.45,-2.37,26,24
NGC 1545,04 20 57,+50 15 12,153.359,0.184,711,10.20,0.303,8.448,B8,2.3,18.0,-0.06,-12.00,+0.25,+0.20,25,21
Melotte 25,04 26 54,+15 52 00,180.064,-22.343,45,3.30,0.010,8.896,A2,-17.1,330.0,+0.17,,,,58,55
NGC 1582,04 31 53,+43 49 00,159.303,-3.039,1100,11.29,0.35,8.48,B8,,15.0,,,,,1234,1234
NGC 1641,04 35 32,-65 45 00,277.203,-38.318,1200,10.71,0.10,9.20,,-744,11.0,,,,,148,148
Berkeley 67,04 37 49,+50 46 47,154.826,2.490,2450,14.40,0.79,9.00,,106.4,10.0,,,,,1039,1039
NGC 1624,04 40 38,+50 28 04,155.356,2.616,6025,16.38,0.80,6.60,,275,6.0,,,,,14,14
Berkeley 68,04 44 30,+42 04 00,162.125,-2.408,1678,13.20,0.671,8.391,,-70.5,12.0,,,-3.18,-2.33,133,129
NGC 1647,04 45 55,+19 06 54,180.337,-16.772,540,9.81,0.370,8.158,B8,-155.8,40.0,,-2.0,-1.77,-2.00,516,514
Alessi 2,04 46 15,+55 13 47,152.29,6.36,501,9.06,0.18,8.60,,55.5,33.6,,,-0.08,+00.31,41,41
NGC 1662,04 48 27,+10 56 12,187.695,-21.114,437,9.14,0.304,8.625,A0,-157.4,20.0,-0.09,-13.9,-1.93,-2.10,55,33
NGC 1663,04 48 58,+13 08 54,185.845,-19.735,700,9.85,0.20,9.30,,,12.0,,,,,133,133
ASCC 12,04 49 55,+41 43 47,163.03,-1.86,500,8.96,0.15,8.42,,-16.2,30.0,,,-0.62,-1.86,25,25
NGC 1664,04 51 06,+43 40 30,161.677,-0.446,1199,11.18,0.254,8.465,B8,-9.3,9.0,,+7.8,+1.96,-5.10,737,734
Berkeley 13,04 55 52,+52 48 00,155.066,5.927,2470,14.01,0.66,9.00,,254.9,7.0,,,,,1247,1247
Czernik 19,04 57 09,+28 46 47,174.099,-8.832,2525,14.25,0.85,8.00,,-387.7,14.0,,,,,852,852
Skiff J0458+43.0,04 58 14,+43 00 48,163.007,0.145,2125,12.19,0.18,8.95,,5.4,5.0,,,,,147,147
Berkeley 15,05 02 06,+44 30 43,162.258,1.619,3300,15.32,0.88,8.40,,93.2,8.0,,,,,1300,1300
NGC 1708,05 03 25,+52 50 59,155.74,6.85,600,9.88,0.32,8.76,,71.6,25.2,,,-3.52,+00.39,14,14
NGC 1746,05 03 50,+23 46 12,179.07,-10.65,760,10.18,0.25,8.19,B5,-140.5,68.4,,2.00,-1.87,-3.07,131,131
NGC 1750,05 03 55,+23 39 30,179.178,-10.695,630,10.05,0.34,8.30,,-116.9,20.0,,,-3.14,-2.91,477,456
Platais 4,05 06 53,+22 22 12,180.65,-10.90,276,7.98,0.25,8.24,,-52.2,150.0,,13.80,2.36,-6.33,252,252
NGC 1778,05 08 04,+37 01 24,168.903,-2.015,1469,11.88,0.336,8.155,B6,-51.7,8.0,,+10.00,+3.33,-3.21,35,32
King 17,05 08 24,+39 05 00,167.291,-0.731,3240,14.35,0.58,8.22,,-41.3,5.0,,,,,4314,3079
NGC 1802,05 10 15,+24 08 23,179.64,-9.24,400,8.78,0.25,8.66,,-64.2,36.0,,,-0.48,-8.23,25,25
NGC 1807,05 10 43,+16 31 18,186.088,-13.495,,,,,A2,,15.0,,,,,416,408
NGC 1798,05 11 39,+47 41 30,160.703,4.850,3550,13.90,0.37,9.20,,300.1,5.0,,,,,1575,1575
NGC 1817,05 12 15,+16 41 24,186.156,-13.096,1972,12.51,0.334,8.612,A0,-446.8,16.0,-0.26,,+1.02,-6.51,2213,2143
ASCC 13,05 13 19,+44 34 48,163.40,3.26,800,10.14,0.20,7.71,,45.5,84.0,,-7.30,-0.75,-1.66,158,158
NGC 1901,05 18 15,-68 26 12,279.022,-33.603,415,8.28,0.06,8.92,,-229.7,15.0,,,+1.69,+9.50,68,45
NGC 1857,05 20 05,+39 19 30,168.405,1.259,,,,,A0,,6.0,,,,,14,14
ASCC 14,05 20 31,+35 13 12,171.83,-1.03,1100,10.77,0.18,8.61,,-19.8,26.4,,-16.87,-0.91,-5.98,26,26
Berkeley 17,05 20 36,+30 36 00,175.646,-3.648,2700,14.33,0.70,10.08,,-171.8,7.0,-0.33,-84.00,,,2473,2473
ASCC 15,05 22 37,+36 32 59,170.98,0.07,1400,11.60,0.28,8.60,,1.7,24.0,,,-0.08,-6.58,18,18
NGC 1893,05 22 44,+33 24 42,173.585,-1.680,3280,14.38,0.581,7.027,,-96.2,11.0,,-4.7,+0.54,-4.03,3918,3537
Berkeley 19,05 24 06,+29 36 00,176.901,-3.588,4831,14.66,0.40,9.49,,-302.3,4.0,,,,,6,6
ASCC 16,05 24 35,+01 47 59,200.98,-18.35,460,8.59,0.09,6.93,,-144.8,74.4,,0.75,+0.75,-0.18,119,119
ASCC 17,05 25 12,+30 10 12,176.56,-3.08,2000,12.50,0.32,7.12,,-107.5,30.0,,-16.00,+1.33,-6.39,29,29
NGC 1896,05 25 40,+29 17 59,177.34,-3.48,820,10.03,0.15,8.80,,-49.8,22.8,,,0.54,-8.03,19,19
NGC 1883,05 25 54,+46 29 24,163.083,6.159,4800,14.12,0.23,9.00,,515.0,3.0,-0.22,-30.6,,,403,403
Collinder 65,05 26 05,+15 41 59,188.86,-10.86,310,7.86,0.13,7.41,,-58.4,288.0,,17.40,1.16,-6.46,902,902
ASCC 18,05 26 09,+00 49 12,202.08,-18.49,500,8.68,0.06,7.12,,-158.6,74.4,,13.39,+0.89,-0.02,105,105
Czernik 21,05 26 30,+36 00 00,171.880,0.415,3000,15.05,0.86,9.20,,21.7,7.0,,,,,1831,1831
ASCC 19,05 27 46,-01 58 48,204.88,-19.47,350,7.75,0.01,7.64,,-116.7,96.0,,19.30,+0.61,-0.68,125,125
NGC 1907,05 28 05,+35 19 30,172.619,0.306,1556,12.25,0.415,8.567,B3,8.3,7.0,,+0.1,-1.88,-1.63,15,15
Stock 8,05 28 08,+34 25 42,173.371,-0.183,1821,12.68,0.445,7.056,B0,-5.8,14.0,,,-0.99,-5.39,7925,7924
NGC 1912,05 28 40,+35 50 54,172.250,0.695,1066,10.91,0.248,8.463,B4,12.9,20.0,,-1,-0.05,-5.70,117,95
ASCC 20,05 28 44,+01 37 47,201.67,-17.53,450,8.39,0.04,7.35,,-135.5,90.0,,17.62,-0.09,+0.51,177,177
ASCC 21,05 28 58,+03 39 00,199.86,-16.49,500,8.59,0.03,7.11,,-141.9,96.0,,19.90,+0.52,-0.62,192,192
NGC 1931,05 31 25,+34 14 42,173.898,0.281,3086,14.73,0.738,7.002,,15.1,5.0,,,,,8,8
Berkeley 20,05 33 00,+00 13 00,203.483,-17.373,8400,14.99,0.12,9.78,,-2508.2,2.0,-0.75,,,,16,16
Collinder 69,05 35 06,+09 56 00,195.048,-12.003,441,8.54,0.103,7.050,O8,-91.7,70.0,,,+0.45,-2.40,545,487
NGC 1981,05 35 09,-04 24 00,208.06,-18.96,400,8.16,0.05,7.50,B1,-130.0,30.0,,27.94,1.01,+01.14,20,20
NGC 1976,05 35 16,-05 23 24,209.010,-19.386,399,8.16,0.05,7.11,O6,-132.4,47.0,,,+1.67,-0.30,4946,4021
NGC 1977,05 35 24,-04 49 12,208.48,-19.10,500,8.65,0.05,7.08,,-163.6,25.2,,25.26,2.42,-1.90,12,12
NGC 1980,05 35 24,-05 54 35,209.51,-19.60,550,8.86,0.05,6.67,B1,-184.5,25.2,,25.34,0.83,-0.36,18,18
Collinder 70,05 35 31,-01 06 00,205.03,-17.35,391,8.09,0.04,6.71,,-116.6,180.0,,19.49,0.36,-0.68,501,501
NGC 1960,05 36 18,+34 08 24,174.535,1.072,1318,11.29,0.222,7.468,B2,24.7,10.0,,-4.0,+0.15,-4.05,1470,1220
NGC 1996,05 38 02,+25 46 12,181.80,-3.11,1400,11.20,0.15,8.45,,-76.0,24.0,,,0.58,-4.35,17,17
Sigma Ori,05 38 42,-02 36 00,206.811,-17.346,,,,,,,10.0,,,+1.68,+1.73,684,530
Stock 10,05 39 00,+37 55 48,171.62,3.55,380,8.15,0.08,8.42,B7,23.5,38.4,,-8.15,-3.34,-1.57,41,41
Berkeley 71,05 40 56,+32 16 42,176.626,0.898,3900,15.59,0.85,8.80,,61.1,5.0,,,,,1117,1117
King 8,05 49 24,+33 38 00,176.395,3.119,6403,15.83,0.580,8.618,B0,348.4,4.0,-0.46,,,,8,8
Berkeley 72,05 50 18,+22 12 00,186.315,-2.575,3810,15.35,0.79,8.78,,-171.2,2.0,,,,,2013,2013
Berkeley 21,05 51 42,+21 47 00,186.840,-2.509,5000,15.85,0.76,9.34,,-218.9,5.0,-0.83,,,,1567,1567
NGC 2099,05 52 18,+32 33 12,177.635,3.091,1383,11.64,0.302,8.540,B9,74.6,14.0,+0.08,+7.7,+3.78,-7.09,19570,17076
NGC 2112,05 53 45,+00 24 36,205.872,-12.615,850,11.60,0.63,9.301,,-185.6,18.0,-0.11,+39.00,,,1274,1194
Berkeley 22,05 58 24,+07 50 00,199.877,-8.079,7663,16.59,0.700,9.027,,-1076.9,1.0,-0.30,,,,1494,1494
NGC 2129,06 00 41,+23 19 06,186.555,0.056,1515,12.90,0.646,7.318,B1,1.5,5.0,,-6.3,+2.22,-1.66,700,695
NGC 2126,06 02 32,+49 52 00,163.237,13.129,1200,11.00,0.20,9.10,,295,5.0,,,,,3226,2563
NGC 2143,06 03 07,+05 46 11,202.19,-8.02,800,9.52,0.00,9.15,,-111.6,25.2,,,2.85,+02.40,17,17
IC 2156,06 04 51,+24 09 30,186.295,1.300,2100,13.70,0.67,8.40,,47.6,3.0,,,,,553,553
IC 2157,06 05 00,+24 00 00,186.382,1.246,2040,13.25,0.548,7.800,B0,44.4,5.0,,,-1.71,-3.90,2036,2017
NGC 2158,06 07 25,+24 05 48,186.634,1.781,5071,14.64,0.360,9.023,F0,157.6,5.0,-0.23,+28.00,,,2392,2392
NGC 2169,06 08 24,+13 57 54,195.608,-2.934,1052,10.73,0.199,7.067,B1,-53.8,5.0,,+17.00,-4.21,-2.45,8,8
NGC 2168,06 09 00,+24 21 00,186.587,2.219,816,10.37,0.262,7.979,B3,31.6,25.0,-0.16,+17.7,+1.85,-3.00,9204,7624
Dias 2,06 09 11,+04 35 35,203.966,-7.254,2835,14.15,0.61,8.90,,-358.0,11.0,,,,,1440,1440
NGC 2175,06 09 39,+20 29 12,190.043,0.482,1627,12.91,0.598,6.953,,13.7,5.0,,+22.00,+1.80,-2.26,14,14
NGC 2184,06 11 13,-03 26 24,211.41,-10.52,640,9.28,0.08,8.37,,-116.9,24.0,,,-3.59,-1.93,20,20
NGC 2186,06 12 07,+05 27 30,203.545,-6.193,1445,11.64,0.272,7.738,,-155.9,5.0,,,,,40,23
NGC 2194,06 13 45,+12 48 24,197.250,-2.349,3781,14.08,0.383,8.515,,-155.0,9.0,,,-0.31,-4.39,289,278
ASCC 22,06 14 31,+00 38 23,208.12,-7.92,1500,11.50,0.20,8.42,,-206.7,21.6,,,-5.01,-3.88,25,25
Skiff J0614+12.9,06 14 48,+12 52 24,197.314,-2.093,3150,14.26,0.57,8.40,,-115.0,7.0,,,,,85,85
NGC 2192,06 15 17,+39 51 18,173.415,10.654,2500,12.11,0.04,9.30,,462.2,5.0,,,,,677,677
Platais 6,06 15 25,+03 55 12,205.30,-6.19,348,7.71,0.00,7.79,,-37.5,188.4,,26.00,-4.45,-4.27,601,601
NGC 2204,06 15 33,-18 39 54,226.014,-16.107,2629,12.36,0.085,8.896,,-729.4,10.0,-0.33,+59.00,,,44,44
NGC 2202,06 16 51,+06 00 00,203.62,-4.90,900,9.77,0.00,8.74,,-76.9,14.4,,,0.42,+01.52,11,11
Collinder 89,06 19 29,+23 17 59,188.65,3.83,800,11.00,0.48,7.50,B0,53.4,60.0,,26.23,0.42,-2.15,108,108
ASCC 23,06 20 20,+46 40 11,167.52,14.42,600,9.11,0.07,8.45,,149.4,43.2,,,+1.31,-0.59,58,58
NGC 2215,06 20 49,-07 17 00,215.993,-10.102,1293,11.49,0.300,8.369,,-226.8,7.0,,,+2.61,-5.60,12,12
NGC 2232,06 28 01,-04 50 48,214.432,-7.542,359,7.87,0.030,7.727,B3,-47.1,45.0,,+20.00,-3.37,-3.10,20,20
ASCC 24,06 28 44,-07 01 11,216.64,-8.23,400,8.44,0.14,6.96,,-57.3,42.0,,16.35,-5.55,-4.05,34,34
Alessi 53,06 29 24,+09 10 55,202.26,-0.66,4570,15.78,0.80,8.40,,-52.6,3.5,,,,,4971,4971
NGC 2243,06 29 34,-31 17 00,239.478,-18.014,4458,13.40,0.051,9.653,,-1378.6,5.0,-0.44,+62.00,,,3711,3711
NGC 2236,06 29 39,+06 49 48,204.370,-1.699,2930,13.82,0.479,8.538,,-86.9,7.0,,,,,35,35
Collinder 96,06 30 18,+02 52 00,207.964,-3.386,962,11.50,0.510,7.031,,-56.8,12.0,,,+0.44,-1.64,24,12
Collinder 95,06 31 04,+09 53 59,201.81,0.03,556,9.03,0.10,8.36,,0.3,24.0,,-11.00,-1.81,-4.62,18,18
Collinder 97,06 31 18,+05 55 00,205.370,-1.758,630,9.00,0.00,8.00,B0,-19.3,25.0,,,-0.76,-2.50,35,28
NGC 2244,06 31 55,+04 56 30,206.306,-2.072,1445,12.23,0.463,6.896,O5,-52.2,29.0,,+36.6,-0.65,+0.67,1873,1367
NGC 2240,06 33 10,+35 15 00,179.21,11.84,450,8.79,0.17,9.50,,92.3,32.4,,,1.92,-12.88,33,33
Basel 8,06 34 12,+08 05 00,203.779,-0.120,1328,11.76,0.370,8.102,,-2.8,29.0,,,,,32,32
NGC 2251,06 34 38,+08 22 00,203.577,0.106,1329,11.19,0.186,8.427,,2.5,10.0,-0.08,+24.7,,,18,18
NGC 2252,06 34 42,+05 22 00,206.248,-1.261,,,,,A0,,18.0,,,,,30,30
NGC 2254,06 35 49,+07 40 24,204.327,0.047,2364,13.10,0.398,8.307,,1.9,5.0,,,,,28,28
Ruprecht 1,06 36 25,-14 10 48,223.99,-9.69,1100,10.67,0.15,8.76,,-185.1,30.0,,,2.20,+00.10,34,34
vdBergh 1,06 37 00,+03 04 00,208.555,-1.808,1687,13.34,0.710,8.025,,-53.2,5.0,,+18.9,+3.76,-4.78,20,20
Collinder 106,06 37 22,+05 56 59,206.03,-0.41,1600,11.73,0.23,6.74,B0,-11.4,62.4,,28.72,-1.98,+01.47,105,105
Collinder 107,06 37 42,+04 44 00,207.154,-0.888,1738,12.87,0.54,7.00,B0,-26.9,29.0,,,,,46,46
Collinder 110,06 38 24,+02 01 00,209.649,-1.978,1950,13.00,0.50,9.15,,-67.3,18.0,,,+0.59,-1.41,1860,1858
NGC 2264,06 40 58,+09 53 42,202.936,2.196,667,9.28,0.051,6.954,O7,25.6,39.0,-0.15,+25.5,-1.13,-3.80,7216,6115
Berkeley 25,06 41 16,-16 29 12,226.61,-9.69,11300,15.79,0.17,9.60,,-1902.0,2.0,-0.38,,,,644,644
NGC 2269,06 43 17,+04 37 30,207.887,0.299,1687,12.37,0.398,8.416,,8.8,3.0,,,,,24,12
NGC 2266,06 43 19,+26 58 12,187.790,10.294,3400,12.97,0.10,8.80,,607.6,5.0,,,,,1153,1115
NGC 2270,06 43 58,+03 28 48,208.98,-0.07,1400,10.92,0.06,8.64,,-1.7,38.4,,40.00,-0.17,-3.12,74,74
Dolidze 25,06 45 06,+00 18 00,211.942,-1.273,6304,16.22,0.717,6.840,,-140.1,20.0,,+71.00,+1.81,-1.98,31,24
ASCC 25,06 45 32,+24 36 00,190.18,9.72,1400,11.23,0.16,8.86,,236.4,25.2,,21.50,+0.96,-3.26,14,14
NGC 2287,06 46 01,-20 45 24,231.020,-10.444,693,9.29,0.027,8.385,B3,-125.6,39.0,+0.04,+25.8,-4.38,-0.90,93,91
NGC 2286,06 47 40,-03 08 54,215.306,-2.273,2897,12.84,0.170,8.883,,-114.9,14.0,,,+2.08,-2.48,61,61
NGC 2281,06 48 17,+41 04 42,174.901,16.881,558,8.93,0.063,8.554,A0,162.0,25.0,+0.13,+11.00,-4.49,-7.90,194,146
Bochum 2,06 48 54,+00 23 00,212.302,-0.390,2661,14.70,0.831,6.665,,-18.1,1.5,,+66.3,,,4,4
Berkeley 75,06 48 59,-23 59 30,234.30,-11.12,9800,15.20,0.08,9.48,,-1890.1,3.0,-0.68,,,,576,576
Berkeley 26,06 50 15,+05 43 48,207.694,2.346,4300,15.50,0.75,9.60,,176.0,4.0,,,,,1829,1829
ASCC 26,06 50 24,+07 15 00,206.35,3.06,800,9.92,0.13,8.09,,42.7,20.4,,8.00,-3.05,-0.50,18,18
NGC 2301,06 51 45,+00 27 36,212.558,0.279,872,9.79,0.028,8.216,B8,4.2,14.0,+0.06,+21.2,-1.32,-4.90,89,77
NGC 2302,06 51 55,-07 05 00,219.297,-3.117,1182,11.00,0.207,7.847,,-64.3,5.0,,,,,10,10
Berkeley 29,06 53 18,+16 55 00,197.983,8.025,14871,13.92,0.157,9.025,,680.0,6.0,-0.18,,,,1651,1649
ASCC 27,06 53 52,-04 23 23,217.11,-1.46,1200,10.68,0.09,8.75,,-30.6,24.0,,,-2.36,-3.72,27,27
ASCC 28,06 54 03,+00 10 11,213.38,0.50,800,9.67,0.05,8.34,,7.0,36.0,,22.70,-1.68,-1.10,62,62
ASCC 29,06 54 18,-01 39 00,214.72,-0.12,750,9.53,0.05,8.06,,-1.6,26.4,,13.50,-0.49,-0.35,46,46
NGC 2306,06 54 28,-07 13 11,219.70,-2.62,1200,10.55,0.05,8.85,,-54.9,20.4,,,-0.98,+01.91,20,20
NGC 2304,06 55 11,+17 59 18,197.207,8.897,3991,13.32,0.10,8.90,,617.2,3.0,-0.32,,,,2052,2052
ASCC 30,06 56 59,-06 12 36,219.09,-1.60,800,9.98,0.15,8.20,,-22.3,31.2,,,-2.89,+0.60,46,46
Berkeley 33,06 57 42,-13 13 00,225.424,-4.622,7000,15.00,0.30,8.90,,-564.1,4.0,,,,,12,12
NGC 2311,06 57 46,-04 36 36,217.75,-0.70,2000,12.12,0.20,8.60,,-24.4,18.0,,,-3.20,+02.77,22,22
Berkeley 32,06 58 06,+06 26 00,207.952,4.404,3100,12.95,0.16,9.53,,238.0,6.0,-0.58,+101.0,,,1741,1726
Tombaugh 1,07 00 29,-20 34 00,232.334,-7.314,3000,13.63,0.40,9.00,,-381.9,5.0,,,,,23,23
NGC 2319,07 00 43,+03 02 23,211.28,3.44,1100,10.36,0.05,8.61,,66.0,24.0,,,-0.54,-1.55,24,24
ASCC 31,07 00 53,+03 30 00,210.89,3.69,600,9.36,0.15,8.63,,38.6,20.4,,,+1.20,-1.38,15,15
ASCC 32,07 01 58,-26 30 00,237.88,-9.61,750,9.62,0.08,8.18,,-125.2,60.0,,,-3.39,+1.97,164,164
NGC 2323,07 02 42,-08 23 00,221.672,-1.331,929,10.50,0.213,8.096,B6,-21.6,14.0,,+9.5,+0.61,-1.90,270,176
Tombaugh 2,07 03 05,-20 49 00,232.832,-6.880,13260,15.86,0.08,9.01,,-390.5,3.0,-0.36,+114.0,,,40,40
ASCC 33,07 03 10,-25 02 59,236.67,-8.73,800,9.67,0.05,7.26,,-121.4,108.0,,15.00,-3.78,+3.78,487,487
Bochum 3,07 03 24,-05 03 00,218.789,0.350,1762,11.97,0.24,7.89,,10.8,4.0,,,,,6,6
vdBergh 92,07 03 54,-11 29 23,224.57,-2.49,1500,11.65,0.25,7.59,,-65.2,24.0,,17.33,-5.22,+02.52,35,35
NGC 2324,07 04 07,+01 02 42,213.447,3.297,3805,13.30,0.127,8.630,B9,218.8,7.0,-0.52,+41.81,-1.70,-2.77,28,26
Haffner 4,07 06 12,-14 59 00,227.940,-3.586,4500,14.82,0.50,8.70,,-281.5,5.0,,,,,6078,6078
Ruprecht 10,07 06 25,-20 05 00,232.553,-5.854,2900,13.49,0.38,9.04,295.8,,4.0,,,,,5396,5396
Berkeley 76,07 06 41,-11 43 30,225.093,-1.991,12600,17.21,0.55,9.18,,-437.8,5.0,,,,,3433,3433
NGC 2335,07 06 49,-10 01 42,223.600,-1.183,1417,11.98,0.393,8.210,B9,-29.3,6.0,-0.03,,-0.91,-3.18,62,62
Ruprecht 12,07 07 19,-28 13 11,239.97,-9.29,900,9.93,0.05,7.56,,-145.3,20.4,,,-3.77,+01.34,11,11
NGC 2343,07 08 06,-10 37 00,224.268,-1.173,1056,10.48,0.118,7.104,A0,-21.6,5.0,-0.30,,-2.09,-1.41,227,186
NGC 2345,07 08 18,-13 11 36,226.580,-2.314,2251,13.67,0.616,7.853,A2,-90.9,12.0,,,,,65,65
Haffner 23,07 09 18,-16 55 12,230.00,-3.81,1000,10.31,0.10,8.84,,-66.4,24.0,,,-3.70,-0.63,25,25
ASCC 34,07 10 30,+06 04 12,209.67,6.99,550,8.83,0.04,8.55,,66.9,36.0,,,-2.36,-1.87,39,39
Dias 3,07 10 31,-08 25 39,222.600,0.365,4650,15.30,0.64,9.15,,29.6,16.0,,,,,2223,2223
Alessi 21,07 10 47,-09 20 24,223.44,0.00,500,8.71,0.07,7.47,,0.0,60.0,,38.80,-3.65,+03.04,154,154
ASCC 35,07 12 39,+02 07 11,213.46,5.68,800,9.70,0.06,8.49,,79.2,48.0,,,-2.68,-0.94,77,77
NGC 2354,07 14 10,-25 41 24,238.368,-6.792,4085,14.01,0.307,8.126,,-483.1,18.0,,+33.4,-2.44,-2.96,73,51
NGC 2353,07 14 30,-10 16 00,224.685,0.384,1119,10.47,0.072,7.974,B0,7.5,18.0,,+38,-2.49,+0.00,5359,5322
ASCC 36,07 14 31,-21 07 12,234.31,-4.64,750,9.38,0.00,8.51,,-60.7,21.6,,,-2.15,-0.87,23,23
Collinder 132,07 15 20,-30 41 00,242.989,-8.802,472,8.48,0.037,7.080,B3,-72.2,80.0,,,-2.01,+2.90,11,11
Alessi 3,07 16 19,-46 36 36,257.84,-15.37,288,7.64,0.11,8.87,,-76.3,66.0,,,-11.63,+12.61,92,92
NGC 2358,07 16 55,-17 08 59,231.05,-2.30,630,9.06,0.02,8.72,,-25.3,32.4,,,-0.40,-1.17,64,64
NGC 2355,07 16 59,+13 45 00,203.390,11.803,2200,12.08,0.12,8.85,,450.0,7.0,-0.07,+35.13,-2.5,-3.0,41,41
Basel 11A,07 17 06,-13 58 00,228.256,-0.776,1520,10.91,0.0,8.30,,-20.6,5.0,,,,,44,44
Collinder 135,07 17 17,-36 49 00,248.765,-11.132,316,7.60,0.032,7.407,B3,-61.0,50.0,,+34.00,-10.70,+5.30,118,84
NGC 2360,07 17 43,-15 38 30,229.807,-1.426,1887,11.72,0.111,8.749,B8,-47.0,13.0,-0.15,+29.00,-3.51,+8.07,264,174
ASCC 37,07 18 03,-24 28 47,237.69,-5.46,1600,11.02,0.00,8.73,,-152.2,19.2,,,-3.04,+0.81,23,23
Saurer 1,07 18 18,+01 53 12,214.686,7.388,13200,15.97,0.12,9.85,,1697.4,4.0,,,,,2,2
NGC 2362,07 18 41,-24 57 18,238.179,-5.548,1389,11.01,0.095,6.914,O8,-134.3,5.0,,+42.2,-2.29,+3.03,755,485
Haffner 6,07 20 06,-13 08 00,227.861,0.258,3054,13.82,0.450,8.826,,13.8,6.0,,,,,10,10
NGC 2367,07 20 06,-21 52 54,235.596,-3.837,2004,12.54,0.331,6.737,B3,-134.1,5.0,,+41.00,,,1678,1568
Berkeley 37,07 20 24,-01 06 00,217.230,5.935,4555,13.65,0.12,8.95,,471.0,4.0,,,,,1652,1652
Berkeley 77,07 21 27,-03 14 01,219.253,5.181,4630,13.70,0.12,8.80,,418.1,5.0,,,,,1359,1359
King 23,07 21 48,-00 59 00,215.529,7.202,3113,12.95,0.16,8.95,,390.3,5.0,,,,,446,446
Haffner 7,07 22 55,-29 30 00,242.673,-6.804,4500,13.67,0.13,9.18,,533.1,3.0,,,,,8319,8319
Collinder 140,07 23 12,-32 02 00,244.930,-7.591,405,8.13,0.030,7.548,B3,-53.5,29.0,-0.10,+10.5,-7.33,+2.70,17,15
Haffner 8,07 23 24,-12 20 00,227.533,1.345,1182,10.46,0.03,9.15,,27.7,5.0,+0.06,,,,17,17
NGC 2374,07 23 56,-13 15 48,228.415,1.020,1468,11.11,0.090,8.463,,26.1,12.0,,+27.2,-4.65,-1.10,36,29
Haffner 9,07 24 30,-17 00 00,231.771,-0.628,,,,,,,4.0,,,,,7342,7342
Ruprecht 18,07 24 39,-26 13 00,239.928,-4.941,1056,12.29,0.700,7.648,,-91.0,7.0,-0.01,,,,16,16
NGC 2383,07 24 40,-20 56 54,235.270,-2.461,1655,11.75,0.213,7.167,A3,-71.1,5.0,,,,,11,11
NGC 2384,07 25 10,-21 01 18,235.390,-2.393,2116,12.42,0.255,6.904,B0,-88.4,5.0,,+51.00,,,226,211
Waterloo 7,07 26 08,-15 05 36,230.279,0.622,2800,13.54,0.42,,,30.4,2.6,,,,,13,13
Melotte 66,07 26 23,-47 40 00,259.559,-14.244,4313,13.62,0.143,9.445,A0,-1061.2,14.0,-0.35,+23.00,,,6,6
Ruprecht 20,07 26 43,-28 49 00,242.451,-5.752,1208,10.72,0.10,8.50,,-121.1,5.0,,,,,11,11
ASCC 38,07 27 10,-05 33 00,221.97,5.36,500,8.71,0.07,8.60,,46.7,31.2,,,-6.44,+1.34,39,39
NGC 2395,07 27 12,+13 36 30,204.605,13.988,512,8.92,0.120,9.070,,123.8,14.0,,,-3.36,-6.02,216,168
Trumpler 7,07 27 22,-23 57 00,238.213,-3.332,1474,11.67,0.266,7.430,,-85.7,5.0,,+34.00,,,138,122
NGC 2396,07 28 01,-11 43 12,227.52,2.63,588,9.00,0.05,8.52,,27.0,26.4,,17.70,-2.00,-1.40,51,51
Czernik 29,07 28 18,-15 24 00,230.798,0.935,4168,14.59,0.48,8.30,,68.0,5.0,,,,,654,654
Haffner 10,07 28 36,-15 23 00,230.817,1.007,3700,15.21,0.52,9.40,,65.0,3.0,,,,,1480,999
NGC 2394,07 28 36,+07 05 12,210.783,11.469,660,9.25,0.05,9.05,,131.1,8.0,,,,,131,131
NGC 2401,07 29 24,-13 58 00,229.665,1.854,6300,15.11,0.36,7.40,,203.8,2.0,,,,,3261,3261
Bochum 4,07 31 37,-17 11 36,232.753,0.774,2291,13.75,0.63,7.00,,30.9,5.0,,,-2.59,+0.80,25,25
ASCC 39,07 33 00,-22 57 00,237.95,-1.72,1500,10.88,0.00,8.71,,-45.0,36.0,,,-3.37,+1.85,61,61
NGC 2414,07 33 12,-15 27 12,231.412,1.946,3455,14.27,0.508,6.976,,117.3,5.0,,+64.5,-3.44,+0.66,165,133
ASCC 40,07 33 35,-13 45 36,229.97,2.84,700,9.57,0.11,8.58,,34.7,21.6,,,-2.07,+2.70,36,36
Haffner 11,07 35 25,-27 43 00,242.395,-3.544,6100,15.70,0.57,8.70,,-377.1,5.0,,,,,7665,7665
NGC 2421,07 36 13,-20 36 42,236.271,0.069,2181,13.10,0.453,7.367,,2.6,7.0,,,,,22,22
NGC 2422,07 36 35,-14 29 00,230.958,3.130,490,8.67,0.070,7.861,B3,26.8,25.0,,,-7.15,+1.10,1310,1299
NGC 2423,07 37 06,-13 52 18,230.484,3.537,766,9.72,0.097,8.867,B5,47.3,12.0,+0.14,+18.1,+0.55,-2.50,57,46
Ruprecht 26,07 37 11,-15 38 59,232.05,2.69,1440,11.10,0.10,7.49,,67.6,24.0,,15.00,-3.38,-1.34,46,46
Melotte 71,07 37 30,-12 04 00,228.949,4.498,3154,12.84,0.113,8.371,,247.4,7.0,-0.30,,,,42,42
Ruprecht 27,07 37 30,-26 31 48,241.58,-2.57,560,9.21,0.15,8.41,,-25.1,21.6,,,-3.65,+02.65,29,29
NGC 2425,07 38 22,-14 52 54,231.50,3.31,3400,13.62,0.31,9.40,,196.3,5.0,,,,,5980,3760
NGC 2420,07 38 23,+21 34 24,198.107,19.634,3085,12.54,0.029,9.048,,1036.6,5.0,-0.26,+84.00,,,217,217
NGC 2428,07 39 25,-16 31 48,233.08,2.72,2100,11.77,0.05,8.68,,99.7,14.4,,,-2.02,+01.12,23,23
NGC 2430,07 39 35,-16 21 00,232.94,2.85,650,9.59,0.17,8.68,,32.3,14.4,,,-4.07,+01.28,17,17
ESO 493-03,07 39 45,-27 17 36,242.494,-2.499,1400,11.04,0.10,8.60,,-61.3,18.0,,,0.44,2.31,19,19
Bochum 15,07 40 06,-33 32 00,247.988,-5.483,2806,14.03,0.576,6.742,,-268.1,3.0,,,,,38,38
Haffner 13,07 40 30,-30 04 47,245.00,-3.73,714,9.42,0.05,7.51,B9,-46.4,57.6,,68.00,-6.44,+05.40,114,114
NGC 2439,07 40 45,-31 41 36,246.442,-4.467,3855,14.19,0.407,7.251,B2,-300.2,9.0,,+68.0,-2.22,+3.13,416,294
NGC 2432,07 41 16,-19 08 59,235.58,1.82,2030,11.91,0.12,8.18,,64.5,24.0,,14.40,-3.68,+01.62,30,30
Ruprecht 151,07 41 16,-16 17 24,233.09,3.23,2100,12.23,0.20,8.49,,118.3,24.0,,,-4.30,+02.10,35,35
NGC 2437,07 41 46,-14 48 36,231.858,4.064,1375,11.17,0.154,8.390,B9,97.4,20.0,+0.05,+48.1,-4.54,+0.58,1271,1167
Ruprecht 31,07 42 57,-35 35 59,250.09,-5.98,480,8.69,0.09,8.56,,-50.0,15.6,,,-4.73,+02.20,11,11
NGC 2451A,07 43 12,-38 24 00,252.575,-7.298,189,6.41,0.01,7.78,B7,-24.0,120.0,+0.0,,,,165,165
NGC 2451B,07 44 27,-37 40 00,252.051,-6.726,302,7.57,0.055,7.648,B7,-35.4,108.0,-0.45,,-10.07,+5.45,49,49
NGC 2447,07 44 30,-23 51 24,240.039,0.135,1037,10.22,0.046,8.588,B9,2.4,10.0,,+21.7,-4.85,+4.47,70,61
NGC 2448,07 44 34,-24 40 48,240.76,-0.26,1040,10.15,0.02,7.19,,-4.7,36.0,,15.00,-3.80,+04.69,74,74
Haffner 14,07 44 51,-28 22 00,243.986,-2.050,,,,,,,10.0,,,,,13,13
Ruprecht 32,07 45 10,-25 32 00,241.566,-0.573,5346,15.19,0.50,7.08,,-53.5,5.0,,,,,16,16
Haffner 15,07 45 32,-32 51 00,247.952,-4.158,2078,15.13,1.141,7.166,,-150.7,3.0,,,,,3086,3076
Ruprecht 34,07 45 55,-20 23 00,237.195,2.157,,,,,,,6.0,,,,,10,10
Berkeley 39,07 46 42,-04 36 00,223.462,10.095,4780,13.77,0.12,9.90,,837.8,7.0,-0.17,+55.00,,,60,60
ASCC 41,07 47 02,+00 01 11,219.35,12.35,370,7.90,0.02,8.44,,79.1,43.2,,,+1.93,-3.93,43,43
NGC 2453,07 47 35,-27 11 42,243.275,-0.940,2150,13.04,0.446,7.187,B0,-35.3,4.0,,,,,93,93
Ruprecht 36,07 48 23,-26 18 00,242.593,-0.333,1681,11.64,0.166,7.606,,-9.8,5.0,,,,,87,87
Haffner 16,07 50 20,-25 28 00,242.097,0.467,3165,13.04,0.175,7.078,,25.8,5.0,,,-3.26,+0.99,1208,1206
NGC 2477,07 52 10,-38 31 48,253.563,-5.838,1222,11.30,0.279,8.848,,-124.3,15.0,+0.01,+7.00,,,16843,16843
ESO 123-26,07 52 11,-60 21 36,273.11,-16.32,550,9.10,0.13,8.33,,-154.6,26.0,,,-1.41,7.56,29,29
NGC 2467,07 52 26,-26 26 12,243.172,0.378,1355,11.71,0.338,7.103,O5,8.9,14.0,,+66.00,-5.82,+1.63,178,93
Haffner 18,07 52 39,-26 23 00,243.151,0.447,6028,15.79,0.611,6.893,,47.0,2.0,,,,,1782,1782
Haffner 19,07 52 47,-26 17 00,243.081,0.524,5094,14.82,0.416,6.934,,46.6,2.0,,+68.00,,,1940,1716
ASCC 42,07 52 51,-53 00 35,266.41,-12.85,800,9.82,0.10,8.57,,-177.9,43.2,,,-3.76,+8.25,45,45
ASCC 43,07 53 06,-28 10 12,244.73,-0.39,1000,10.31,0.10,8.28,,-6.8,42.0,,,-4.40,+0.47,90,90
NGC 2479,07 55 04,-17 42 35,235.98,5.37,1200,10.71,0.10,8.99,,112.3,18.0,,,-0.94,+01.93,20,20
NGC 2482,07 55 12,-24 15 30,241.626,2.035,1343,10.93,0.093,8.604,,47.7,10.0,+0.12,,-4.93,+1.60,44,35
NGC 2483,07 55 39,-27 53 42,244.791,0.239,1659,12.04,0.303,7.089,,6.9,7.0,,,,,469,376
Trumpler 9,07 55 40,-25 53 00,243.072,1.285,2289,12.57,0.248,8.001,,51.3,5.0,,,,,55,55
Haffner 20,07 56 15,-30 22 00,246.972,-0.930,3117,14.23,0.569,8.121,,-50.6,3.0,,,,,33,33
NGC 2489,07 56 15,-30 03 48,246.713,-0.773,3957,14.15,0.374,7.264,B8,-53.4,6.0,+0.08,,-4.83,+5.45,598,489
NGC 2516,07 58 04,-60 45 12,273.816,-15.856,409,8.37,0.101,8.052,B3,-111.7,30.0,+0.06,+22.0,-3.19,+10.00,3025,2808
Ruprecht 44,07 58 51,-28 35 00,245.746,0.482,4730,15.29,0.619,6.941,,39.8,10.0,,,-2.86,+1.13,49,37
Ruprecht 43,07 59 16,-28 53 59,246.06,0.39,1300,11.41,0.27,8.47,,8.8,18.0,,,-3.57,-0.08,24,24
NGC 2506,08 00 01,-10 46 12,230.564,9.935,3460,12.95,0.081,9.045,,597.0,12.0,-0.37,+94.00,,,891,884
NGC 2509,08 00 48,-19 03 06,237.840,5.848,912,10.29,0.15,9.90,,,6.0,,,,,93,93
Haffner 21,08 01 09,-27 13 00,244.850,1.633,2951,12.68,0.106,7.920,,84.1,3.0,,,-3.52,+1.93,52,51
ASCC 44,08 01 40,-50 34 11,264.92,-10.47,1100,10.77,0.18,7.89,,-199.9,48.0,,17.80,-5.62,+6.25,55,55
Ruprecht 46,08 02 10,-19 28 00,238.365,5.907,752,9.60,0.07,9.60,,77.4,3.0,-0.04,,,,9,9
Ruprecht 47,08 02 19,-31 04 00,248.252,-0.188,3006,13.26,0.28,7.89,,-9.9,4.0,,,,,10,10
Ruprecht 49,08 03 15,-26 46 00,244.716,2.268,1823,12.11,0.259,7.930,,72.1,2.0,,,,,9,9
NGC 2527,08 04 58,-28 08 48,246.087,1.855,601,9.01,0.038,8.649,,19.5,10.0,,,-4.09,+6.40,113,69
ESO 430-18,08 06 52,-30 50 12,248.579,0.759,830,9.60,0.00,9.05,,10.9,24.0,,,-7.91,-0.81,36,36
NGC 2533,08 07 04,-29 53 00,247.800,1.310,3379,12.79,0.047,8.876,,77.3,5.0,,,,,23,23
NGC 2547,08 10 09,-49 12 54,264.465,-8.597,455,8.42,0.041,7.557,B3,-68.0,25.0,-0.16,+14.5,-7.71,+3.80,2166,2061
NGC 2539,08 10 37,-12 49 06,233.705,11.112,1363,10.93,0.082,8.570,A0,262.7,9.0,+0.13,+29.3,-4.07,-1.83,402,352
Ruprecht 53,08 10 48,-27 00 00,245.81,3.56,1700,11.49,0.11,8.59,,105.6,21.6,,,-1.11,+00.32,32,32
NGC 2546,08 12 15,-37 35 42,254.855,-1.986,919,10.23,0.134,7.874,B0,-31.8,70.0,+0.12,+15.0,-3.99,+3.50,167,167
Ruprecht 55,08 12 27,-32 35 00,250.691,0.804,4892,15.18,0.559,6.849,,68.6,5.0,,+96.2,,,47,45
Ruprecht 56,08 12 32,-40 28 12,257.29,-3.52,410,8.44,0.12,8.70,,-25.2,43.2,,,-9.71,+05.75,66,66
NGC 2548,08 13 43,-05 45 00,227.873,15.393,769,9.53,0.031,8.557,A0,204.1,30.0,+0.08,+5.00,-0.83,+1.90,10377,7209
vdBergh-Hagen 23,08 14 05,-36 21 36,254.02,-1.00,437,8.36,0.05,7.14,,-7.6,38.4,,17.40,-7.47,+07.12,34,34
Ruprecht 58,08 14 50,-31 56 29,250.434,1.578,3900,13.98,0.33,8.44,,107.4,5.0,,,-2.77,+4.54,1117,1117
Haffner 26,08 15 39,-30 49 47,249.60,2.34,1000,10.25,0.08,7.47,,40.8,12.0,,,-4.54,+04.31,10,10
ASCC 45,08 15 50,-35 39 00,253.63,-0.31,3000,14.25,0.60,7.12,,-16.2,24.0,,43.00,-5.68,+3.19,31,31
ASCC 46,08 16 33,-48 30 35,264.44,-7.33,900,10.08,0.10,7.71,,-114.8,48.0,,,-5.51,+6.75,64,64
Pismis 2,08 17 54,-41 40 00,258.851,-3.338,3310,12.75,0.05,9.06,,-192.7,4.0,,,,,2239,2239
Pismis 1,08 18 18,-37 06 00,255.112,-0.711,5907,15.65,0.578,7.928,,-73.3,3.0,,,,,28,28
NGC 2567,08 18 32,-30 38 24,249.795,2.961,1677,11.52,0.128,8.469,,86.6,7.0,,,-3.22,+2.29,243,180
NGC 2571,08 18 56,-29 45 00,249.106,3.532,1342,11.06,0.137,7.488,B8,82.7,8.0,,,-3.86,+6.40,319,193
Ruprecht 59,08 19 21,-34 29 00,253.070,0.939,874,9.98,0.088,7.727,,14.3,3.0,,,,,21,21
NGC 2580,08 21 28,-30 18 00,249.871,3.675,4000,13.9,0.28,8.20,,,6.0,,,,,3171,3171
NGC 2588,08 23 10,-32 58 30,252.280,2.449,4950,14.4,0.30,8.65,,224.2,1.5,,,,,4306,4306
Collinder 185,08 23 21,-36 20 00,255.056,0.557,1486,11.51,0.21,8.11,,14.4,6.0,,,-2.81,+3.72,86,86
vdBergh-Hagen 34,08 31 15,-44 30 00,262.57,-2.97,950,9.98,0.03,8.48,,-49.2,30.0,,,-7.81,+04.02,22,22
Pismis 3,08 31 22,-38 39 00,257.865,0.502,1394,14.75,1.300,9.027,,12.2,5.0,,,,,605,605
ASCC 47,08 31 47,-39 04 48,258.26,0.31,900,10.08,0.10,7.88,,4.9,60.0,,11.00,-8.94,+5.20,105,105
ASCC 48,08 34 29,-37 36 36,257.39,1.61,400,8.01,0.00,9.09,,11.2,38.4,,22.50,-11.63,+10.72,65,65
Pismis 4,08 34 36,-44 25 00,262.863,-2.439,593,8.91,0.013,7.533,,-25.2,25.0,,,-6.90,+5.40,5,5
NGC 2627,08 37 15,-29 57 18,251.583,6.651,2034,11.81,0.086,8.566,,235.6,8.0,,,,,13,13
Ruprecht 64,08 37 19,-40 09 00,259.75,0.53,800,9.70,0.06,8.45,,7.4,74.4,,21.00,-6.14,+05.97,202,202
Pismis 5,08 37 38,-39 35 00,259.340,0.918,869,11.00,0.421,7.197,,13.9,2.0,,,,,9,9
NGC 2635,08 38 26,-34 46 12,255.600,3.957,5754,14.88,0.35,8.50,,397.1,1.0,,,,,3240,3234
NGC 2645,08 39 03,-46 14 00,264.787,-2.908,1668,12.29,0.380,7.283,,-84.6,3.0,,+20.8,-4.59,+6.15,47,47
Ruprecht 65,08 39 14,-44 02 59,263.07,-1.56,500,8.71,0.07,8.57,,-13.6,28.8,,,-7.37,+04.16,47,47
NGC 2632,08 40 24,+19 40 00,205.920,32.484,187,6.39,0.009,8.863,A0,100.4,70.0,+0.14,+34.4,-35.58,-12.90,849,832
Waterloo 6,08 40 24,-46 08 00,264.850,-2.662,1578,11.74,0.243,7.671,,-73.3,2.0,,,,,16,16
IC 2391,08 40 32,-53 02 00,270.362,-6.839,175,6.24,0.008,7.661,B3,-20.8,60.0,-0.09,,-24.97,+22.70,513,434
Pismis 8,08 41 36,-46 16 00,265.082,-2.579,1312,12.78,0.706,7.427,,-59.0,3.0,,,,,15,15
Ruprecht 67,08 41 39,-43 22 00,262.797,-0.792,1504,12.23,0.432,8.256,,-20.8,6.0,,-15.4,,,24,24
Mamajek 1,08 42 06,-79 01 38,292.482,-21.654,97,4.93,0.00,6.9,,-35.8,40.0,,+16.1,-30.00,+27.80,35,18
IC 2395,08 42 30,-48 09 00,266.637,-3.592,705,9.45,0.066,7.223,B5,-44.2,17.0,,+0.5,-4.37,+4.05,495,347
NGC 2659,08 42 37,-44 59 00,264.179,-1.650,1713,12.76,0.514,6.890,B9,-49.3,5.0,,,,,268,256
NGC 2660,08 42 38,-47 12 00,265.929,-3.013,2826,13.23,0.313,9.033,,-148.5,3.5,-0.18,,,,866,866
NGC 2658,08 43 27,-32 39 30,254.555,6.070,2021,11.66,0.043,9.152,F8,213.7,6.0,,,,,19,19
Bochum 7,08 44 48,-45 58 00,265.189,-1.958,5754,16.47,0.86,7.00,,-196.6,20.0,,,-3.65,+5.00,1423,1423
Collinder 197,08 44 51,-41 14 00,261.486,0.991,838,11.32,0.548,7.128,,14.5,25.0,,+33.1,-9.80,+7.40,30,21
NGC 2670,08 45 30,-48 48 00,267.485,-3.625,1188,11.71,0.430,7.690,B5,-75.1,7.0,,,-8.10,+5.90,7,5
NGC 2671,08 46 12,-41 52 42,262.148,0.787,1660,14.32,1.04,7.90,B9,22.8,6.0,,,,,62,62
NGC 2669,08 46 22,-52 56 54,270.835,-6.092,1046,10.66,0.180,7.927,B9,-111.0,20.0,,,-5.83,+4.00,44,31
NGC 2664,08 47 11,+12 36 06,214.350,31.314,,,,,,,8.0,,,,,4,4
ASCC 49,08 47 52,-37 59 24,259.31,3.47,900,9.83,0.02,8.14,,54.5,54.0,,,-7.47,+3.34,99,99
Trumpler 10,08 47 54,-42 27 00,262.791,0.674,424,8.24,0.034,7.542,B3,5.0,29.0,,+21.5,-12.06,+6.60,61,49
Ruprecht 71,08 49 22,-46 50 59,266.37,-1.90,1300,10.73,0.05,8.78,,-43.1,19.2,,,-2.48,+05.58,20,20
ASCC 50,08 50 16,-41 43 12,262.50,1.48,850,10.27,0.20,7.48,,22.0,48.0,,17.13,-6.39,+3.85,86,86
NGC 2682,08 51 18,+11 48 00,215.696,31.896,908,9.97,0.059,9.409,B8,479.8,25.0,+0.00,+33.00,-8.62,-6.00,8799,7477
Ruprecht 72,08 52 05,-37 36 00,259.538,4.363,3019,13.14,0.24,9.10,,229.7,3.0,,,,,2951,2951
Ruprecht 158,08 52 27,-37 34 00,259.558,4.440,4168,13.84,0.24,9.20,,322.7,2.0,,,,,2951,2951
vdBergh-Hagen 56,08 57 07,-43 15 00,264.48,1.46,680,9.78,0.20,7.24,,17.3,36.0,,-18.00,-4.88,+06.08,52,52
Collinder 205,09 00 32,-48 59 00,269.209,-1.843,1853,13.66,0.75,7.20,,-59.6,5.0,,+8.5,-3.86,+6.50,9,8
ESO 165-09,09 05 13,-55 57 35,274.923,-5.928,450,8.42,0.05,8.96,,-46.5,18.0,,,-10.15,10.47,20,20
ESO 166-04,09 10 30,-53 53 12,273.897,-3.971,885,10.20,0.15,8.45,,-61.3,19.0,,,-7.14,7.91,23,23
Pismis 11,09 15 53,-50 01 00,271.657,-0.708,2800,16.11,1.25,7.34,,-34.6,2.0,,,,,555,428
NGC 2818,09 16 01,-36 37 30,261.980,8.584,1855,11.72,0.121,8.626,,276.9,9.0,-0.17,+20.69,,,875,875
Alicante 5,09 16 30,-49 43 00,271.510,-0.428,3600,16.50,1.20,7.00,,-26.9,8.0,,,,,105,105
ASCC 51,09 18 00,-69 41 24,286.24,-14.08,500,8.65,0.05,8.53,,-121.6,79.2,,,-8.28,+7.00,172,172
Pismis 12,09 20 00,-45 07 00,268.640,3.216,,,,,,,5.0,,,,,14,14
vdBergh-Hagen 63,09 20 39,-49 13 23,271.631,0.399,2300,17.70,1.90,8.85,,16.0,2.0,,,,,111,111
NGC 2866,09 22 07,-51 06 00,273.123,-0.764,1901,13.34,0.628,7.656,,-25.3,2.0,,,,,23,23
Ruprecht 76,09 24 13,-51 40 00,273.754,-0.937,1262,11.67,0.376,7.734,,-20.6,5.0,,,,,7,7
vdBergh-Hagen 66,09 25 18,-54 43 00,276.003,-3.006,7000,15.47,0.40,8.90,,-367.1,4.0,,,,,735,735
vdBergh-Hagen 67,09 26 45,-51 16 00,273.759,-0.375,7400,17.30,0.95,9.08,,-48.4,4.0,,,,,9260,9260
IC 2488,09 27 38,-57 00 00,277.830,-4.419,1134,10.99,0.231,8.113,B8,-87.4,18.0,,,-5.57,+8.00,89,67
ASCC 52,09 27 57,-54 15 35,275.96,-2.41,1500,11.00,0.04,8.75,,-63.1,32.4,,,-5.35,+5.12,72,72
NGC 2910,09 30 30,-52 55 06,275.314,-1.176,2607,13.12,0.336,8.203,,-53.5,4.0,,,,,4,4
Turner 5,09 32 31,-36 28 12,264.23,11.05,400,8.32,0.10,8.49,,76.7,198.0,,,0.00,-3.73,987,987
NGC 2925,09 33 11,-53 23 54,275.936,-1.254,774,9.69,0.08,7.85,,-16.9,10.0,,,-8.94,+5.30,62,37
ASCC 53,09 37 55,-59 32 59,280.56,-5.36,2500,12.45,0.15,8.12,,-233.5,37.2,,,-4.94,+3.94,57,57
NGC 2972,09 40 12,-50 19 24,274.686,1.757,2062,12.63,0.343,7.968,,63.2,3.0,-0.07,,,,14,14
Ruprecht 79,09 40 59,-53 51 00,277.099,-0.818,1979,13.70,0.717,7.093,,-28.3,5.0,,+21.4,,,684,669
Ruprecht 80,09 42 03,-44 01 12,270.75,6.71,2500,12.92,0.30,8.33,,292.1,15.6,,,-13.73,+06.64,15,15
ASCC 54,09 44 45,-54 26 23,277.90,-0.90,1200,10.55,0.05,8.84,,-18.8,26.4,,,-7.73,+1.08,58,58
NGC 3033,09 48 37,-56 25 18,279.596,-2.071,922,10.84,0.327,7.845,,-33.3,4.0,,,,,19,19
Ruprecht 84,09 49 08,-65 15 00,285.32,-8.82,1800,11.59,0.10,8.56,,-276.0,14.4,,,-8.76,+00.88,10,10
NGC 3036,09 49 15,-62 40 11,283.66,-6.83,1200,11.64,0.40,8.61,,-142.7,14.4,,,-7.43,-1.25,15,15
Pismis 16,09 51 16,-53 10 00,277.829,0.689,1824,13.03,0.557,7.839,,21.9,2.0,,+11.0,,,9,9
ASCC 55,09 54 17,-57 04 48,280.61,-2.09,1100,10.80,0.19,8.45,,-40.1,27.6,,,-1.13,+2.27,42,42
Collinder 213,09 54 35,-50 55 11,276.82,2.76,1400,10.95,0.07,8.84,,67.4,18.0,,,-3.96,+02.58,20,20
NGC 3105,10 00 39,-54 47 18,279.915,0.264,4884,16.51,0.989,7.236,,22.5,2.0,,,,,9,9
Ruprecht 85,10 01 33,-55 01 12,280.15,0.16,1400,11.38,0.21,8.70,,3.9,12.0,,,-3.68,+04.78,18,18
NGC 3114,10 02 36,-60 07 12,283.332,-3.840,911,10.01,0.069,8.093,B9,-61.0,35.0,+0.02,+1.00,-7.54,+3.50,167,151
Loden 28,10 03 10,-58 09 00,282.21,-2.21,3950,14.90,0.62,7.30,,-152.3,24.0,,,-8.06,+04.14,49,49
Loden 1,10 05 02,-55 47 59,281.02,-0.17,360,8.09,0.10,9.29,,-1.1,21.6,,,-10.37,+04.18,27,27
Trumpler 12,10 06 29,-60 18 00,283.828,-3.698,,,,,,,4.0,,,,,6,3
Hogg 6,10 06 35,-60 30 00,283.95,-3.85,1600,11.18,0.05,8.61,,-107.4,10.8,,,-8.19,+00.85,9,9
ASCC 56,10 08 13,-64 22 12,286.39,-6.87,800,9.86,0.11,8.08,,-95.7,42.0,,,-7.61,+3.57,81,81
Ruprecht 161,10 08 45,-61 17 24,284.63,-4.34,940,10.15,0.09,8.39,,-71.1,36.0,,,-8.20,+03.04,95,95
ASCC 57,10 10 48,-66 40 48,287.97,-8.59,1500,11.28,0.13,8.70,,-224.0,45.6,,,-4.15,+3.04,76,76
Bochum 8,10 11 54,-58 04 00,283.099,-1.476,2572,13.68,0.526,7.943,,-66.3,4.0,,,,,6,6
ASCC 58,10 15 07,-54 58 12,281.71,1.33,600,9.17,0.09,7.04,,13.9,48.0,,8.00,-12.89,+3.15,114,114
vdBergh-Hagen 91,10 17 16,-58 42 00,284.03,-1.60,740,9.59,0.08,8.21,,-20.7,18.0,,,-6.25,+04.22,28,28
ASCC 59,10 20 13,-57 39 00,283.78,-0.51,550,8.86,0.05,8.60,,-4.9,42.0,,,-4.99,+3.65,140,140
NGC 3228,10 21 22,-51 43 42,280.697,4.545,544,8.76,0.028,7.932,B9,43.1,5.0,,,-15.64,-0.05,67,50
Westerlund 2,10 24 02,-57 46 00,284.276,-0.336,1874,13.80,0.785,7.215,,-11.0,2.0,,,,,7,7
NGC 3247,10 25 51,-57 55 24,284.30,-0.31,1547,11.63,0.221,8.083,,0.0,4.0,,,,,40,40
IC 2581,10 27 29,-57 37 00,284.588,0.035,2446,13.23,0.415,7.142,B0,1.5,5.0,-0.34,-6.00,-8.66,+2.00,415,377
Collinder 223,10 30 30,-59 49 00,286.190,-1.879,1686,11.95,0.263,7.014,,-55.3,9.0,,+2.00,,,110,110
Ruprecht 90,10 31 47,-58 14 24,285.40,-0.20,6000,14.88,0.32,7.10,,-20.9,21.6,,-40.00,-6.80,+03.47,30,30
Loden 112,10 32 23,-56 42 00,284.68,1.17,2500,13.85,0.60,6.96,,51.0,16.8,,,-8.05,+05.98,13,13
ASCC 60,10 33 07,-58 28 47,285.67,-0.32,800,9.82,0.10,8.36,,-4.5,14.4,,-14.50,-7.35,+2.36,21,21
Loden 153,10 34 40,-58 07 48,285.67,0.09,2670,13.00,0.28,6.74,,4.2,12.0,,-10.33,-5.85,+04.13,15,15
Bochum 9,10 35 46,-60 07 00,286.784,-1.569,4600,15.27,0.63,,,-126.0,15.0,,,,,14,14
NGC 3293,10 35 51,-58 13 48,285.856,0.074,2327,12.65,0.263,7.014,B0,3.0,6.0,,-13.00,-7.53,+3.10,1697,1429
vdBergh-Hagen 99,10 37 54,-59 11 00,286.558,-0.625,507,8.70,0.055,7.605,,-5.5,20.0,,,-13.74,+1.40,50,36
NGC 3330,10 38 46,-54 07 24,284.188,3.849,894,9.91,0.050,8.229,,60.0,4.0,,,,,10,10
ESO 062-11,10 38 55,-69 02 00,291.507,-9.155,910,11.10,0.42,8.53,,-144.8,14.0,,,-13.48,3.63,11,11
Collinder 228,10 42 04,-59 55 00,287.668,-1.047,2201,12.77,0.342,6.830,O5,-40.2,14.0,,-12.00,-6.55,+2.03,2863,2841
Bochum 10,10 42 12,-59 08 00,287.016,-0.315,2027,12.48,0.306,6.857,,-11.1,20.0,,,,,23,23
Melotte 101,10 42 12,-65 06 00,289.864,-5.561,1995,12.99,0.48,7.89,B6,-193.3,15.0,,,,,22,22
IC 2602,10 42 58,-64 24 00,289.601,-4.906,161,6.11,0.024,7.507,B0,-13.8,100.0,-0.09,,-17.49,+10.10,70,70
Alessi 5,10 43 08,-61 10 11,288.08,-2.05,398,8.46,0.15,7.71,,-14.2,36.0,,12.80,-14.56,+03.77,94,94
Trumpler 14,10 43 56,-59 33 00,287.408,-0.577,2733,13.78,0.516,6.828,O3,-27.5,5.0,,,-7.25,+2.69,179,179
Trumpler 15,10 44 43,-59 22 00,287.410,-0.369,1853,12.68,0.434,6.926,,-11.9,14.0,,,-7.71,+3.26,451,410
Trumpler 16,10 44 58,-59 43 00,287.624,-0.652,2673,13.66,0.493,6.788,O3,-30.4,10.0,,-20.00,,,397,397
ASCC 61,10 46 08,-56 51 36,286.41,1.94,1700,11.86,0.23,7.96,,57.5,38.4,,,-5.19,+3.19,101,101
Bochum 11,10 47 15,-60 05 00,288.025,-0.856,2412,13.70,0.576,6.764,,-36.0,21.0,,,,,5,5
Ruprecht 91,10 47 38,-57 28 12,286.87,1.49,900,9.80,0.01,8.63,,23.4,18.0,,7.30,-11.10,+03.11,86,86
Loden 189,10 50 20,-56 25 11,286.72,2.59,720,9.69,0.13,8.64,,32.5,33.6,,,-5.73,+02.91,85,85
ASCC 62,10 50 52,-60 05 59,288.43,-0.66,3000,13.13,0.24,7.50,,-34.6,33.6,,-4.05,-8.72,+1.68,78,78
ESO 128-16,10 53 41,-58 14 24,287.936,1.161,900,9.86,0.03,8.92,,18.2,19.0,,,-2.57,6.10,38,38
ASCC 63,10 55 51,-60 24 35,289.12,-0.67,3500,14.11,0.45,7.24,,-40.9,18.0,,-142.00,-5.63,+1.74,30,30
Trumpler 17,10 56 24,-59 12 00,288.669,0.449,2189,13.58,0.605,7.706,,17.2,5.0,,,-2.59,+2.88,20,20
Collinder 236,10 57 17,-61 06 36,289.58,-1.23,800,9.73,0.07,8.37,A0,-17.2,24.0,,,-3.57,+03.02,65,65
Bochum 12,10 57 24,-61 43 00,289.854,-1.775,2218,12.47,0.24,7.61,,-68.7,10.0,,,,,8,8
Hogg 9,10 58 22,-59 03 00,288.834,0.692,,,,,,,1.0,,,,,4,4
NGC 3496,10 59 36,-60 20 12,289.515,-0.411,990,11.43,0.469,8.471,,-7.1,8.0,,,-4.35,+3.10,11,9
Pismis 17,11 01 06,-59 49 00,289.469,0.139,3504,14.18,0.471,7.023,,8.5,6.0,,,,,4,4
ASCC 64,11 03 03,-60 55 11,290.14,-0.77,1500,11.35,0.15,7.92,,-20.2,21.6,,-8.33,-5.88,+1.44,49,49
Ruprecht 93,11 04 24,-61 22 06,290.470,-1.114,1437,11.50,0.229,8.193,,-27.9,7.0,,,,,24246,24246
NGC 3532,11 05 39,-58 45 12,289.571,1.347,486,8.55,0.037,8.492,B5,11.4,50.0,-0.02,+7.0,-10.95,+4.80,1168,731
Shorlin 1,11 05 46,-61 13 48,290.630,-0.903,12600,17.03,1.6,,,-41.0,0.8,,,,,7427,7422
Feinstein 1,11 05 56,-59 49 00,290.025,0.385,1159,11.56,0.40,7.00,OB,7.8,25.0,,,-5.19,+3.27,162,137
Loden 306,11 06 00,-61 07 48,290.55,-0.82,2000,12.25,0.24,6.76,,-28.6,24.0,,-33.00,-6.95,+00.34,69,69
vdBergh-Hagen 111,11 09 14,-63 49 48,291.95,-3.16,2700,12.93,0.25,8.35,,-148.8,13.2,,,-9.64,+00.95,7,7
Loden 309,11 09 39,-60 34 48,290.74,-0.14,600,9.67,0.25,8.63,,-1.5,10.8,,,-11.10,+01.85,15,15
NGC 3572,11 10 23,-60 14 54,290.705,0.202,1995,12.71,0.389,6.891,B0,7.0,5.0,,-4.1,,,21,21
Hogg 10,11 10 42,-60 24 00,290.798,0.077,1776,12.67,0.460,6.784,,2.4,3.0,,,,,3382,3372
ASCC 65,11 11 06,-61 07 11,291.11,-0.57,3500,13.96,0.40,7.09,,-34.8,26.4,,-13.40,-6.83,+0.88,77,77
Trumpler 18,11 11 28,-60 40 00,290.986,-0.135,1358,11.64,0.315,7.194,B2,-3.2,5.0,,,-8.17,+1.37,4402,4166
Hogg 11,11 11 37,-60 24 00,290.903,0.119,2270,12.77,0.32,7.08,,4.7,2.0,,,,,3292,3286
NGC 3590,11 12 59,-60 47 18,291.204,-0.178,1651,12.48,0.449,7.231,B3,-5.1,3.0,,,,,3489,3468
Hogg 12,11 13 01,-60 47 00,291.206,-0.172,,,0.04,7.93,,,4.0,,,,,6,6
Stock 13,11 13 05,-58 53 00,290.510,1.596,1577,11.66,0.218,7.222,B0,43.9,5.0,,,,,999,980
ASCC 66,11 13 37,-55 25 11,289.29,4.84,1000,10.31,0.10,7.76,,84.4,36.0,,,-13.76,+3.31,61,61
NGC 3603,11 15 07,-61 15 36,291.617,-0.522,3634,16.95,1.338,6.842,O3,-33.1,0.5,,,,,98,88
IC 2714,11 17 27,-62 44 00,292.402,-1.799,1238,11.52,0.341,8.542,,-38.9,14.0,-0.01,-14.1,,,39,39
Melotte 105,11 19 42,-63 29 00,292.904,-2.412,2208,13.21,0.482,8.316,,-92.9,5.0,,,,,18,18
NGC 3680,11 25 38,-43 14 36,286.764,16.919,938,10.07,0.066,9.077,,273.0,5.0,-0.09,+15.00,-5.86,+1.90,240,236
Ruprecht 94,11 30 43,-63 27 00,294.05,-1.98,3400,13.59,0.30,7.19,,-117.5,30.0,,2.00,-4.87,-0.15,58,58
Loden 372,11 30 54,-58 28 47,292.55,2.76,1200,11.64,0.40,8.55,,57.8,12.0,,,-10.55,-0.81,11,11
Loden 402,11 32 42,-60 43 12,293.44,0.70,2450,12.50,0.18,8.20,,29.9,18.0,,,-6.90,-0.53,34,34
NGC 3766,11 36 14,-61 36 30,294.117,-0.030,1745,11.75,0.175,7.160,B0,-0.9,5.0,,-19.00,-7.21,+1.33,241,216
IC 2944,11 37 53,-63 21 00,294.849,-1.654,1794,12.26,0.320,6.818,O8,-51.8,35.0,,-1.00,-6.05,-0.38,250,183
vdBergh-Hagen 121,11 38 06,-63 19 48,294.81,-1.62,2735,13.08,0.29,6.64,,-77.3,30.0,,-3.76,-5.12,+01.05,62,62
IC 2948,11 39 21,-63 28 47,294.99,-1.72,2600,13.00,0.30,6.75,,-78.0,9.6,,,-4.58,-0.35,12,12
ASCC 67,11 41 31,-61 01 12,294.56,0.71,1500,11.81,0.30,7.67,,18.6,24.0,,-18.60,-3.64,-0.77,50,50
Stock 14,11 43 48,-62 31 00,295.217,-0.662,2146,12.36,0.225,7.058,B0,-24.8,6.0,,-4.00,-5.93,+0.82,345,290
NGC 3960,11 50 33,-55 40 24,294.367,6.183,2258,12.70,0.302,8.822,,243.2,5.0,-0.17,-22.56,,,8643,6853
Ruprecht 96,11 50 38,-62 08 23,295.89,-0.10,860,10.45,0.25,9.00,,-1.5,14.4,,,-5.74,-0.03,10,10
Loden 481,11 51 57,-61 16 47,295.84,0.77,1520,11.65,0.24,8.19,,20.4,33.6,,-22.05,-3.87,+01.67,102,102
Loden 480,11 55 58,-58 24 00,295.70,3.69,1200,11.33,0.30,8.71,,77.2,18.0,,,-10.56,+02.94,22,22
Ruprecht 97,11 57 28,-62 43 00,296.792,-0.490,1357,11.37,0.229,8.343,,-11.6,5.0,,,,,22,22
Ruprecht 98,11 58 40,-64 35 00,297.306,-2.290,494,8.97,0.162,8.508,,-19.7,14.0,,,-7.25,-7.10,32,16
NGC 4052,12 01 12,-63 13 12,297.30,-0.90,1209,10.91,0.16,8.40,B3,-19.0,18.0,,,-6.63,-1.17,34,34
ASCC 68,12 02 56,-60 55 11,297.07,1.40,650,9.38,0.10,8.65,,15.9,24.0,,,-4.81,+3.71,69,69
Ruprecht 99,12 03 18,-63 52 48,297.66,-1.50,660,9.25,0.05,9.29,,-17.3,15.6,,,-7.90,-2.96,23,23
ASCC 69,12 06 35,-69 46 11,299.04,-7.23,1000,10.53,0.17,7.91,,-125.9,48.0,,2.00,-7.52,-0.64,78,78
NGC 4103,12 06 40,-61 15 00,297.574,1.155,1632,11.98,0.294,7.393,B0,32.9,6.0,,,-7.30,-0.13,2992,2699
ESO 130-06,12 07 46,-59 18 00,297.375,3.100,2200,12.08,0.12,8.33,,119.0,23.0,,,-10.80,-0.76,32,32
Loden 565,12 08 06,-60 43 12,297.65,1.71,650,9.69,0.20,8.05,,19.4,24.0,,10.10,-3.14,-0.96,27,27
ESO 130-08,12 10 19,-59 31 00,297.731,2.939,800,9.52,0.00,9.02,,41.0,24.0,,,-4.37,-1.18,45,45
ASCC 70,12 15 00,-64 25 48,299.01,-1.83,2700,13.24,0.35,6.92,,-86.2,36.0,,-7.75,-5.55,-0.32,67,67
Loden 615,12 20 38,-64 46 47,299.65,-2.10,1000,10.15,0.05,8.63,,-36.6,19.2,,,-6.97,-2.24,22,22
ASCC 71,12 20 42,-67 31 11,299.99,-4.82,1300,11.35,0.25,7.88,,-109.2,49.2,,,-7.73,-0.30,104,104
NGC 4337,12 24 04,-58 07 24,299.313,4.556,489,8.90,0.146,8.454,,38.8,4.0,,,,,18,18
Melotte 111,12 25 06,+26 06 00,221.353,84.025,96,4.95,0.013,8.652,A0,95.5,120.0,,,-10.84,-3.20,55,55
Collinder 258,12 27 10,-60 46 00,299.971,1.965,1184,10.86,0.160,8.032,,40.6,5.0,,,-8.07,-0.80,65,36
NGC 4439,12 28 27,-60 06 18,300.068,2.639,1785,12.34,0.348,7.909,B0,82.2,4.0,,,-10.49,-0.85,20,20
Hogg 14,12 28 36,-59 49 00,300.061,2.928,969,10.64,0.229,8.099,,49.5,3.0,,,-9.22,+1.08,11,11
Hogg 23,12 28 37,-60 54 35,300.16,1.84,1250,10.70,0.07,8.31,,40.1,12.0,,,-9.43,-1.12,9,9
NGC 4463,12 29 56,-64 47 24,300.643,-2.014,1050,11.45,0.434,7.505,B0,-36.9,3.5,,-14.6,-4.85,+0.88,3360,3347
ASCC 72,12 33 00,-60 57 00,300.69,1.84,1100,10.70,0.16,8.13,,35.3,30.0,,,-4.99,-0.48,61,61
Ruprecht 105,12 34 15,-61 34 11,300.88,1.24,950,10.04,0.05,9.01,,20.6,16.8,,,-7.62,-0.61,19,19
Upgren 1,12 35 00,+36 18 00,142.740,80.188,,,,,F3,,18.0,,,,,7,7
ASCC 73,12 36 35,-67 17 24,301.49,-4.46,650,9.22,0.05,8.19,,-50.5,48.0,,,-11.72,-0.88,101,101
Collinder 261,12 37 57,-68 22 00,301.684,-5.528,2190,12.54,0.27,9.95,A0,-211.0,9.0,-0.14,,,,45,45
Trumpler 20,12 39 34,-60 37 00,301.475,2.221,2420,12.37,0.26,8.20,,93.8,7.0,,,,,21389,14309
NGC 4609,12 42 18,-62 59 42,301.895,-0.142,1223,11.45,0.328,7.892,B4,-3.0,4.0,,,-9.45,-6.52,52,52
Hogg 15,12 43 37,-63 06 00,302.047,-0.242,2262,15.15,1.089,6.777,,-9.6,2.0,,,-7.87,+2.39,15,15
Loden 682,12 47 16,-60 39 00,302.42,2.22,900,10.39,0.20,8.41,,34.9,20.4,,,-4.31,-2.69,22,22
Loden 694,12 53 02,-60 45 00,303.12,2.12,1700,11.90,0.24,7.38,,62.9,36.0,,-23.00,-6.23,+00.90,92,92
NGC 4755,12 53 40,-60 22 05,303.208,2.503,1976,12.68,0.388,7.216,B2,86.3,10.0,,-20.2,-4.42,-1.53,7814,7304
NGC 4815,12 57 59,-64 57 36,303.625,-2.097,3079,14.95,0.808,8.369,,-112.7,5.0,,,,,9,9
NGC 4852,13 00 09,-59 36 48,304.035,3.240,1100,11.60,0.45,8.30,,62.2,7.0,,,,,43171,43171
NGC 5045,13 14 09,-63 23 23,305.47,-0.63,1500,12.03,0.37,7.11,,-16.5,45.6,,-16.76,-5.90,-2.05,93,93
vdBergh-Hagen 144,13 15 16,-65 55 12,305.362,-3.161,12000,17.57,0.70,8.90,,-660.7,1.5,,,19.88,-45.00,889,888
NGC 5043,13 16 08,-60 04 11,306.01,2.66,970,10.40,0.15,8.79,,45.0,20.4,,,-10.60,-0.86,34,34
Collinder 268,13 18 13,-67 05 00,305.541,-4.347,1963,12.42,0.308,8.759,,-148.8,5.0,,,,,11,11
Stock 16,13 19 29,-62 38 00,306.149,0.063,1640,12.60,0.491,6.915,O8,1.8,3.0,,-45.00,,,1513,1513
Ruprecht 107,13 19 46,-64 57 00,305.927,-2.243,1442,12.21,0.458,7.478,,-56.4,3.0,,,,,9,9
Collinder 269,13 23 31,-66 10 48,306.16,-3.51,1300,11.41,0.27,8.52,,-79.6,20.4,,,-7.95,-3.93,23,23
Loden 821,13 23 59,-59 47 24,307.02,2.83,2800,13.79,0.50,7.29,,138.2,24.0,,-39.00,-6.13,+00.57,44,44
Loden 807,13 24 39,-62 30 00,306.75,0.13,925,10.45,0.20,8.30,,2.1,21.6,,,-6.45,-0.93,36,36
Ruprecht 166,13 25 39,-63 28 00,306.742,-0.848,,,,,,,3.0,,,,,3,3
NGC 5138,13 27 16,-59 02 00,307.536,3.518,1986,12.30,0.262,7.986,,121.9,7.0,+0.12,,-3.65,+1.23,37,30
Basel 18,13 28 18,-62 21 00,307.194,0.216,2226,13.33,0.515,7.590,,8.4,3.0,,,,,14,14
Hogg 16,13 29 18,-61 12 00,307.477,1.337,1585,12.27,0.411,7.047,,37.0,6.0,,-35.8,-3.71,-3.17,420,381
Collinder 271,13 29 54,-64 12 00,307.103,-1.640,1169,11.23,0.287,8.322,,-33.5,5.0,,,,,10,10
Collinder 272,13 30 26,-61 19 00,307.595,1.202,2045,13.01,0.470,7.227,,42.9,10.0,,,-2.48,-2.56,804,804
NGC 5168,13 31 06,-60 56 24,307.732,1.562,1777,12.58,0.431,8.001,B0,48.4,4.0,,,-4.15,-0.28,34,28
Ruprecht 108,13 32 11,-58 28 00,308.252,3.984,901,10.20,0.136,8.424,,62.6,10.0,,,-10.06,-3.25,11,11
Trumpler 21,13 32 14,-62 48 00,307.574,-0.297,1263,11.12,0.197,7.696,B3,-6.5,5.0,,,,,24,24
Loden 915,13 34 06,-59 15 00,308.370,3.171,,,,,,,32.0,,,,,36,36
ASCC 74,13 35 49,-58 48 36,308.66,3.57,550,8.86,0.05,8.50,,34.2,24.0,,,-12.00,-0.32,27,27
Pismis 18,13 36 55,-62 05 36,308.226,0.310,2240,13.30,0.50,9.08,,12.1,4.0,,,,,1164,938
Dias 4,13 43 25,-63 00 48,308.789,-0.734,2150,13.50,0.60,9.10,,-27.5,6.4,,,,,9882,9882
Loden 1010,13 44 49,-60 15 00,309.51,1.94,700,9.85,0.20,8.69,,23.7,30.0,,,-7.88,+00.27,54,54
NGC 5281,13 46 35,-62 55 00,309.161,-0.714,1108,10.92,0.225,7.146,B0,-13.8,7.0,,,-5.29,-3.45,251,187
ASCC 75,13 47 09,-62 25 11,309.33,-0.24,3000,13.32,0.30,6.65,,-12.6,20.4,,-15.00,-3.97,-1.44,34,34
ASCC 76,13 52 15,-66 24 00,308.97,-4.24,600,9.73,0.27,7.45,,-44.4,42.0,,-14.00,-4.12,-3.34,63,63
NGC 5385,13 52 27,+76 10 24,118.197,40.389,,,,,,,8.0,,,,,7,7
NGC 5316,13 53 57,-61 52 06,310.229,0.115,1215,11.25,0.267,8.202,B5,2.4,14.0,,,-5.02,+0.19,191,162
Loden 995,13 54 17,-64 56 59,309.52,-2.88,2400,12.83,0.30,8.34,,-120.6,26.4,,,-3.97,-0.91,44,44
Loden 1171,13 59 23,-58 22 48,311.75,3.33,500,9.11,0.20,8.45,,29.0,13.2,,,-13.46,-5.75,10,10
Lynga 1,14 00 02,-62 09 00,310.849,-0.337,2283,13.22,0.460,8.007,B,-13.4,3.0,,,-7.66,-2.45,27,24
NGC 5359,14 00 07,-70 23 23,308.67,-8.28,2500,12.30,0.10,8.30,,-360.0,20.4,,,-5.75,-1.55,21,21
NGC 5381,14 00 41,-59 35 12,311.602,2.114,,,,,,,11.0,,,,,19,19
Ruprecht 110,14 05 27,-67 28 12,309.95,-5.61,1300,10.57,0.00,8.74,,-127.1,27.6,,,-12.35,-4.21,39,39
Loden 1194,14 05 42,-59 43 12,312.17,1.82,500,8.65,0.05,8.53,,15.9,21.6,,,-10.07,-3.29,23,23
NGC 5460,14 07 27,-48 20 36,315.746,12.628,678,9.44,0.092,8.207,B8,148.2,35.0,,-14,-6.59,-2.60,224,155
Loden 1225,14 09 03,-59 43 12,312.58,1.69,1500,11.50,0.20,8.67,,44.2,19.2,,,-9.99,+00.25,22,22
ASCC 77,14 10 48,-62 19 48,312.00,-0.86,2200,12.64,0.30,6.99,,-33.0,38.4,,,-4.59,-1.49,87,87
Loden 1256,14 18 10,-61 25 48,313.11,-0.28,1400,11.66,0.30,8.41,,-6.8,24.0,,,-4.29,-0.93,24,24
Ruprecht 167,14 18 10,-58 58 12,313.91,2.04,2000,11.81,0.10,8.57,,71.2,25.2,,,-6.90,-3.88,37,37
ESO 175-06,14 18 43,-56 55 11,314.658,3.952,550,9.32,0.20,8.60,,37.9,22.0,,,-8.65,-2.43,19,19
Lynga 2,14 24 35,-61 20 00,313.864,-0.454,1000,10.61,0.196,8.122,B,-7.9,10.0,,,-5.16,-5.80,880,854
NGC 5593,14 25 37,-54 47 59,316.30,5.61,850,9.65,0.00,8.77,,83.1,21.6,,,-3.28,-2.08,323,311
NGC 5606,14 27 47,-59 37 54,314.841,0.994,1805,12.75,0.474,7.075,B0,31.3,3.0,,-37.1,-5.19,-4.60,1512,1468
NGC 5617,14 29 44,-60 42 42,314.670,-0.100,1533,12.43,0.485,7.915,B0,-2.7,10.0,,,-2.04,-2.32,3,3
Trumpler 22,14 31 02,-61 10 00,314.647,-0.581,1516,12.52,0.521,7.950,B0,-15.4,10.0,,,,,72,72
NGC 5662,14 35 37,-56 37 06,316.937,3.394,666,10.08,0.311,7.968,B8,39.4,29.0,,-23.2,-5.02,-5.50,346,245
Alessi 6,14 40 15,-66 07 12,313.64,-5.53,437,8.79,0.19,8.30,,-42.1,50.4,,,-6.20,-6.22,120,120
vdBergh-Hagen 164,14 48 14,-66 20 23,314.28,-6.07,550,9.10,0.13,7.14,,-58.2,48.0,,13.50,-7.36,-11.14,75,75
NGC 5749,14 48 53,-54 29 54,319.529,4.545,1031,11.23,0.376,7.728,B8,81.7,10.0,,,-1.75,-3.36,39,39
Hogg 18,14 50 43,-52 16 00,320.765,6.426,1535,12.49,0.503,7.759,B3,171.8,5.0,,,-1.36,-3.34,34,34
NGC 5822,15 04 22,-54 24 00,321.57,3.59,917,10.28,0.15,8.83,B8,57.4,63.6,,-24.42,-7.46,-5.66,733,630
ASCC 78,15 05 06,-68 23 23,314.77,-8.64,2400,11.90,0.00,8.48,,-360.5,19.2,,,-7.24,-2.54,19,19
NGC 5823,15 05 31,-55 35 59,321.12,2.47,1192,10.66,0.09,8.90,F0,51.4,15.6,,,-6.15,-3.53,75,55
Pismis 20,15 15 23,-59 04 00,320.517,-1.200,2018,15.18,1.179,6.864,O9,-42.3,4.0,,-49.00,,,16,16
Pismis 21,15 16 49,-59 40 00,320.357,-1.807,,,1.50,7.90,,,4.0,,,,,6,6
ASCC 79,15 19 11,-60 43 47,320.04,-2.86,800,10.01,0.16,6.86,,-39.9,62.4,,4.03,-2.67,-4.10,139,139
ASCC 80,15 24 35,-60 08 23,320.92,-2.73,1500,11.41,0.17,7.93,,-71.4,30.0,,-25.00,-2.60,-4.15,57,57
Alessi 8,15 29 34,-51 13 47,326.49,4.27,575,9.08,0.09,7.92,,42.8,37.2,,,-6.05,-7.01,79,79
Lynga 4,15 33 19,-55 14 00,324.656,0.659,,,,,,,3.0,,,,,1,1
Loden 2313,15 40 48,-52 28 47,327.16,2.24,1410,10.90,0.05,8.74,,55.1,22.8,,,-3.77,-2.22,19,19
ASCC 81,15 46 55,-50 58 47,328.83,2.85,700,9.69,0.15,8.38,,34.8,31.2,,,-3.24,-5.65,60,60
ASCC 82,15 47 23,-64 24 36,320.55,-7.74,800,9.52,0.00,8.67,,-107.7,36.0,,,-2.96,-5.23,57,57
Collinder 292,15 49 51,-57 37 11,325.04,-2.62,1500,11.19,0.10,8.73,,-68.6,24.0,,,-1.60,-2.52,35,35
ASCC 83,15 50 13,-52 47 59,328.10,1.11,600,9.36,0.15,8.40,,11.6,25.2,,,-4.00,-4.92,31,31
NGC 5999,15 52 08,-56 28 24,326.008,-1.925,2050,12.95,0.45,8.60,A0,-68.9,3.0,,,,,68,68
ASCC 84,15 54 53,-60 44 24,323.56,-5.44,900,10.24,0.15,7.68,,-85.3,30.0,,-5.00,-1.74,-4.87,30,30
NGC 6005,15 55 48,-57 26 12,325.780,-2.986,2690,13.54,0.45,9.08,,-140.1,5.0,,,,,727,727
Ruprecht 113,15 57 28,-59 29 24,324.62,-4.69,810,10.01,0.15,8.23,,-66.2,54.0,,,-3.04,-2.10,101,101
Moffat 1,16 01 36,-54 08 36,328.54,-1.00,2100,14.70,1.00,7.00,,-36.7,2.0,,,,,14,14
NGC 6025,16 03 17,-60 25 54,324.551,-5.884,756,9.89,0.159,7.889,B3,-77.5,14.0,,,-3.12,-3.20,140,88
Lynga 6,16 04 52,-51 56 00,330.369,0.323,1600,14.90,1.250,7.430,B,9.0,5.0,,-59.4,-13.61,-1.83,14,14
NGC 6031,16 07 35,-54 00 54,329.281,-1.498,1823,12.45,0.371,8.069,B3,-47.7,3.0,,,-2.39,-7.52,126,122
NGC 6067,16 13 11,-54 13 06,329.745,-2.205,1417,11.93,0.380,8.076,B2,-54.5,14.0,+0.13,-39.9,-1.72,-2.48,53,41
Pismis 22,16 14 09,-51 52 00,331.468,-0.597,1000,16.20,2.00,7.60,,-10.4,4.0,,,,,12,12
NGC 6087,16 18 50,-57 56 06,327.726,-5.426,891,10.29,0.175,7.976,B5,-84.3,14.0,-0.01,+5.7,-2.35,-3.90,124,114
Ruprecht 116,16 23 20,-52 00 00,332.38,-1.68,900,10.08,0.10,8.95,,-26.4,12.0,,,-2.10,-4.86,18,18
Ruprecht 118,16 24 36,-51 58 00,332.547,-1.798,1343,11.91,0.41,8.11,,-42.1,3.0,,,,,7,7
NGC 6124,16 25 20,-40 39 12,340.741,6.016,512,10.87,0.750,8.147,B8,53.7,39.0,,,-1.26,-3.00,394,305
NGC 6134,16 27 46,-49 09 06,334.917,-0.198,913,11.03,0.395,8.968,B8,-3.2,6.0,+0.18,-26.0,-0.86,-4.60,51,51
Ruprecht 119,16 28 15,-51 30 00,333.276,-1.879,956,11.67,0.570,6.853,,-31.3,8.0,,,-1.15,-1.80,777,758
NGC 6152,16 32 42,-52 38 23,332.91,-3.15,1030,10.68,0.20,8.65,B5,-56.6,43.2,,,-2.06,-2.50,147,147
NGC 6169,16 34 04,-44 02 42,339.378,2.515,,,,,,,12.0,,,,,3,3
NGC 6167,16 34 34,-49 46 18,335.222,-1.427,1108,12.64,0.779,7.887,B0,-27.6,7.0,,,-0.83,-4.52,21,21
Collinder 307,16 35 20,-51 00 00,334.399,-2.347,1300,13.17,0.84,8.40,,-53.2,5.0,,,,,12,12
NGC 6178,16 35 47,-45 38 36,338.405,1.211,1014,10.71,0.219,7.248,B5,21.4,5.0,,+4.5,+0.62,-2.06,120,102
NGC 6192,16 40 23,-43 22 00,340.647,2.122,1547,12.92,0.637,8.130,A2,57.3,9.0,,,,,100,100
NGC 6193,16 41 20,-48 45 48,336.711,-1.574,1155,11.79,0.475,6.775,B0,-31.7,14.0,,-24.3,+0.23,-4.48,232,146
NGC 6200,16 44 07,-47 27 48,337.996,-1.069,2054,13.36,0.581,6.928,,-38.3,14.0,,,-1.00,-5.06,323,322
Lynga 12,16 46 04,-50 46 00,335.695,-3.463,1000,10.68,0.22,8.75,,-60.4,5.0,,,,,140,140
NGC 6204,16 46 09,-47 01 00,338.560,-1.040,1085,11.51,0.430,7.564,B0,-19.7,5.0,,-53.00,-0.02,-0.01,231,203
Hogg 22,16 46 37,-47 05 00,338.561,-1.143,1216,12.43,0.647,6.780,,-24.3,3.0,,,-3.16,-3.77,61,31
Westerlund 1,16 47 04,-45 50 42,339.554,-0.400,5200,22.88,3.0,,B0,-36.0,3.0,,,,,280,266
ASCC 85,16 47 31,-45 27 35,339.89,-0.21,1200,11.02,0.20,7.42,,-4.4,26.4,,7.09,-0.43,-4.01,19,19
NGC 6208,16 49 28,-53 43 42,333.755,-5.765,939,10.51,0.210,9.069,,-94.3,18.0,,,-0.24,+0.53,30,30
NGC 6231,16 54 10,-41 49 30,343.464,1.184,1243,11.83,0.439,6.843,O8,25.7,14.0,,-25.00,-1.73,-1.07,327,293
ESO 332-08,16 54 43,-40 42 30,344.397,1.807,1200,11.02,0.20,8.17,,37.9,16.0,,,0.05,-4.10,20,20
Lynga 14,16 55 04,-45 14 00,340.919,-1.089,881,14.15,1.428,6.712,,-16.7,3.0,,,,,9,9
NGC 6242,16 55 33,-39 27 42,345.468,2.466,1131,11.44,0.377,7.608,B5,48.7,9.0,,,+0.00,+1.65,149,128
vdBergh-Hagen 205,16 56 09,-40 40 11,344.59,1.62,2160,12.60,0.30,7.12,,61.1,7.2,,-7.00,-1.12,-1.22,9,9
Trumpler 24,16 57 00,-40 40 00,344.701,1.496,1138,11.58,0.418,6.919,O7,29.7,60.0,,-4.0,-0.87,-1.27,301,252
NGC 6249,16 57 41,-44 48 42,341.537,-1.186,981,11.33,0.443,7.386,,-20.3,5.0,,,+2.18,-5.00,311,303
NGC 6250,16 57 56,-45 56 12,340.683,-1.920,865,10.77,0.350,7.415,B8,-29.0,10.0,,,-0.19,-3.30,84,63
NGC 6253,16 59 05,-52 42 30,335.460,-6.251,1510,11.51,0.20,9.70,,-164.4,4.0,+0.36,,,,148018,147975
NGC 6259,17 00 45,-44 39 18,341.998,-1.517,1031,11.61,0.498,8.336,F8,-27.3,14.0,+0.02,-33.70,-0.11,-3.74,39,37
ASCC 86,17 01 58,-59 00 35,330.63,-10.38,700,9.60,0.12,7.07,,-126.1,66.0,,-6.00,-3.34,-7.79,109,109
NGC 6268,17 02 10,-39 43 42,346.049,1.300,1029,11.26,0.387,7.236,,23.3,6.0,,,,,210,194
ASCC 87,17 02 59,-28 27 00,355.15,8.02,900,10.58,0.26,8.52,,125.6,66.0,,,+0.89,-2.79,97,97
NGC 6281,17 04 41,-37 59 06,347.731,1.972,479,8.86,0.148,8.497,,16.5,8.0,,,-3.43,-3.60,109,108
ASCC 88,17 06 46,-35 35 59,349.88,3.08,1900,12.94,0.50,7.17,,102.1,66.0,,1.75,+2.89,-2.00,127,127
NGC 6318,17 16 11,-39 25 30,347.902,-0.688,2220,15.45,1.20,8.20,,-25.2,4.0,,,,,336,336
vdBergh-Hagen 217,17 16 18,-40 49 00,346.782,-1.513,1213,10.42,0.60,7.54,,-32.0,5.0,,,,,267,267
Bochum 13,17 17 24,-35 33 00,351.202,1.360,1077,12.81,0.854,6.823,,25.6,14.0,,,+0.26,-1.56,55,49
NGC 6322,17 18 25,-42 56 00,345.279,-3.057,996,11.82,0.590,7.058,B1,-53.1,5.0,,,+0.92,-0.48,120,89
vdBergh-Hagen 221,17 18 39,-32 20 24,353.97,3.00,750,9.99,0.20,8.01,,39.3,27.6,,6.33,2.84,-3.10,48,48
Havlen-Moffat 1,17 18 54,-38 49 00,348.704,-0.767,2900,18.05,1.85,,O4,-38.8,5.0,,,,,40,40
ASCC 89,17 23 16,-62 38 23,329.04,-14.56,500,8.81,0.10,7.03,,-125.7,132.0,,4.00,+1.35,-8.31,366,366
IC 4651,17 24 49,-49 56 00,340.088,-7.907,888,10.10,0.116,9.057,,-122.2,10.0,+0.09,-31.0,-1.07,-2.20,17697,17640
Pismis 24,17 25 32,-34 25 00,353.161,0.892,1995,16.83,1.72,7.00,,31.1,5.0,,,,,9,9
Trumpler 26,17 28 33,-29 30 00,357.524,2.840,,,,,,,6.0,,,,,47,47
Antalova 1,17 28 55,-31 34 11,355.84,1.64,850,10.42,0.25,8.50,,24.3,26.4,,33.0,-0.24,-3.75,29,29
Ruprecht 125,17 29 38,-40 28 12,348.49,-3.40,1500,11.19,0.10,8.77,,-89.0,20.4,,,-1.46,-3.56,26,26
Collinder 333,17 31 29,-34 01 12,354.09,-0.17,855,10.00,0.11,8.90,,-2.5,18.0,,,0.68,-4.88,10,10
NGC 6383,17 34 48,-32 34 00,355.690,0.041,985,10.89,0.298,6.962,O7,0.7,20.0,,+7.00,+1.58,-2.00,6176,5791
Trumpler 27,17 36 20,-33 31 00,355.064,-0.742,1211,14.12,1.194,7.063,O9,-15.7,6.0,,,-0.92,-0.57,76,64
Trumpler 28,17 37 00,-32 29 00,356.010,-0.304,1343,12.91,0.733,7.290,,-7.1,5.0,,,-0.58,-2.02,269,227
NGC 6396,17 37 36,-35 01 36,353.930,-1.774,1192,13.25,0.926,7.506,,-36.9,3.0,,-29.0,,,9,9
ESO 139-13,17 37 41,-58 07 48,333.982,-13.805,1500,11.50,0.20,8.78,,-357.8,10.0,,,-0.57,1.57,5,5
Ruprecht 127,17 37 51,-36 18 00,352.880,-2.498,1466,13.90,0.990,7.351,,-63.9,5.0,,-29.9,,,157,155
Collinder 338,17 38 06,-37 43 12,351.70,-3.29,880,10.50,0.25,8.65,,-50.5,31.2,,,2.89,-3.97,42,42
ASCC 90,17 39 07,-34 47 59,354.28,-1.91,500,9.43,0.30,8.81,,-16.7,43.2,,,-2.49,-3.64,61,61
NGC 6400,17 40 12,-36 57 00,352.58,-3.24,950,10.23,0.11,8.78,,-53.7,25.2,,,-0.94,-2.92,25,25
NGC 6405,17 40 20,-32 15 12,356.580,-0.777,487,8.88,0.144,7.974,B5,-6.6,20.0,+0.06,+10.4,-2.19,-5.40,740,647
Trumpler 29,17 41 31,-40 09 00,349.98,-5.14,760,9.99,0.19,8.69,,-68.1,21.6,,,1.45,-4.64,31,31
Alessi 9,17 43 55,-47 10 48,344.13,-9.13,195,6.67,0.07,8.42,,-30.9,168.0,,-11.60,11.59,-9.72,797,797
NGC 6416,17 44 19,-32 21 42,356.932,-1.549,741,10.13,0.251,8.087,A0,-20.0,14.0,,,-1.39,+0.20,69,69
Collinder 347,17 46 18,-29 20 00,359.738,-0.334,1514,14.50,1.16,7.08,,-8.8,10.0,,,,,6,6
IC 4665,17 46 18,+05 43 00,30.619,17.082,352,8.27,0.174,7.634,B4,103.4,70.0,,-13.,-0.86,-8.10,922,921
NGC 6425,17 47 01,-31 31 48,357.940,-1.606,778,10.69,0.399,7.347,,-21.8,10.0,,,+3.11,-2.79,365,353
Collinder 350,17 48 07,+01 21 00,26.79,14.69,280,8.38,0.37,8.61,,71.0,66.0,,,-3.55,+00.02,60,60
ASCC 91,17 48 54,-37 21 36,353.13,-4.93,800,9.82,0.10,8.65,,-68.8,36.0,,,+2.29,-4.92,41,41
Collinder 351,17 49 00,-28 44 09,0.555,-0.529,1310,12.76,0.70,8.20,,-12.1,7.0,,,,,3388,3388
Ruprecht 131,17 49 15,-29 15 00,0.14,-0.84,600,9.20,0.10,9.17,,-8.8,13.2,,,-0.40,-2.41,12,12
NGC 6444,17 49 33,-34 49 11,355.39,-3.75,560,9.11,0.12,9.00,,-36.6,20.4,,,1.61,-0.40,20,20
ASCC 92,17 51 07,-11 52 48,15.35,7.63,650,9.84,0.25,9.01,,86.3,36.0,,,-7.68,-4.91,18,18
Ruprecht 168,17 52 46,-28 26 00,1.238,-1.085,820,12.86,1.06,9.30,,-15.5,4.0,,,,,1152,1152
NGC 6469,17 53 13,-22 19 11,6.55,1.94,550,9.63,0.30,8.36,B8,18.6,18.0,,,3.04,-1.20,22,22
Czernik 37,17 53 16,-27 22 00,2.213,-0.638,,,,,,,3.0,,,,,403,403
NGC 6475,17 53 51,-34 47 36,355.861,-4.501,301,7.71,0.103,8.475,B8,-23.6,80.0,,-9.2,+1.67,-3.60,304,267
Trumpler 30,17 56 45,-35 16 12,355.74,-5.25,1000,10.68,0.22,8.31,,-91.5,15.6,,,3.82,-0.13,16,16
NGC 6494,17 57 04,-18 59 06,9.894,2.834,628,10.09,0.356,8.477,B9,31.0,29.0,+0.09,-8.6,+1.37,-1.20,134,125
Ruprecht 135,17 58 12,-11 39 00,16.421,6.234,1850,14.75,1.10,8.70,,200.9,4.0,,,,,467,467
Ruprecht 169,17 59 23,-24 46 00,5.151,-0.518,1390,12.76,0.66,9.00,,-12.6,3.0,,,,,724,724
Trumpler 31,17 59 49,-28 10 00,2.248,-2.293,986,11.05,0.35,8.87,,-39.4,5.0,,,,,35,35
NGC 6507,17 59 50,-17 27 00,11.554,3.028,1230,13.08,0.85,8.60,,65.0,14.0,,,,,3354,3354
Ruprecht 138,17 59 54,-24 41 00,5.282,-0.579,930,10.40,0.18,9.30,,-9.4,6.0,,,,,982,982
Ruprecht 137,18 00 17,-25 14 00,4.848,-0.927,1450,12.88,0.67,8.90,,-23.5,5.0,,,,,746,746
Ruprecht 139,18 01 01,-23 31 48,6.41,-0.22,550,9.17,0.15,9.05,,-2.1,15.6,,,-1.10,-2.19,10,10
Collinder 359,18 01 06,+02 54 00,29.750,12.517,249,7.58,0.193,7.506,B3,54.0,240.0,,,+0.14,-9.10,505,505
Bochum 14,18 02 00,-23 41 00,6.388,-0.499,578,13.48,1.508,6.996,,-5.0,2.0,,,,,3,3
NGC 6514,18 02 42,-22 58 18,7.086,-0.287,816,10.15,0.190,7.368,O5,-4.1,28.0,,-22.00,+0.06,-0.90,25,25
NGC 6520,18 03 24,-27 53 18,2.881,-2.844,1577,12.33,0.431,7.724,,-78.2,5.0,,,+0.69,-2.65,8733,8490
NGC 6531,18 04 13,-22 29 24,7.677,-0.355,1205,11.28,0.281,7.070,B0,-7.5,14.0,,-16.00,+2.28,-3.05,1155,1041
NGC 6530,18 04 31,-24 21 30,6.083,-1.331,1330,11.65,0.333,6.867,O5,-30.9,14.0,,-30.00,+0.58,-2.09,2695,1738
NGC 6546,18 07 22,-23 17 48,7.328,-1.382,938,11.38,0.491,7.849,,-22.6,14.0,,,-2.41,-0.70,19,19
ASCC 93,18 08 13,-22 15 36,8.33,-1.04,2500,12.86,0.28,7.22,,-45.4,32.4,,-23.33,-2.18,-1.80,54,54
vdBergh 113,18 08 52,-21 25 12,9.13,-0.77,3470,14.50,0.58,7.50,,-46.6,27.6,,-16.00,-0.26,-2.47,41,41
ESO 521-38,18 09 25,-24 31 48,6.476,-2.389,1800,11.96,0.22,8.10,,-74.7,10.0,,,0.41,-2.71,10,10
Collinder 367,18 09 43,-23 39 35,7.27,-2.02,1200,11.48,0.35,6.84,B1,-42.3,48.0,,-3.17,1.16,-2.03,70,70
NGC 6561,18 10 29,-16 43 47,13.42,1.16,3400,13.90,0.40,6.92,,68.8,21.6,,-17.93,0.02,+00.02,22,22
NGC 6568,18 12 43,-21 36 00,9.41,-1.64,1000,10.77,0.25,8.71,,-28.6,26.4,,,-1.43,-1.71,48,48
ESO 522-05,18 12 53,-24 21 48,7.001,-3.001,660,14.74,1.82,9.51,,-34.6,4.0,,,,,463,463
Markarian 38,18 15 17,-19 00 00,11.983,-0.931,1471,12.09,0.405,6.882,O9,-23.9,2.0,,-18.0,+0.07,-2.20,20,18
ASCC 94,18 15 36,-14 59 23,15.54,0.92,850,10.27,0.20,8.78,,13.6,30.0,,-26.00,+0.38,-0.08,52,52
ASCC 95,18 16 04,-25 42 35,6.15,-4.27,1500,11.87,0.32,8.04,,-111.7,38.4,,,-1.16,-1.94,48,48
Turner 2,18 17 12,-18 49 30,12.110,-1.324,1190,11.49,0.36,8.00,,-27.5,7.0,,,,,1454,1454
Trumpler 32,18 17 30,-13 21 00,17.207,1.288,1720,13.16,0.64,8.48,,38.7,5.0,,,,,1786,1786
NGC 6596,18 17 31,-16 38 59,14.30,-0.28,1100,10.67,0.15,8.60,,-5.4,20.4,,,2.94,-2.47,29,29
Dias 5,18 17 38,-19 40 12,11.65,-1.73,1760,12.25,0.33,7.14,,-53.1,14.4,,-5.25,1.92,-0.37,12,12
NGC 6604,18 18 03,-12 14 30,18.247,1.695,1696,14.15,0.970,6.810,O9,50.2,5.0,,+18.00,-0.02,-2.74,188,134
NGC 6611,18 18 48,-13 48 24,16.954,0.793,1749,13.64,0.782,6.884,O6,24.2,6.0,,+23.5,+0.07,-0.28,22189,19839
Alessi 19,18 19 04,+12 10 48,40.29,12.63,550,8.83,0.04,8.05,,120.3,90.0,,-5.10,-0.47,-6.97,187,187
NGC 6613,18 19 58,-17 06 06,14.183,-1.011,1296,11.96,0.450,7.223,B3,-22.9,5.0,,-14.0,-1.02,-1.33,222,142
ASCC 96,18 20 05,-32 22 11,0.63,-8.14,750,9.84,0.15,8.27,,-106.2,30.0,,-35.00,-1.29,-4.71,43,43
NGC 6618,18 20 47,-16 10 18,15.095,-0.746,1300,15.25,1.51,6.00,O5,-16.9,25.0,,,+1.79,-1.96,43,42
Ruprecht 140,18 21 51,-33 13 00,0.035,-8.855,2950,13.50,0.37,7.50,,-454.1,6.0,,,,,712,712
NGC 6625,18 22 49,-11 57 42,19.043,0.799,1335,14.38,1.21,8.70,,18.6,16.0,,,,,2992,2992
Trumpler 33,18 24 42,-19 43 00,12.397,-3.228,1755,12.33,0.357,7.685,,-98.8,5.0,,,,,20,20
NGC 6633,18 27 15,+06 30 30,36.011,8.328,376,8.44,0.182,8.629,B6,54.5,20.0,+0.00,-29.1,-0.21,-1.60,474,473
Dias 6,18 30 27,-12 19 40,19.588,-1.022,1580,13.81,0.91,8.78,,-28.2,8.0,,,,,1032,1032
NGC 6639,18 30 57,-13 08 59,18.91,-1.51,700,9.85,0.20,8.86,,-18.4,21.6,,7.00,2.31,-1.50,18,18
Ruprecht 141,18 31 19,-12 19 11,19.69,-1.20,5500,15.47,0.57,6.92,,-115.2,13.2,,30.70,0.57,-2.68,8,8
IC 4725,18 31 47,-19 07 00,13.702,-4.434,620,10.44,0.476,7.965,B5,-47.9,29.0,+0.17,+2.4,-4.01,-5.70,401,260
Ruprecht 142,18 32 12,-12 14 00,19.870,-1.358,1735,14.02,0.91,8.60,,-41.1,6.0,,,,,1062,1062
Ruprecht 171,18 32 12,-16 03 00,16.480,-3.116,1140,10.66,0.12,9.51,,-62.0,12.0,,,,,2536,2536
NGC 6645,18 32 37,-16 53 00,15.784,-3.587,1245,11.59,0.36,8.60,B9,-77.9,14.0,,,,,2617,2617
NGC 6647,18 32 49,-17 13 42,15.246,-3.564,2200,13.39,0.54,9.20,,-136.8,13.0,,,,,2397,2397
NGC 6649,18 33 27,-10 24 12,21.635,-0.785,1369,14.41,1.201,7.566,,-18.8,5.0,,-8.8,,,24,24
NGC 6664,18 36 42,-08 13 00,23.945,-0.491,1164,12.53,0.709,7.162,B3,-10.0,12.0,,+17.8,-0.31,-2.31,291,276
ASCC 97,18 36 57,-19 13 11,14.16,-5.56,800,10.76,0.40,7.88,,-77.5,51.6,,,-2.09,-6.21,65,65
IC 4756,18 39 00,+05 27 00,36.381,5.242,484,9.02,0.192,8.699,B7,44.2,39.0,-0.06,-25.8,-0.14,-3.40,360,266
Trumpler 34,18 39 48,-08 25 00,24.119,-1.264,1738,12.94,0.56,8.10,,-38.3,5.0,,,,,623,623
ASCC 98,18 42 35,-33 37 48,1.54,-12.94,800,9.64,0.04,8.33,,-179.1,78.0,,-54.00,+0.69,-5.26,184,184
Trumpler 35,18 42 54,-04 08 00,28.281,0.011,1206,14.18,1.218,7.862,B4,0.2,5.0,,-4.7,,,1,1
NGC 6694,18 45 18,-09 23 00,23.879,-2.914,1600,12.85,0.589,7.931,B5,-81.3,7.0,,-9.2,-1.73,-0.91,33,29
Basel 1,18 48 12,-05 51 00,27.355,-1.947,2178,13.18,0.482,7.893,B4,-74.0,5.0,,,,,849,837
ASCC 99,18 49 04,-18 43 47,15.89,-7.91,280,7.70,0.15,8.71,,-38.5,27.6,,-31.29,+6.90,-2.50,25,25
Czernik 38,18 49 42,+04 56 00,37.128,2.633,1280,13.92,1.09,9.05,,58.8,10.0,,,,,1675,1675
Ruprecht 145,18 50 34,-18 13 11,16.51,-8.01,770,10.21,0.25,8.64,,-107.3,44.4,,,6.43,-4.51,89,89
NGC 6704,18 50 45,-05 12 18,28.219,-2.218,2974,14.59,0.717,7.863,B2,-115.1,5.0,,,,,24,24
NGC 6705,18 51 05,-06 16 12,27.307,-2.776,1877,12.69,0.426,8.302,B8,-90.9,13.0,+0.13,+34.4,-4.63,-1.10,23627,21664
NGC 6709,18 51 18,+10 19 06,42.120,4.715,1075,11.10,0.304,8.178,B5,88.4,14.0,,-21.00,+0.96,-2.30,57,47
Collinder 394,18 52 28,-20 19 00,14.883,-9.236,690,9.92,0.235,7.803,,-110.7,22.0,,+6.0,-2.42,-7.20,92,62
Stephenson 1,18 53 30,+36 55 00,66.863,15.515,390,8.08,0.040,7.731,B5,104.3,20.0,,,,,186,135
NGC 6716,18 54 34,-19 54 06,15.395,-9.593,789,10.17,0.220,7.961,B5,-131.5,10.0,,,-0.87,-3.30,361,337
ESO 524-01,18 56 39,-26 57 48,9.063,-12.991,2800,13.17,0.30,9.51,,-629.4,6.0,,,,,211,211
NGC 6728,18 58 44,-08 58 12,25.74,-5.68,1000,10.47,0.15,8.93,,-99.0,15.6,,,2.25,-0.80,16,16
NGC 6738,19 01 21,+11 36 54,44.398,3.102,,,,,,,15.0,,,,,5350,5350
ASCC 100,19 01 37,+33 34 11,64.37,12.67,350,7.78,0.02,8.01,,76.8,37.2,,-22.89,+2.29,-1.51,47,47
NGC 6737,19 02 20,-18 32 59,17.434,-10.670,2120,13.99,0.76,8.70,,-392.5,8.0,,,,,522,522
NGC 6755,19 07 49,+04 16 00,38.598,-1.688,1421,13.32,0.826,7.719,B2,-41.9,14.0,,+18.7,-0.37,-3.71,16622,16604
Berkeley 82,19 11 24,+13 04 00,46.815,1.586,860,12.84,1.021,7.493,,23.8,2.0,,,,,25,25
ASCC 101,19 13 37,+36 19 48,67.99,11.59,350,7.72,0.00,8.52,,70.3,43.2,,,+0.81,+1.87,69,69
Berkeley 43,19 15 36,+11 13 00,45.652,-0.182,1355,15.37,1.52,8.60,,-4.3,5.0,,,,,840,840
Ruprecht 147,19 16 40,-16 17 59,20.99,-12.81,175,6.68,0.15,9.39,,-38.8,147.6,,41.00,-0.56,-27.74,661,661
NGC 6791,19 20 53,+37 46 18,69.959,10.904,4100,13.43,0.117,9.643,F2,775.6,10.0,+0.15,-57.00,-3.17,-7.74,8472,8377
NGC 6793,19 23 13,+22 08 23,56.16,3.32,1100,10.73,0.17,8.64,,63.7,18.0,,,3.90,+01.09,21,21
King 25,19 24 30,+13 42 00,48.865,-0.935,,,,,,,5.0,,,,,1052,1052
ASCC 102,19 24 50,+29 57 00,63.27,6.64,1500,10.88,0.00,8.79,,173.4,21.6,,,-0.41,-2.45,23,23
NGC 6800,19 27 07,+25 08 23,59.23,3.95,1000,11.24,0.40,8.59,A0,68.9,15.6,,,1.65,+04.27,22,22
ESO 525-08,19 27 17,-23 34 48,15.117,-18.027,1640,12.19,0.36,9.00,,-507.5,5.0,,,,,119,119
Berkeley 47,19 28 36,+17 22 06,52.561,-0.058,1420,14.05,1.06,8.20,,-1.4,3.0,,,,,7304,7304
King 26,19 29 00,+14 52 00,50.410,-1.339,2600,16.00,1.27,8.64,,-60.8,2.0,,,,,1792,1792
NGC 6802,19 30 35,+20 15 42,55.326,0.916,1124,12.88,0.848,8.870,B6,18.0,5.0,,,,,16,14
Stock 1,19 35 48,+25 13 00,60.247,2.257,320,7.99,0.15,,A0,12.6,80.0,,,,,160,160
ASCC 103,19 36 10,+35 40 11,69.48,7.22,700,9.23,0.00,8.37,,88.0,43.2,,,-1.35,-2.30,97,97
NGC 6811,19 37 17,+46 23 18,79.210,12.015,1215,10.92,0.160,8.799,A0,252.9,14.0,,+7.1,-5.47,-7.53,55,55
ASCC 104,19 38 52,+18 41 24,54.90,-1.55,800,10.54,0.33,7.71,,-21.6,57.6,,-5.65,-0.09,-4.65,107,107
NGC 6819,19 41 18,+40 11 12,73.978,8.481,2360,12.60,0.238,9.174,A0,348.1,5.0,+0.07,+4.8,-3.14,-3.34,7966,7797
ASCC 105,19 41 45,+27 22 47,62.78,2.16,500,8.77,0.09,8.00,,18.8,72.0,,-18.75,+0.91,-3.76,181,181
Czernik 40,19 42 36,+21 09 14,57.476,-1.100,3090,15.52,0.99,8.90,,-59.3,4.0,,,,,2355,2355
ASCC 106,19 43 08,+01 36 00,40.34,-10.73,500,9.58,0.35,8.42,,-93.1,79.2,,,-1.16,-2.74,89,89
NGC 6823,19 43 09,+23 18 00,59.402,-0.144,1893,14.01,0.845,6.820,O7,-4.8,6.0,,+11.00,-1.41,-3.04,702,563
Turner 9,19 44 49,+29 15 54,64.761,2.505,852,9.65,0.15,8.20,,37.2,33.0,,,,,29,29
Roslund 1,19 45 00,+17 31 12,54.60,-3.39,670,9.28,0.05,8.47,,-39.6,18.0,,,1.18,-7.08,20,20
Roslund 2,19 45 25,+23 55 12,60.19,-0.28,2000,14.30,0.90,6.89,,-9.8,27.6,,-5.00,-1.88,-4.24,23,23
Turner 1,19 48 25,+27 17 35,63.453,0.829,1675,12.60,0.476,7.460,,24.2,4.0,,,,,20,20
ASCC 107,19 48 32,+21 57 35,58.86,-1.89,700,9.85,0.20,8.41,,-23.1,13.2,,-7.00,+0.89,-4.48,10,10
Dias 7,19 49 21,+21 10 12,58.279,-2.454,2540,13.30,0.42,9.30,,-108.7,10.0,,,,,6877,6877
NGC 6828,19 50 16,+07 54 00,46.82,-9.27,600,9.51,0.20,8.56,,-96.7,21.6,,-21.00,-1.12,-2.90,22,22
NGC 6830,19 50 59,+23 06 00,60.135,-1.800,1639,12.63,0.501,7.572,B0,-51.5,5.0,,,+0.89,-2.76,5,5
Czernik 41,19 51 01,+25 16 07,62.005,-0.701,1360,14.64,1.28,8.70,,-16.6,7.0,,,,,762,762
Dias 8,19 52 06,+11 38 04,50.336,-7.821,2220,12.65,0.30,9.35,,-302.1,10.0,,,,,3229,3229
NGC 6834,19 52 12,+29 24 30,65.698,1.189,2067,13.77,0.708,7.883,B2,42.9,5.0,,-6.8,-1.88,-4.20,3,3
Harvard 20,19 53 06,+18 20 00,56.279,-4.654,1540,11.70,0.247,7.476,,-125.0,7.0,,,+1.07,-4.66,35,35
ASCC 108,19 53 49,+39 22 11,74.45,5.99,1100,10.36,0.05,8.64,,114.8,26.4,,,-0.21,-0.81,34,34
ASCC 109,19 53 59,+34 34 48,70.33,3.51,450,8.27,0.00,8.31,,27.6,60.0,,,+0.47,-2.23,162,162
Loiano 1,19 58 21,+32 32 24,69.053,1.704,2700,13.52,0.44,8.40,,,6.0,,,,,74,74
Roslund 3,19 58 42,+20 29 00,58.811,-4.682,1467,11.91,0.348,8.036,,-119.7,5.0,,-4.7,-1.61,-5.28,130,84
Berkeley 49,19 59 31,+34 38 48,70.985,2.575,2035,16.40,1.57,8.20,,91.4,4.0,,,,,1246,1246
Dolidze 36,20 02 24,+42 09 00,77.69,6.03,900,10.45,0.22,8.83,,94.5,20.4,,,0.19,-0.95,27,27
ASCC 110,20 02 59,+33 34 11,70.45,1.40,800,9.98,0.15,8.75,,19.5,27.6,,-20.50,+0.60,-4.41,54,54
NGC 6866,20 03 55,+44 09 30,79.560,6.839,1450,11.33,0.169,8.576,A2,172.7,14.0,,,-3.33,-5.03,44,44
Berkeley 84,20 04 43,+33 54 18,70.924,1.271,2025,13.90,0.76,8.08,,44.9,2.0,,,,,7105,7105
Alessi 10,20 04 44,-10 28 47,31.64,-20.98,513,9.23,0.22,8.71,,-183.7,20.4,,,0.70,-7.92,12,12
Roslund 4,20 04 54,+29 13 00,66.984,-1.270,2510,15.07,0.991,7.447,,-55.6,5.0,,,-1.69,-5.20,26,14
NGC 6863,20 05 07,-03 33 18,38.278,-17.996,,,,,,,2.0,,,,,110,110
Dolidze 38,20 05 34,+41 12 00,77.19,5.02,1200,10.86,0.15,8.95,,105.0,24.0,,,-3.59,-6.49,25,25
NGC 6871,20 05 59,+35 46 36,72.645,2.054,1574,12.36,0.443,6.958,O6,56.4,29.0,,-7.7,-2.89,-5.65,1991,1966
Biurakan 1,20 07 30,+35 42 00,72.74,1.76,1600,12.04,0.33,7.25,,49.1,26.4,,-8.48,-3.51,-6.24,43,43
Biurakan 2,20 09 12,+35 29 00,72.751,1.345,1106,11.33,0.360,7.011,,26.0,20.0,,,-2.52,-6.53,130,129
Berkeley 50,20 10 24,+34 58 00,72.451,0.859,2100,14.62,0.97,8.40,,31.5,2.0,,,,,6774,6774
ASCC 111,20 11 13,+37 27 00,74.62,2.08,1600,11.95,0.30,7.05,,58.1,66.0,,-14.24,-0.45,-3.90,246,246
NGC 6883,20 11 19,+35 49 54,73.278,1.175,,,,,B3,,35.0,,,-2.89,-6.53,45,45
Ruprecht 172,20 11 34,+35 35 59,73.11,1.01,1100,10.83,0.20,8.91,,19.4,19.2,,,-0.42,-3.97,32,32
Berkeley 51,20 11 54,+34 24 06,72.147,0.291,3200,17.67,1.66,8.18,,16.3,2.0,,,,,878,878
Dolidze 39,20 16 24,+37 52 00,75.536,1.453,,,,,,,12.0,,,,,19966,19966
ASCC 112,20 16 26,+52 05 59,87.47,9.30,550,8.95,0.08,8.15,,88.9,26.4,,,-0.37,-0.73,43,43
IC 4996,20 16 30,+37 38 00,75.353,1.306,1732,13.28,0.673,6.948,B0,39.5,6.0,,-22.,-0.53,-4.34,3501,3497
Melotte 227,20 17 19,-79 02 00,314.806,-30.639,120,5.52,0.04,8.57,B9,-61.2,70.0,,,,,5,5
Collinder 419,20 17 59,+40 43 12,78.07,2.79,740,10.40,0.34,6.85,B2,36.0,30.0,,-8.19,-2.56,-6.99,40,40
Berkeley 85,20 18 55,+37 45 33,75.726,0.981,1760,13.61,0.77,9.00,,30.1,10.0,,,,,1235,1235
Dolidze 42,20 19 42,+38 08 00,76.122,1.065,972,11.71,0.571,7.542,,18.1,7.0,,,,,37,37
Berkeley 86,20 20 24,+38 42 00,76.667,1.272,1112,13.01,0.898,7.116,,24.7,6.0,,-19.3,-4.09,-4.54,235,206
Berkeley 87,20 21 42,+37 22 00,75.715,0.304,633,13.25,1.369,7.152,,3.4,10.0,,,,,105,105
Collinder 421,20 23 10,+41 41 35,79.430,2.542,950,10.20,0.10,9.06,,42.1,14.4,,,-4.63,-9.73,840,826
NGC 6910,20 23 12,+40 46 42,78.683,2.013,1139,13.29,0.971,7.127,O8,40.0,10.0,,-30.00,-2.10,-5.24,213,175
NGC 6913,20 23 57,+38 30 30,76.905,0.594,1148,12.61,0.744,7.111,B0,11.9,10.0,,-34.00,-4.40,-5.22,498,371
Berkeley 89,20 24 36,+46 03 00,83.160,4.822,3005,15.58,1.03,8.93,,252.6,3.0,,,,,643,643
Roslund 6,20 28 47,+39 15 35,78.06,0.26,450,8.45,0.06,8.47,,2.0,32.4,,,5.82,+02.03,49,49
NGC 6939,20 31 30,+60 39 42,95.903,12.304,1185,11.36,0.320,9.346,B8,252.5,10.0,+0.02,-42.00,,,5425,4850
NGC 6940,20 34 26,+28 17 00,69.860,-7.147,770,10.10,0.214,8.858,B8,-95.8,25.0,+0.01,+7.7,-1.88,-8.60,453,438
Berkeley 90,20 35 18,+46 50 00,84.877,3.784,2430,15.50,1.15,8.00,,160.4,5.0,,,,,3566,3566
Alessi 12,20 43 30,+23 46 48,67.41,-11.46,537,8.90,0.08,7.90,,-106.7,60.0,,,3.75,-4.66,117,117
Roslund 7,20 52 22,+37 54 00,79.80,-4.22,700,9.85,0.20,8.67,,-51.5,51.6,,,1.20,+00.42,111,111
NGC 6991,20 54 32,+47 27 00,87.39,1.60,700,9.23,0.00,9.11,,19.5,50.4,,-6.00,7.00,+09.26,151,151
Berkeley 53,20 55 56,+51 02 48,90.293,3.749,3100,17.17,1.52,9.09,,202.7,12.0,,,,,1674,1674
NGC 6994,20 58 55,-12 38 00,35.714,-33.935,620,9.18,0.07,9.40,,-346.1,9.0,,,,,144,144
NGC 7031,21 07 12,+50 52 30,91.336,2.303,900,12.42,0.854,8.138,B5,36.2,14.0,,,,,16,15
NGC 7039,21 10 48,+45 37 00,87.879,-1.705,951,10.30,0.131,7.820,B5,-28.3,14.0,,,-0.48,-2.99,11,11
Berkeley 91,21 10 52,+48 32 00,90.064,0.132,2400,15.00,1.00,8.70,,5.5,3.0,,,,,966,966
ASCC 113,21 12 00,+38 35 59,82.88,-6.65,450,8.27,0.00,8.14,,-52.1,56.4,,,+1.04,-4.22,123,123
NGC 7044,21 13 09,+42 29 42,85.890,-4.150,3161,14.33,0.590,9.279,,-228.8,6.0,,,,,2799,2799
Berkeley 55,21 16 58,+51 45 32,93.027,1.798,1210,15.81,1.74,8.50,,38.0,5.0,,,,,585,585
NGC 7058,21 21 53,+50 49 11,92.90,0.59,400,8.20,0.06,8.35,,4.1,9.6,,,7.33,+03.18,8,8
NGC 7062,21 23 27,+46 22 42,89.959,-2.748,1480,12.25,0.452,8.465,A1,-71.0,5.0,,,-2.52,-5.83,25,25
NGC 7063,21 24 21,+36 29 12,83.058,-9.883,689,9.47,0.091,7.977,B8,-118.3,9.0,,,+0.64,-2.10,35,31
NGC 7067,21 24 23,+48 00 36,91.216,-1.695,3600,15.11,0.75,8.00,B0,-39.4,3.0,,,,,14,11
NGC 7082,21 29 17,+47 07 36,91.199,-2.905,1442,11.53,0.237,8.233,,-73.1,25.0,-0.01,,-0.71,-4.27,70,70
Platais 1,21 30 02,+48 58 36,92.561,-1.646,1268,11.62,0.357,8.244,,-36.4,10.0,,,-3.73,-3.97,127,121
NGC 7086,21 30 27,+51 36 00,94.407,0.220,1298,13.07,0.807,8.142,A5,5.0,12.0,,-5.6,+0.98,+0.22,155,136
NGC 7092,21 31 48,+48 26 00,92.403,-2.242,326,7.61,0.013,8.445,A0,-12.8,29.0,,-7.5,-7.90,-20.10,234,211
Trumpler 37,21 39 06,+57 30 00,99.312,3.734,835,11.07,0.470,7.054,O6,54.4,89.0,,+22.3,-1.58,-1.70,186,186
ASCC 114,21 40 01,+53 58 12,97.07,1.00,550,9.51,0.26,7.75,,9.6,19.2,,-22.00,-3.62,-3.38,23,23
NGC 7129,21 42 59,+66 06 48,105.404,9.885,,,,,,,7.0,,,,,29,28
NGC 7128,21 43 57,+53 42 54,97.342,0.429,2307,14.97,1.018,7.254,B2,17.3,4.0,,-48.0,,,3,3
NGC 7142,21 45 09,+65 46 30,105.347,9.485,1686,12.36,0.397,9.276,F3,277.8,12.0,+0.04,,,,47,44
IC 5146,21 53 24,+47 16 00,94.383,-5.495,852,11.49,0.593,6.00,B1,-81.6,20.0,,,-1.77,-1.70,830,732
NGC 7160,21 53 40,+62 36 12,104.012,6.457,789,10.65,0.375,7.278,B1,88.7,5.0,,-20.00,-1.57,-1.60,45,45
Berkeley 93,21 56 12,+63 56 00,105.072,7.319,5600,18.39,1.5,8.0,,713.4,2.0,,,,,216,216
ASCC 115,21 56 52,+51 28 47,97.45,-2.54,600,9.36,0.15,8.59,,-26.6,19.2,,-9.00,+0.15,-1.28,21,21
ASCC 116,21 58 33,+54 29 24,99.49,-0.32,5000,15.08,0.51,7.03,,-27.9,21.6,,-30.60,-3.51,-4.74,31,31
ASCC 117,22 04 58,+62 16 12,104.85,5.39,1200,11.33,0.30,6.67,,112.7,42.0,,-11.39,-2.31,+0.03,59,59
NGC 7209,22 05 07,+46 29 00,95.496,-7.339,1168,10.86,0.168,8.617,B9,-149.2,14.0,,,+1.53,+1.30,150,97
ASCC 118,22 08 23,+61 05 59,104.48,4.21,900,10.70,0.30,7.02,,66.1,25.2,,-42.00,-2.19,-4.03,26,26
IC 1434,22 10 30,+52 50 00,99.937,-2.700,,,,,,,6.0,,,,,30965,30132
NGC 7235,22 12 25,+57 16 12,102.701,0.782,2823,15.15,0.934,7.072,B0,38.5,5.0,,-52.00,-4.03,-2.11,570,564
NGC 7243,22 15 08,+49 53 54,98.857,-5.524,808,10.22,0.220,8.058,B7,-77.8,29.0,,-16.00,-0.46,-1.20,2762,2619
NGC 7245,22 15 11,+54 20 36,101.368,-1.852,2106,13.08,0.473,8.246,,-68.1,5.0,,,,,1304,1304
IC 1442,22 16 30,+54 03 00,101.363,-2.203,2346,13.53,0.541,6.982,,-90.2,5.0,,,-2.92,-2.82,115,113
Pismis-Moreno 1,22 18 46,+63 16 12,106.72,5.31,900,11.32,0.50,7.55,,83.3,19.2,,-23.25,0.31,-0.39,19,19
ASCC 119,22 19 11,+46 54 00,97.73,-8.39,1000,10.31,0.10,8.83,,-145.9,25.2,,,-6.15,-6.06,29,29
NGC 7261,22 20 11,+58 07 18,104.037,0.910,1681,14.13,0.969,7.670,B2,26.7,5.0,,,,,18,17
Berkeley 94,22 22 42,+55 51 00,103.095,-1.185,2630,13.98,0.608,6.996,,-54.4,3.0,,,+3.32,-1.10,65,65
NGC 7281,22 25 19,+57 49 11,104.44,0.29,1620,12.60,0.50,7.86,,8.2,24.0,,,-0.46,-2.41,33,33
NGC 7296,22 28 02,+52 19 00,101.882,-4.595,2390,12.80,0.15,8.00,,-191.5,4.0,,,,,290,213
Berkeley 95,22 28 18,+59 08 00,105.471,1.203,3260,16.80,1.36,7.55,,68.4,3.0,,,,,3749,2126
Berkeley 96,22 29 24,+55 24 00,103.661,-2.066,3087,14.40,0.630,6.822,,-111.3,2.0,,,,,10,10
ASCC 120,22 30 36,+57 12 35,104.73,-0.60,2500,13.91,0.62,7.08,,-26.2,36.0,,-60.79,-2.99,-1.54,59,59
ASCC 121,22 30 43,+54 54 00,103.56,-2.59,2500,12.92,0.30,7.73,,-113.0,27.6,,-64.30,-2.49,-0.70,44,44
ASCC 122,22 33 14,+39 36 36,95.91,-15.90,700,9.53,0.10,6.98,,-191.8,86.4,,-8.17,-0.29,-4.19,155,155
Berkeley 97,22 39 30,+59 01 00,106.656,0.379,1800,13.60,0.75,7.30,,11.9,2.0,,,,,3433,3433
ASCC 123,22 42 35,+54 15 35,104.74,-4.00,250,7.30,0.10,8.41,,-17.4,153.6,,-6.46,+12.50,-1.06,960,960
Berkeley 98,22 42 38,+52 23 16,103.856,-5.648,3730,13.26,0.13,9.40,,-367.1,14.0,,,,,2171,2171
NGC 7380,22 47 21,+58 07 54,107.141,-0.884,2222,13.60,0.602,7.077,O6,-34.3,20.0,,-39.00,-1.74,-2.52,947,896
ASCC 124,22 48 07,+46 15 00,101.73,-11.48,600,9.36,0.15,8.48,,-119.4,36.0,,,+1.34,-2.41,32,32
King 18,22 52 06,+58 17 00,107.768,-1.031,2340,13.80,0.63,8.40,,-42.1,5.0,,,,,5227,3677
NGC 7419,22 54 20,+60 48 54,109.134,1.120,1382,16.37,1.828,7.283,,27.0,5.0,,,,,1850,1820
King 10,22 54 54,+59 10 00,108.481,-0.396,3379,16.17,1.138,7.446,,-23.4,4.0,,,,,9,9
ASCC 125,22 56 16,+62 45 00,110.17,2.76,1500,13.08,0.71,7.01,,72.2,66.0,,-17.93,-2.23,-3.44,101,101
NGC 7438,22 57 21,+54 20 24,106.70,-4.90,600,10.13,0.40,8.93,,-51.3,27.6,,,1.53,-1.18,48,48
ASCC 126,23 06 17,+51 02 59,106.58,-8.46,800,9.82,0.10,7.26,,-117.7,36.0,,-12.69,-0.66,-3.01,54,54
King 19,23 08 18,+60 31 00,110.570,0.144,1967,13.16,0.547,8.557,B6,4.9,5.0,,,+6.48,+5.98,449,437
ASCC 127,23 08 23,+64 50 59,112.26,4.13,350,8.03,0.10,7.82,,25.2,86.4,,-8.24,+6.89,-2.23,146,146
NGC 7510,23 11 03,+60 34 12,110.903,0.064,2075,14.24,0.855,7.578,O9,2.3,6.0,,,,,19,18
Markarian 50,23 15 18,+60 28 00,111.350,-0.225,2114,14.14,0.810,7.095,B0,-8.3,2.0,,,,,1107,1107
ASCC 128,23 20 34,+54 35 59,109.93,-5.96,900,10.17,0.13,8.44,,-93.5,42.0,,,-1.08,-1.57,74,74
NGC 7654,23 24 48,+61 35 36,112.819,0.434,1421,12.77,0.646,7.764,B6,10.8,15.0,,-35.5,-0.56,+0.90,8109,7462
Czernik 43,23 25 48,+61 19 11,112.841,0.134,2500,14.16,0.70,7.70,,5.7,20.4,,-58.05,-2.77,-2.20,20979,20977
Berkeley 100,23 25 58,+63 46 48,113.660,2.458,3355,16.38,1.21,8.20,,143.9,2.0,,,,,2702,2702
ASCC 129,23 28 01,+55 35 59,111.27,-5.37,1000,10.56,0.18,8.69,,-93.6,25.2,,,-1.07,-4.12,34,34
NGC 7686,23 30 07,+49 08 00,109.513,-11.608,,,,,A0,,14.0,,,,,33,33
Berkeley 101,23 32 47,+64 12 30,114.504,2.631,2500,15.43,1.11,8.85,,114.8,2.0,,,,,2754,2754
King 20,23 33 17,+58 28 33,112.848,-2.857,1900,13.41,0.65,8.30,,-94.7,5.0,,,,,1276,857
Czernik 44,23 33 30,+61 57 00,113.908,0.452,,,,,,,4.0,,,,,14874,14874
Stock 12,23 35 34,+52 41 23,111.44,-8.48,400,8.16,0.05,8.45,B9,-59.0,44.4,,,7.92,-1.81,61,61
Aveni-Hunter 1,23 37 48,+48 31 12,110.55,-12.58,500,8.80,0.10,8.26,,-108.9,47.0,,,,,94,94
Berkeley 102,23 38 42,+56 38 00,113.013,-4.831,2600,14.20,0.69,8.78,,-219.0,5.0,,,,,18178,16573
Berkeley 103,23 45 12,+59 18 00,114.557,-2.490,2100,14.70,1.00,8.70,,-91.2,2.0,,,,,2511,2511
Stock 17,23 46 00,+62 11 00,115.123,0.319,2144,13.94,0.736,6.775,B0,11.9,1.0,,,,,8,8
King 11,23 47 48,+68 38 00,117.163,6.477,2892,16.24,1.270,9.699,,326.2,5.0,-0.23,-34.00,,,1971,1971
King 21,23 49 56,+62 41 54,115.946,0.663,2103,14.36,0.886,7.163,B0,25.0,4.0,,,,,48,26
NGC 7762,23 50 01,+68 02 18,117.219,5.851,744,11.56,0.710,8.425,,75.8,14.0,,,,,1765,1741
NGC 7772,23 51 46,+16 14 48,102.740,-44.273,1500,10.97,0.03,9.17,,-1047.1,3.0,,,,,15,15
ASCC 130,23 52 47,+62 26 23,116.20,0.33,3400,14.27,0.52,7.03,,19.6,18.0,,,-1.22,+0.35,19,19
King 12,23 53 00,+61 58 00,116.124,-0.130,2378,13.71,0.590,7.037,,-5.4,3.0,,,,,19,19
NGC 7788,23 56 45,+61 23 54,116.434,-0.782,2374,12.75,0.283,7.593,B4,-32.4,4.0,,,-3.07,-1.71,12,12
NGC 7789,23 57 24,+56 42 30,115.532,-5.385,2337,12.52,0.217,9.235,B9,-219.3,25.0,-0.08,-64.00,,,560,558
Frolov 1,23 57 25,+61 37 48,116.56,-0.57,2560,13.90,0.60,7.66,,-25.5,18.0,,,-5.91,-1.35,15,15
NGC 7790,23 58 24,+61 12 30,116.589,-1.008,2944,13.99,0.531,7.749,B4,-51.8,5.0,,-78.0,-0.73,-2.14,1501,924
